route_id,hour,route_hour_skip_rate,route_hour_count
9011001000100000,3,0.0,1267
9011001000100000,4,0.0,3535
9011001000100000,5,0.0012612612612612612,5550
9011001000100000,6,0.0,7026
9011001000100000,7,0.0,6247
9011001000100000,8,0.0,5599
9011001000100000,9,0.0,5827
9011001000100000,10,0.0,5757
9011001000100000,11,0.0005417118093174431,5538
9011001000100000,12,0.027047192687931355,5361
9011001000100000,13,0.01908080305292849,6027
9011001000100000,14,0.02516411378555799,7312
9011001000100000,15,0.011883912934701027,7994
9011001000100000,16,0.0017536168347216134,6843
9011001000100000,17,0.0,5127
9011001000100000,18,0.011485642946317104,4005
9011001000100000,19,0.002473410833539451,4043
9011001000100000,20,0.0,3946
9011001000100000,21,0.0,4004
9011001000100000,22,0.0,3064
9011001000100000,23,0.0,714
9011001000200000,3,0.0,882
9011001000200000,4,0.0,2317
9011001000200000,5,0.0,3880
9011001000200000,6,0.0034035311635822164,4701
9011001000200000,7,0.0,3899
9011001000200000,8,0.0,3749
9011001000200000,9,0.0,3914
9011001000200000,10,0.007928118393234672,3784
9011001000200000,11,0.038082191780821915,3650
9011001000200000,12,0.04394066610691296,3573
9011001000200000,13,0.04890096320079032,4049
9011001000200000,14,0.04477611940298507,4824
9011001000200000,15,0.022168963451168363,5007
9011001000200000,16,0.009424083769633508,4775
9011001000200000,17,0.0,2985
9011001000200000,18,0.0,2222
9011001000200000,19,0.0,2360
9011001000200000,20,0.0,2343
9011001000200000,21,0.0,2537
9011001000200000,22,0.0,1872
9011001000200000,23,0.0,434
9011001000300000,3,0.0,1162
9011001000300000,4,0.0,3064
9011001000300000,5,0.0026490066225165563,4530
9011001000300000,6,0.0,5261
9011001000300000,7,0.0,4642
9011001000300000,8,0.0,4384
9011001000300000,9,0.007982261640798226,4510
9011001000300000,10,0.0,4530
9011001000300000,11,0.0,4379
9011001000300000,12,0.0,4255
9011001000300000,13,0.003380519754912318,4733
9011001000300000,14,0.005015224789539674,5583
9011001000300000,15,0.012580645161290323,6200
9011001000300000,16,0.01597966224804794,5507
9011001000300000,17,0.00502652890254119,3581
9011001000300000,18,0.0015117157974300832,2646
9011001000300000,19,0.0,2729
9011001000300000,20,0.0,2811
9011001000300000,21,0.0,3230
9011001000300000,22,0.0,1981
9011001000300000,23,0.0,18
9011001000400000,3,0.0,1893
9011001000400000,4,0.0,3389
9011001000400000,5,0.0,4833
9011001000400000,6,0.0029282576866764276,6147
9011001000400000,7,0.0027638624978407324,5789
9011001000400000,8,0.0,5286
9011001000400000,9,0.0007390983000739098,5412
9011001000400000,10,0.0009475080538184574,5277
9011001000400000,11,0.014541167223423069,5089
9011001000400000,12,0.018943170488534396,5015
9011001000400000,13,0.023805095778315046,5377
9011001000400000,14,0.0120110371692907,6161
9011001000400000,15,0.0027343156615524835,6583
9011001000400000,16,0.007659574468085106,5875
9011001000400000,17,0.0,4083
9011001000400000,18,0.0,3583
9011001000400000,19,0.004871447902571042,3695
9011001000400000,20,0.015349773527931555,3974
9011001000400000,21,0.013046629620681325,4139
9011001000400000,22,0.002892030848329049,3112
9011001000400000,23,0.0,961
9011001000500000,3,0.0,484
9011001000500000,4,0.0,1944
9011001000500000,5,0.0,2757
9011001000500000,6,0.0,2893
9011001000500000,7,0.0,2492
9011001000500000,8,0.0,2385
9011001000500000,9,0.0,2352
9011001000500000,10,0.0,2293
9011001000500000,11,0.0,2237
9011001000500000,12,0.0,2230
9011001000500000,13,0.0,2338
9011001000500000,14,0.011266643905769888,2929
9011001000500000,15,0.01408901697086135,3123
9011001000500000,16,0.0,2474
9011001000500000,17,0.0,1987
9011001000500000,18,0.0,1973
9011001000500000,19,0.0,2012
9011001000500000,20,0.0,2166
9011001000500000,21,0.0,2128
9011001000500000,22,0.0,1115
9011001000500000,23,0.0,275
9011001000600000,3,0.0,566
9011001000600000,4,0.0,1880
9011001000600000,5,0.0,2839
9011001000600000,6,0.0021718895439031957,3223
9011001000600000,7,0.0,2941
9011001000600000,8,0.0,2652
9011001000600000,9,0.0,2685
9011001000600000,10,0.0,2459
9011001000600000,11,0.027251184834123223,2532
9011001000600000,12,0.019747899159663865,2380
9011001000600000,13,0.017907303370786515,2848
9011001000600000,14,0.025572405590246802,3363
9011001000600000,15,0.003920470456454775,3571
9011001000600000,16,0.000949667616334283,3159
9011001000600000,17,0.0,2358
9011001000600000,18,0.0,2076
9011001000600000,19,0.002275830678197542,2197
9011001000600000,20,0.0017738359201773836,2255
9011001000600000,21,0.013541239228559704,2437
9011001000600000,22,0.002973240832507433,1009
9011001000600000,23,0.0,225
9011001000700000,0,0.0,117
9011001000700000,3,0.0,335
9011001000700000,4,0.0,805
9011001000700000,5,0.0,1309
9011001000700000,6,0.0,1736
9011001000700000,7,0.0,1892
9011001000700000,8,0.004754358161648178,1893
9011001000700000,9,0.006259780907668232,1917
9011001000700000,10,0.0,2109
9011001000700000,11,0.016218721037998145,2158
9011001000700000,12,0.02086230876216968,2157
9011001000700000,13,0.026493039964077234,2227
9011001000700000,14,0.028381374722838137,2255
9011001000700000,15,0.013711151736745886,2188
9011001000700000,16,0.03079794680354643,2143
9011001000700000,17,0.02888781896966779,2077
9011001000700000,18,0.0,1967
9011001000700000,19,0.0,2055
9011001000700000,20,0.0019147917663954045,2089
9011001000700000,21,0.0033832769453842437,2069
9011001000700000,22,0.0,940
9011001000700000,23,0.0,610
9011001001000000,0,0.0,206
9011001001000000,1,0.0,181
9011001001000000,2,0.0,125
9011001001000000,3,0.001597444089456869,1252
9011001001000000,4,0.001075268817204301,2790
9011001001000000,5,0.0,3082
9011001001000000,6,0.0022082018927444794,3170
9011001001000000,7,0.00030759766225776686,3251
9011001001000000,8,0.0,2802
9011001001000000,9,0.0,2681
9011001001000000,10,0.0,2731
9011001001000000,11,0.0007462686567164179,2680
9011001001000000,12,0.00035650623885918,2805
9011001001000000,13,0.0005742176284811944,3483
9011001001000000,14,0.0,3502
9011001001000000,15,0.0013931457230426303,3589
9011001001000000,16,0.0002901073397156948,3447
9011001001000000,17,0.0,2993
9011001001000000,18,0.0006879944960440316,2907
9011001001000000,19,0.0,2283
9011001001000000,20,0.000998003992015968,2004
9011001001000000,21,0.0,2351
9011001001000000,22,0.0009606147934678194,1041
9011001001000000,23,0.0018726591760299626,534
9011001001100000,0,0.0,216
9011001001100000,1,0.0,139
9011001001100000,2,0.0,122
9011001001100000,3,0.003395585738539898,1178
9011001001100000,4,0.006481128478841022,2623
9011001001100000,5,0.004334778259419807,2999
9011001001100000,6,0.0026595744680851063,3008
9011001001100000,7,0.0013175230566534915,3036
9011001001100000,8,0.0035074045206547155,2566
9011001001100000,9,0.0,2435
9011001001100000,10,0.0008090614886731392,2472
9011001001100000,11,0.0003937007874015748,2540
9011001001100000,12,0.0011705033164260631,2563
9011001001100000,13,0.0009699321047526673,3093
9011001001100000,14,0.00029806259314456036,3355
9011001001100000,15,0.001528584530724549,3271
9011001001100000,16,0.0021511985248924403,3254
9011001001100000,17,0.00035112359550561797,2848
9011001001100000,18,0.00149812734082397,2670
9011001001100000,19,0.0,2082
9011001001100000,20,0.0,2056
9011001001100000,21,0.0013999066728884741,2143
9011001001100000,22,0.0,1037
9011001001100000,23,0.0,508
9011001001300000,0,0.003913894324853229,511
9011001001300000,1,0.0,335
9011001001300000,2,0.0,323
9011001001300000,3,0.0,2682
9011001001300000,4,0.0019204916458613404,5207
9011001001300000,5,0.0008685941183769699,8059
9011001001300000,6,0.002110752421157189,8054
9011001001300000,7,0.0,6719
9011001001300000,8,0.0,5068
9011001001300000,9,0.0008261049153242462,4842
9011001001300000,10,0.0006047167909695626,4961
9011001001300000,11,0.001970055161544523,5076
9011001001300000,12,0.0,5041
9011001001300000,13,0.0034033737792246227,6758
9011001001300000,14,0.0056524353577871314,8315
9011001001300000,15,0.0002256317689530686,8864
9011001001300000,16,0.000708215297450425,8472
9011001001300000,17,0.0,5666
9011001001300000,18,0.0,5366
9011001001300000,19,0.0,5399
9011001001300000,20,0.0,4284
9011001001300000,21,0.0,3998
9011001001300000,22,0.0,2058
9011001001300000,23,0.008213552361396304,974
9011001001400000,0,0.0,432
9011001001400000,1,0.0,216
9011001001400000,2,0.0,214
9011001001400000,3,0.0,1920
9011001001400000,4,0.005812417437252312,3785
9011001001400000,5,0.00016007683688170322,6247
9011001001400000,6,0.001594896331738437,6270
9011001001400000,7,0.0011746937405604967,5959
9011001001400000,8,0.003029155622870125,5282
9011001001400000,9,0.0007131395970761277,5609
9011001001400000,10,0.0,5830
9011001001400000,11,0.0,5940
9011001001400000,12,0.0,5899
9011001001400000,13,0.002576074706166479,6211
9011001001400000,14,0.0015609479211011778,7047
9011001001400000,15,0.001095290251916758,7304
9011001001400000,16,0.003628666465074085,6614
9011001001400000,17,0.002849002849002849,5967
9011001001400000,18,0.0,5876
9011001001400000,19,0.0,4414
9011001001400000,20,0.0,3049
9011001001400000,21,0.0,3227
9011001001400000,22,0.0,1608
9011001001400000,23,0.0,737
9011001001700000,0,0.0,221
9011001001700000,1,0.0,282
9011001001700000,2,0.0,296
9011001001700000,3,0.003589053387169134,2229
9011001001700000,4,0.00022763487366264513,4393
9011001001700000,5,0.0,6165
9011001001700000,6,0.004955242966751918,6256
9011001001700000,7,0.0037472321580650655,5871
9011001001700000,8,0.0,4963
9011001001700000,9,0.0,4563
9011001001700000,10,0.0,4727
9011001001700000,11,0.0013015184381778742,4610
9011001001700000,12,0.0,4945
9011001001700000,13,0.0,6595
9011001001700000,14,0.005579578741804994,7169
9011001001700000,15,0.0024545192030031764,6926
9011001001700000,16,0.00478321246721185,6481
9011001001700000,17,0.0,5116
9011001001700000,18,0.0012981393336218088,4622
9011001001700000,19,0.0,4849
9011001001700000,20,0.0,3773
9011001001700000,21,0.0,4041
9011001001700000,22,0.014736842105263158,1900
9011001001700000,23,0.03695652173913044,460
9011001001800000,0,0.0332541567695962,421
9011001001800000,1,0.0,334
9011001001800000,2,0.0,305
9011001001800000,3,0.0,1784
9011001001800000,4,0.0,4983
9011001001800000,5,0.0019504876219054764,6665
9011001001800000,6,0.00599678221442153,6837
9011001001800000,7,0.00043731778425655976,6860
9011001001800000,8,0.006735266604303087,5345
9011001001800000,9,0.0010888501742160278,4592
9011001001800000,10,0.0,4677
9011001001800000,11,0.0,4832
9011001001800000,12,0.0014939309056956115,5355
9011001001800000,13,0.006556353418669997,6406
9011001001800000,14,0.002628120893561104,7610
9011001001800000,15,0.006633291614518148,7990
9011001001800000,16,0.0009435233859010648,7419
9011001001800000,17,0.0,5756
9011001001800000,18,0.00117096018735363,5124
9011001001800000,19,0.0,5205
9011001001800000,20,0.0,4129
9011001001800000,21,0.0,3907
9011001001800000,22,0.0,2232
9011001001800000,23,0.04,900
9011001001900000,0,0.0,436
9011001001900000,1,0.0,254
9011001001900000,2,0.0,226
9011001001900000,3,0.0,2861
9011001001900000,4,0.0017525411847178409,5706
9011001001900000,5,0.011555127587867116,6231
9011001001900000,6,0.005906238464377999,8127
9011001001900000,7,0.008465167915625868,7206
9011001001900000,8,0.0012408872343725764,6447
9011001001900000,9,0.0,6460
9011001001900000,10,0.0,6633
9011001001900000,11,0.0017411491584445734,6892
9011001001900000,12,0.0,6724
9011001001900000,13,0.0002712600027126,7373
9011001001900000,14,0.0044922567679394725,8459
9011001001900000,15,0.0029738958035025885,9079
9011001001900000,16,0.0018913807079167792,7402
9011001001900000,17,0.0002777777777777778,7200
9011001001900000,18,0.0037873474540608782,7129
9011001001900000,19,0.0,6318
9011001001900000,20,0.0,5095
9011001001900000,21,0.0,4724
9011001001900000,22,0.0,2976
9011001001900000,23,0.0,1015
9011001002100000,3,0.0,383
9011001002100000,4,0.0,1486
9011001002100000,5,0.0,2409
9011001002100000,6,0.0,2394
9011001002100000,7,0.0,2285
9011001002100000,8,0.0,2031
9011001002100000,9,0.0,2041
9011001002100000,10,0.0,2101
9011001002100000,11,0.0,2085
9011001002100000,12,0.0,2174
9011001002100000,13,0.0,2435
9011001002100000,14,0.0026985350809560524,2594
9011001002100000,15,0.0,2633
9011001002100000,16,0.0,2540
9011001002100000,17,0.0,2158
9011001002100000,18,0.0,1471
9011001002100000,19,0.0,1404
9011001002100000,20,0.0,1124
9011001002100000,21,0.0,1100
9011001002100000,22,0.0,859
9011001002100000,23,0.0,480
9011001002500000,2,0.0,22
9011001002500000,3,0.0,319
9011001002500000,4,0.0,700
9011001002500000,5,0.0,899
9011001002500000,6,0.0,896
9011001002500000,7,0.0,837
9011001002500000,8,0.008888888888888889,900
9011001002500000,9,0.0,915
9011001002500000,10,0.0,901
9011001002500000,11,0.0,912
9011001002500000,12,0.0,938
9011001002500000,13,0.0,946
9011001002500000,14,0.0,955
9011001002500000,15,0.0,961
9011001002500000,16,0.0,971
9011001002500000,17,0.0032858707557502738,913
9011001002500000,18,0.0,906
9011001002500000,19,0.0,889
9011001002500000,20,0.0,684
9011001002500000,21,0.0,807
9011001002500000,22,0.0,539
9011001002500000,23,0.0,128
9011001002600000,2,0.0,116
9011001002600000,3,0.0,419
9011001002600000,4,0.0,462
9011001002600000,5,0.0,463
9011001002600000,6,0.0,439
9011001002600000,7,0.0,444
9011001002600000,8,0.0,446
9011001002600000,9,0.0,440
9011001002600000,10,0.0,461
9011001002600000,11,0.0,462
9011001002600000,12,0.0,442
9011001002600000,13,0.0,488
9011001002600000,14,0.006134969325153374,489
9011001002600000,15,0.0,515
9011001002600000,16,0.0,480
9011001002600000,17,0.0,514
9011001002600000,18,0.0,468
9011001002600000,19,0.0,434
9011001002600000,20,0.0,648
9011001002600000,21,0.0,395
9011001002600000,22,0.0,415
9011001002600000,23,0.0,345
9011001002700000,0,0.0,36
9011001002700000,2,0.0,5
9011001002700000,3,0.0,854
9011001002700000,4,0.0,1552
9011001002700000,5,0.0,1733
9011001002700000,6,0.0029069767441860465,1720
9011001002700000,7,0.002880184331797235,1736
9011001002700000,8,0.004139562389118865,1691
9011001002700000,9,0.002880184331797235,1736
9011001002700000,10,0.0017201834862385322,1744
9011001002700000,11,0.003912800447177194,1789
9011001002700000,12,0.002868617326448652,1743
9011001002700000,13,0.0,1890
9011001002700000,14,0.0009915716410510659,2017
9011001002700000,15,0.0,2012
9011001002700000,16,0.0,2013
9011001002700000,17,0.0,2075
9011001002700000,18,0.0,2232
9011001002700000,19,0.0,1711
9011001002700000,20,0.0,1694
9011001002700000,21,0.0,1875
9011001002700000,22,0.0,1350
9011001002700000,23,0.0,835
9011001002700000-27S,4,0.0,463
9011001002700000-27S,5,0.0,1268
9011001002700000-27S,6,0.0,1318
9011001002700000-27S,7,0.0,1258
9011001002700000-27S,8,0.0,1238
9011001002700000-27S,9,0.0,1198
9011001002700000-27S,10,0.0,1229
9011001002700000-27S,11,0.0,1251
9011001002700000-27S,12,0.0,1265
9011001002700000-27S,13,0.0,1332
9011001002700000-27S,14,0.0,1364
9011001002700000-27S,15,0.0,1329
9011001002700000-27S,16,0.0,1323
9011001002700000-27S,17,0.0,1197
9011001002700000-27S,18,0.0,321
9011001002800000,0,0.0,74
9011001002800000,3,0.0,890
9011001002800000,4,0.0,1675
9011001002800000,5,0.0,1709
9011001002800000,6,0.0029291154071470417,1707
9011001002800000,7,0.0,1584
9011001002800000,8,0.0,1641
9011001002800000,9,0.0,1703
9011001002800000,10,0.0023323615160349854,1715
9011001002800000,11,0.014857142857142857,1750
9011001002800000,12,0.0,1661
9011001002800000,13,0.0,1744
9011001002800000,14,0.0,1751
9011001002800000,15,0.0,1762
9011001002800000,16,0.0,1780
9011001002800000,17,0.0,1799
9011001002800000,18,0.0,1446
9011001002800000,19,0.0,1529
9011001002800000,20,0.0,1616
9011001002800000,21,0.0,1716
9011001002800000,22,0.0,1232
9011001002800000,23,0.0,883
9011001002800000-28S,4,0.0,508
9011001002800000-28S,5,0.0,1364
9011001002800000-28S,6,0.0013513513513513514,1480
9011001002800000-28S,7,0.0,1475
9011001002800000-28S,8,0.0,1399
9011001002800000-28S,9,0.0,1397
9011001002800000-28S,10,0.0035410764872521247,1412
9011001002800000-28S,11,0.00715307582260372,1398
9011001002800000-28S,12,0.0,1485
9011001002800000-28S,13,0.0,1608
9011001002800000-28S,14,0.0,1703
9011001002800000-28S,15,0.0,1628
9011001002800000-28S,16,0.0,1679
9011001002800000-28S,17,0.0,1674
9011001002800000-28S,18,0.0,1159
9011001002800000-28S,19,0.0,209
9011001002900000,0,0.0,26
9011001002900000,3,0.0,296
9011001002900000,4,0.0,694
9011001002900000,5,0.0,969
9011001002900000,6,0.0,936
9011001002900000,7,0.0,919
9011001002900000,8,0.0,900
9011001002900000,9,0.0,951
9011001002900000,10,0.0,945
9011001002900000,11,0.0,957
9011001002900000,12,0.0,954
9011001002900000,13,0.0,972
9011001002900000,14,0.0,953
9011001002900000,15,0.0,968
9011001002900000,16,0.0,966
9011001002900000,17,0.0,928
9011001002900000,18,0.0,772
9011001002900000,19,0.0,825
9011001002900000,20,0.0,854
9011001002900000,21,0.0,941
9011001002900000,22,0.0,720
9011001002900000,23,0.0,177
9011001003000000,0,0.0,351
9011001003000000,2,0.0,70
9011001003000000,3,0.0,2334
9011001003000000,4,0.0,5079
9011001003000000,5,0.0,6070
9011001003000000,6,0.00314070351758794,6368
9011001003000000,7,0.0016886705557261283,6514
9011001003000000,8,0.0,6116
9011001003000000,9,0.0,6043
9011001003000000,10,0.0,6211
9011001003000000,11,0.00047831632653061223,6272
9011001003000000,12,0.0,6557
9011001003000000,13,0.0,6998
9011001003000000,14,0.0021511544528897177,6973
9011001003000000,15,0.0,6977
9011001003000000,16,0.0,6961
9011001003000000,17,0.0,6009
9011001003000000,18,0.0,5533
9011001003000000,19,0.0,5749
9011001003000000,20,0.0,5762
9011001003000000,21,0.00815275691911607,4661
9011001003000000,22,0.0,3174
9011001003000000,23,0.0,2188
9011001003100000,3,0.0,362
9011001003100000,4,0.0,664
9011001003100000,5,0.0,652
9011001003100000,6,0.0,711
9011001003100000,7,0.0,692
9011001003100000,8,0.0,706
9011001003100000,9,0.0,662
9011001003100000,10,0.0,708
9011001003100000,11,0.0,746
9011001003100000,12,0.0,717
9011001003100000,13,0.0,746
9011001003100000,14,0.0,712
9011001003100000,15,0.0,734
9011001003100000,16,0.0,729
9011001003100000,17,0.0,706
9011001003100000,18,0.0,723
9011001003100000,19,0.0,832
9011001003100000,20,0.0,805
9011001003100000,21,0.0,359
9011001004000000,0,0.0,182
9011001004000000,1,0.0,50
9011001004000000,2,0.0,162
9011001004000000,3,0.0007936507936507937,1260
9011001004000000,4,0.0,1627
9011001004000000,5,0.0,1595
9011001004000000,6,0.0,1513
9011001004000000,7,0.0,1551
9011001004000000,8,0.0037593984962406013,1330
9011001004000000,9,0.008527131782945736,1290
9011001004000000,10,0.004434589800443459,1353
9011001004000000,11,0.006711409395973154,1341
9011001004000000,12,0.009565857247976454,1359
9011001004000000,13,0.0019083969465648854,1572
9011001004000000,14,0.003234152652005175,1546
9011001004000000,15,0.016318537859007835,1532
9011001004000000,16,0.00428921568627451,1632
9011001004000000,17,0.00818639798488665,1588
9011001004000000,18,0.00373366521468575,1607
9011001004000000,19,0.0,1764
9011001004000000,20,0.0,1847
9011001004000000,21,0.00824317362184441,1941
9011001004000000,22,0.006756756756756757,888
9011001004000000,23,0.0,328
9011001004100000,0,0.0,79
9011001004100000,1,0.0,12
9011001004100000,2,0.023809523809523808,168
9011001004100000,3,0.017079419299743808,1171
9011001004100000,4,0.0003223726627981947,3102
9011001004100000,5,0.0,3545
9011001004100000,6,0.007974481658692184,3762
9011001004100000,7,0.007144820005496016,3639
9011001004100000,8,0.010194015126603092,3041
9011001004100000,9,0.005211952744961779,2878
9011001004100000,10,0.011132940406024885,3054
9011001004100000,11,0.014469453376205787,3110
9011001004100000,12,0.013429106808244847,3202
9011001004100000,13,0.010357327809425169,3862
9011001004100000,14,0.005780346820809248,3979
9011001004100000,15,0.02144103714784343,4011
9011001004100000,16,0.019082001031459517,3878
9011001004100000,17,0.014222503160556258,3164
9011001004100000,18,0.005610561056105611,3030
9011001004100000,19,0.0026646364674533687,2627
9011001004100000,20,0.0,2101
9011001004100000,21,0.0,2324
9011001004100000,22,0.0,1659
9011001004100000,23,0.0,381
9011001004300000,0,0.0,152
9011001004300000,2,0.0,250
9011001004300000,3,0.0,2068
9011001004300000,4,0.0,2833
9011001004300000,5,0.0,3082
9011001004300000,6,0.004181600955794504,3348
9011001004300000,7,0.004098360655737705,2928
9011001004300000,8,0.007527286413248024,2657
9011001004300000,9,0.0018539117538005192,2697
9011001004300000,10,0.0014641288433382138,2732
9011001004300000,11,0.0021770682148040637,2756
9011001004300000,12,0.00034305317324185246,2915
9011001004300000,13,0.0,3459
9011001004300000,14,0.0005624296962879641,3556
9011001004300000,15,0.001442169022209403,3467
9011001004300000,16,0.01467441149495567,3271
9011001004300000,17,0.01927550681289465,3009
9011001004300000,18,0.008445945945945946,2960
9011001004300000,19,0.005143040822886531,3111
9011001004300000,20,0.0034733185980423114,3167
9011001004300000,21,0.0032554010062148565,3379
9011001004300000,22,0.0,1863
9011001004300000,23,0.00273224043715847,732
9011001004300000-43X,4,0.0,140
9011001004300000-43X,5,0.0,658
9011001004300000-43X,6,0.0,845
9011001004300000-43X,7,0.012629161882893225,871
9011001004300000-43X,8,0.0,828
9011001004300000-43X,9,0.0,844
9011001004300000-43X,10,0.0,846
9011001004300000-43X,11,0.0,861
9011001004300000-43X,12,0.0,874
9011001004300000-43X,13,0.0,867
9011001004300000-43X,14,0.0,873
9011001004300000-43X,15,0.0,878
9011001004300000-43X,16,0.0,865
9011001004300000-43X,17,0.01092896174863388,915
9011001004300000-43X,18,0.0,909
9011001004300000-43X,19,0.0,646
9011001004300000-43X,20,0.0,320
9011001004300000-43X,21,0.0,36
9011001004800000,0,0.0,4
9011001004800000,2,0.0,2
9011001004800000,3,0.0,215
9011001004800000,4,0.0,301
9011001004800000,5,0.0,360
9011001004800000,6,0.0,250
9011001004800000,7,0.0,175
9011001004800000,8,0.0,189
9011001004800000,9,0.0,224
9011001004800000,10,0.0,158
9011001004800000,11,0.0,181
9011001004800000,12,0.0,190
9011001004800000,13,0.0,249
9011001004800000,14,0.0,410
9011001004800000,15,0.0,321
9011001004800000,16,0.0,253
9011001004800000,17,0.0,283
9011001004800000,18,0.0,165
9011001004800000,19,0.0,189
9011001004800000,20,0.0,219
9011001004800000,21,0.0,77
9011001004800000,22,0.0,104
9011001004800000,23,0.0,53
9011001005000000,0,0.0,63
9011001005000000,3,0.0,196
9011001005000000,4,0.0,1312
9011001005000000,5,0.0,1773
9011001005000000,6,0.0,2642
9011001005000000,7,0.0,2999
9011001005000000,8,0.0,2550
9011001005000000,9,0.0014897579143389199,2685
9011001005000000,10,0.0035899481451934583,2507
9011001005000000,11,0.002451982018798529,2447
9011001005000000,12,0.002092925910422771,2389
9011001005000000,13,0.002210759027266028,2714
9011001005000000,14,0.00748553929908132,2939
9011001005000000,15,0.0,2297
9011001005000000,16,0.0,2121
9011001005000000,17,0.0,1073
9011001005000000,18,0.0,1050
9011001005000000,19,0.0,996
9011001005000000,20,0.0,1061
9011001005000000,21,0.0,1094
9011001005000000,22,0.0,457
9011001005000000,23,0.0,292
9011001005300000,3,0.040740740740740744,540
9011001005300000,4,0.053119209388511425,1619
9011001005300000,5,0.05406698564593301,2090
9011001005300000,6,0.058266224538133585,2111
9011001005300000,7,0.055013309671694766,2254
9011001005300000,8,0.05385427666314678,1894
9011001005300000,9,0.05505457997152349,2107
9011001005300000,10,0.07609805924412666,1958
9011001005300000,11,0.08130081300813008,1968
9011001005300000,12,0.07995846313603323,1926
9011001005300000,13,0.07565011820330969,2115
9011001005300000,14,0.08769106999195495,2486
9011001005300000,15,0.09902772776377386,2777
9011001005300000,16,0.06746031746031746,2268
9011001005300000,17,0.05375754251234229,1823
9011001005300000,18,0.060723514211886306,1548
9011001005300000,19,0.052691867124856816,1746
9011001005300000,20,0.06072644721906924,1762
9011001005300000,21,0.04182509505703422,1841
9011001005300000,22,0.026027397260273973,730
9011001005400000,3,0.0,117
9011001005400000,4,0.0,595
9011001005400000,5,0.0,1100
9011001005400000,6,0.0,1030
9011001005400000,7,0.0,904
9011001005400000,8,0.0,823
9011001005400000,9,0.0,876
9011001005400000,10,0.0,768
9011001005400000,11,0.0,806
9011001005400000,12,0.0,819
9011001005400000,13,0.0,803
9011001005400000,14,0.0,916
9011001005400000,15,0.0,894
9011001005400000,16,0.0,868
9011001005400000,17,0.0,665
9011001005400000,18,0.0,584
9011001005400000,19,0.0,711
9011001005400000,20,0.0,593
9011001005400000,21,0.0,756
9011001005400000,22,0.0,134
9011001005500000,3,0.0,31
9011001005500000,4,0.0,883
9011001005500000,5,0.0,2014
9011001005500000,6,0.0,1843
9011001005500000,7,0.0,1614
9011001005500000,8,0.0,1472
9011001005500000,9,0.0,1525
9011001005500000,10,0.0,1542
9011001005500000,11,0.0,1485
9011001005500000,12,0.0,1557
9011001005500000,13,0.0,1866
9011001005500000,14,0.0,2034
9011001005500000,15,0.0,2393
9011001005500000,16,0.0,1809
9011001005500000,17,0.0,1710
9011001005500000,18,0.003094059405940594,1616
9011001005500000,19,0.0,1481
9011001005500000,20,0.0,1572
9011001005500000,21,0.0,1781
9011001005500000,22,0.0,680
9011001005600000,4,0.0,182
9011001005600000,5,0.0,823
9011001005600000,6,0.0,807
9011001005600000,7,0.0,1015
9011001005600000,8,0.0,1120
9011001005600000,9,0.0,1044
9011001005600000,10,0.0,994
9011001005600000,11,0.0,971
9011001005600000,12,0.0,965
9011001005600000,13,0.0,1039
9011001005600000,14,0.0,1089
9011001005600000,15,0.0,1109
9011001005600000,16,0.010554089709762533,1137
9011001005600000,17,0.0,1124
9011001005600000,18,0.0,1141
9011001005600000,19,0.0,1160
9011001005600000,20,0.0,311
9011001005700000,3,0.0036231884057971015,276
9011001005700000,4,0.0017977528089887641,2225
9011001005700000,5,0.0,3357
9011001005700000,6,0.0,3837
9011001005700000,7,0.009304871373836891,3654
9011001005700000,8,0.0011350737797956867,3524
9011001005700000,9,0.002542372881355932,3540
9011001005700000,10,0.0,3570
9011001005700000,11,0.0006086427267194157,3286
9011001005700000,12,0.014801657785671996,3378
9011001005700000,13,0.01628380343123001,3439
9011001005700000,14,0.012589073634204275,4210
9011001005700000,15,0.014173228346456693,4445
9011001005700000,16,0.009579439252336449,4280
9011001005700000,17,0.009564949089787103,3241
9011001005700000,18,0.005649717514124294,2655
9011001005700000,19,0.0025500910746812386,2745
9011001005700000,20,0.00036023054755043225,2776
9011001005700000,21,0.0,2900
9011001005700000,22,0.0,533
9011001006100000,3,0.0,496
9011001006100000,4,0.0,2011
9011001006100000,5,0.0,3029
9011001006100000,6,0.0,3668
9011001006100000,7,0.0011883541295306002,3366
9011001006100000,8,0.000778816199376947,2568
9011001006100000,9,0.0,2615
9011001006100000,10,0.00656624179219776,2589
9011001006100000,11,0.020784313725490194,2550
9011001006100000,12,0.018997574777687955,2474
9011001006100000,13,0.025596072931276297,2852
9011001006100000,14,0.00672834314550042,3567
9011001006100000,15,0.013081761006289308,3975
9011001006100000,16,0.003873466752743706,3098
9011001006100000,17,0.0,2482
9011001006100000,18,0.0,1998
9011001006100000,19,0.0,2187
9011001006100000,20,0.0,2203
9011001006100000,21,0.0,2415
9011001006100000,22,0.0,939
9011001006500000,3,0.0,183
9011001006500000,4,0.0,1269
9011001006500000,5,0.0,1346
9011001006500000,6,0.0,1423
9011001006500000,7,0.0,1760
9011001006500000,8,0.0,1997
9011001006500000,9,0.0,1954
9011001006500000,10,0.0,1950
9011001006500000,11,0.009316770186335404,1932
9011001006500000,12,0.0068143100511073255,1761
9011001006500000,13,0.046218487394957986,1904
9011001006500000,14,0.02157164869029276,1947
9011001006500000,15,0.01487778958554729,1882
9011001006500000,16,0.013477088948787063,1855
9011001006500000,17,0.0014503263234227702,1379
9011001006500000,18,0.0,1073
9011001006500000,19,0.0,797
9011001006600000,3,0.0,887
9011001006600000,4,0.0,1800
9011001006600000,5,0.0,2560
9011001006600000,6,0.0,2592
9011001006600000,7,0.0,2756
9011001006600000,8,0.0,2605
9011001006600000,9,0.0,2691
9011001006600000,10,0.0,2725
9011001006600000,11,0.0,2711
9011001006600000,12,0.0,2803
9011001006600000,13,0.0,2673
9011001006600000,14,0.0,2849
9011001006600000,15,0.004963600264725348,3022
9011001006600000,16,0.0,2600
9011001006600000,17,0.0125,2240
9011001006600000,18,0.0,2075
9011001006600000,19,0.0,2239
9011001006600000,20,0.0,2141
9011001006600000,21,0.0,2463
9011001006600000,22,0.0,1003
9011001006700000,4,0.0,1111
9011001006700000,5,0.0,2645
9011001006700000,6,0.0,2634
9011001006700000,7,0.0026298487836949377,3042
9011001006700000,8,0.0037926675094816687,3164
9011001006700000,9,0.0018564356435643563,3232
9011001006700000,10,0.00033266799733865603,3006
9011001006700000,11,0.01896838602329451,3005
9011001006700000,12,0.022549019607843137,3060
9011001006700000,13,0.029304029304029304,3003
9011001006700000,14,0.03306581059390048,3115
9011001006700000,15,0.04301726749469858,3301
9011001006700000,16,0.07361197754210855,3206
9011001006700000,17,0.042682926829268296,2788
9011001006700000,18,0.00576241134751773,2256
9011001006700000,19,0.0,2311
9011001006700000,20,0.0,2584
9011001006700000,21,0.0,2587
9011001006700000,22,0.005134788189987163,779
9011001006900000,4,0.0,578
9011001006900000,5,0.0,1211
9011001006900000,6,0.0,1309
9011001006900000,7,0.0,1289
9011001006900000,8,0.0,1493
9011001006900000,9,0.0,1421
9011001006900000,10,0.0,1392
9011001006900000,11,0.0,1276
9011001006900000,12,0.0,1291
9011001006900000,13,0.0,1249
9011001006900000,14,0.0,1170
9011001006900000,15,0.00804093567251462,1368
9011001006900000,16,0.009811937857726901,1223
9011001006900000,17,0.022244691607684528,989
9011001006900000,18,0.0,1061
9011001006900000,19,0.0,1030
9011001006900000,20,0.0,1170
9011001006900000,21,0.0,1174
9011001006900000,22,0.0,276
9011001007100000,4,0.0,407
9011001007100000,5,0.0,557
9011001007100000,6,0.0,632
9011001007100000,7,0.0,538
9011001007100000,8,0.0,647
9011001007100000,9,0.0,755
9011001007100000,10,0.0,752
9011001007100000,11,0.0,726
9011001007100000,12,0.0,726
9011001007100000,13,0.0,777
9011001007100000,14,0.0,752
9011001007100000,15,0.0,795
9011001007100000,16,0.0,641
9011001007100000,17,0.0,618
9011001007100000,18,0.0,581
9011001007100000,19,0.0,133
9011001007200000,4,0.0,219
9011001007200000,5,0.0,1855
9011001007200000,6,0.0,2069
9011001007200000,7,0.0,1679
9011001007200000,8,0.0,6
9011001007200000,12,0.0,804
9011001007200000,13,0.0,1542
9011001007200000,14,0.0,1953
9011001007200000,15,0.0009601536245799327,2083
9011001007200000,16,0.010810810810810811,370
9011001007400000,4,0.0,963
9011001007400000,5,0.0,2262
9011001007400000,6,0.0,3002
9011001007400000,7,0.0,2681
9011001007400000,8,0.0,2138
9011001007400000,9,0.0,2137
9011001007400000,10,0.0,2054
9011001007400000,11,0.0,2002
9011001007400000,12,0.007881773399014778,2030
9011001007400000,13,0.0,2694
9011001007400000,14,0.004938988959907031,3442
9011001007400000,15,0.004073872895165671,3682
9011001007400000,16,0.004384362440628425,2737
9011001007400000,17,0.0035714285714285713,1960
9011001007400000,18,0.0,1602
9011001007400000,19,0.0,1538
9011001007400000,20,0.0,544
9011001007500000,5,0.0,341
9011001007500000,6,0.0,1098
9011001007500000,7,0.0,261
9011001007500000,13,0.0,342
9011001007500000,14,0.011918951132300357,839
9011001007500000,15,0.0,525
9011001007600000,3,0.05128205128205128,195
9011001007600000,4,0.03218390804597701,1305
9011001007600000,5,0.022706209453197405,2158
9011001007600000,6,0.022430668841761828,2452
9011001007600000,7,0.02740899357601713,2335
9011001007600000,8,0.02981171548117155,1912
9011001007600000,9,0.03840814437760296,2161
9011001007600000,10,0.039865513928914506,2082
9011001007600000,11,0.03400309119010819,1941
9011001007600000,12,0.05115089514066496,1955
9011001007600000,13,0.04504887377815554,2353
9011001007600000,14,0.05679442508710801,2870
9011001007600000,15,0.04190412336573919,2983
9011001007600000,16,0.025141930251419302,2466
9011001007600000,17,0.0388631090487239,1724
9011001007600000,18,0.030788967286722257,1559
9011001007600000,19,0.02727836329820211,1613
9011001007600000,20,0.05174825174825175,1430
9011001007600000,21,0.11764705882352941,17
9011001008000000,3,0.0,110
9011001008000000,4,0.0,538
9011001008000000,5,0.0,733
9011001008000000,6,0.0,996
9011001008000000,7,0.0,1126
9011001008000000,8,0.0,1070
9011001008000000,9,0.0,891
9011001008000000,10,0.0,938
9011001008000000,11,0.0,987
9011001008000000,12,0.0,1103
9011001008000000,13,0.0,1211
9011001008000000,14,0.0,1146
9011001008000000,15,0.0,1201
9011001008000000,16,0.0,1165
9011001008000000,17,0.0,1180
9011001008000000,18,0.0,1002
9011001008000000,19,0.0,930
9011001008000000,20,0.0,977
9011001008000000,21,0.0,865
9011001008000000,22,0.0,29
9011001008000000-80X,5,0.0,90
9011001008000000-80X,6,0.0,74
9011001008000000-80X,7,0.0,74
9011001008000000-80X,8,0.0,74
9011001008000000-80X,9,0.0,26
9011001008000000-80X,10,0.0,25
9011001008000000-80X,11,0.0,14
9011001008000000-80X,12,0.0,42
9011001008000000-80X,13,0.0,126
9011001008000000-80X,14,0.0,108
9011001008000000-80X,15,0.0,104
9011001008000000-80X,16,0.0,126
9011001008000000-80X,17,0.0,89
9011001008000000-80X,18,0.0,78
9011001008000000-80X,19,0.0,22
9011001008000000-80X,20,0.0,7
9011001008000000-80X,21,0.0,4
9011001008200000,5,0.0,90
9011001008200000,6,0.0,203
9011001008200000,7,0.0,337
9011001008200000,8,0.0,376
9011001008200000,9,0.0,406
9011001008200000,10,0.0,381
9011001008200000,11,0.0,416
9011001008200000,12,0.0,407
9011001008200000,13,0.0,413
9011001008200000,14,0.0,410
9011001008200000,15,0.0,411
9011001008200000,16,0.0,416
9011001008200000,17,0.0,376
9011001008200000,18,0.0,398
9011001008200000,19,0.0,321
9011001008200000,20,0.0,286
9011001008200000,21,0.0,339
9011001008200000,22,0.0,38
9011001008400000,4,0.0,24
9011001008400000,5,0.0,134
9011001008400000,6,0.0,99
9011001008400000,7,0.0,67
9011001008400000,8,0.0,54
9011001008400000,9,0.0,29
9011001008400000,10,0.0,75
9011001008400000,11,0.0,63
9011001008400000,12,0.0,33
9011001008400000,13,0.0,75
9011001008400000,14,0.0,112
9011001008400000,15,0.0,132
9011001008400000,16,0.0,123
9011001008400000,17,0.0,8
9011001008400000,19,0.0,2
9011001008900000,5,0.0,39
9011001008900000,6,0.0,113
9011001008900000,7,0.0,121
9011001008900000,8,0.0,146
9011001008900000,9,0.0,147
9011001008900000,10,0.0,144
9011001008900000,11,0.0,76
9011001008900000,12,0.0,113
9011001008900000,13,0.0,152
9011001008900000,14,0.0,165
9011001008900000,15,0.0,145
9011001008900000,16,0.0,102
9011001008900000,17,0.0,28
9011001008900000,18,0.0,21
9011001008900000,19,0.0,8
9011001009100000,0,0.0031965903036760787,1877
9011001009100000,1,0.0018181818181818182,1100
9011001009100000,2,0.001059322033898305,944
9011001009100000,3,0.0014184397163120568,705
9011001009100000,4,0.03546099290780142,141
9011001009100000,23,0.0,2031
9011001009300000,0,0.0,1083
9011001009300000,1,0.0,632
9011001009300000,2,0.0,287
9011001009300000,3,0.0,576
9011001009300000,23,0.0,605
9011001009400000,0,0.0,3100
9011001009400000,1,0.0,1935
9011001009400000,2,0.0,1765
9011001009400000,3,0.0,505
9011001009400000,23,0.0,2628
9011001009600000,0,0.0,1406
9011001009600000,1,0.0,1154
9011001009600000,2,0.0,1153
9011001009600000,3,0.0,481
9011001009600000,4,0.0,69
9011001009600000,22,0.0,21
9011001009600000,23,0.0,1395
9011001011200000,0,0.0,225
9011001011200000,3,0.0,605
9011001011200000,4,0.0,1329
9011001011200000,5,0.0,1389
9011001011200000,6,0.0,1389
9011001011200000,7,0.0,1490
9011001011200000,8,0.0,1355
9011001011200000,9,0.0,1348
9011001011200000,10,0.0,1396
9011001011200000,11,0.0,1239
9011001011200000,12,0.0,1359
9011001011200000,13,0.0,1251
9011001011200000,14,0.0,1318
9011001011200000,15,0.0,1626
9011001011200000,16,0.0,1469
9011001011200000,17,0.0,1527
9011001011200000,18,0.0,1537
9011001011200000,19,0.0,1699
9011001011200000,20,0.0,1649
9011001011200000,21,0.0,1628
9011001011200000,22,0.0,862
9011001011200000,23,0.0,834
9011001011300000,3,0.0,542
9011001011300000,4,0.0,2236
9011001011300000,5,0.0,2923
9011001011300000,6,0.0,2823
9011001011300000,7,0.0,2351
9011001011300000,8,0.0,2411
9011001011300000,9,0.0,2538
9011001011300000,10,0.0,2586
9011001011300000,11,0.0,2404
9011001011300000,12,0.0,2445
9011001011300000,13,0.0,2692
9011001011300000,14,0.0,2503
9011001011300000,15,0.0,2628
9011001011300000,16,0.0,2519
9011001011300000,17,0.0,1676
9011001011300000,18,0.0,1376
9011001011300000,19,0.0,1514
9011001011300000,20,0.0,1706
9011001011300000,21,0.01733102253032929,1731
9011001011300000,22,0.0,772
9011001011400000,3,0.0,268
9011001011400000,4,0.0,752
9011001011400000,5,0.0,1040
9011001011400000,6,0.0,1196
9011001011400000,7,0.0,808
9011001011400000,8,0.0,823
9011001011400000,9,0.0,837
9011001011400000,10,0.0,696
9011001011400000,11,0.0,700
9011001011400000,12,0.0,845
9011001011400000,13,0.0,977
9011001011400000,14,0.0,1276
9011001011400000,15,0.0,1330
9011001011400000,16,0.0,1278
9011001011400000,17,0.0,530
9011001011400000,18,0.0,528
9011001011400000,19,0.0,541
9011001011400000,20,0.0,655
9011001011400000,21,0.0,651
9011001011400000,22,0.0,487
9011001011400000,23,0.0,241
9011001011500000,3,0.0,186
9011001011500000,4,0.0,619
9011001011500000,5,0.0,752
9011001011500000,6,0.0,779
9011001011500000,7,0.0,592
9011001011500000,8,0.0,623
9011001011500000,9,0.0,599
9011001011500000,10,0.0,574
9011001011500000,11,0.0,589
9011001011500000,12,0.0,600
9011001011500000,13,0.0,589
9011001011500000,14,0.0,814
9011001011500000,15,0.0,861
9011001011500000,16,0.0,653
9011001011500000,17,0.0,474
9011001011500000,18,0.0,503
9011001011500000,19,0.0,481
9011001011500000,20,0.0,549
9011001011500000,21,0.0,579
9011001011500000,22,0.0,442
9011001011600000,0,0.0,107
9011001011600000,2,0.0,152
9011001011600000,3,0.0,1300
9011001011600000,4,0.0,2293
9011001011600000,5,0.0,3729
9011001011600000,6,0.0,3666
9011001011600000,7,0.0,2526
9011001011600000,8,0.0,2270
9011001011600000,9,0.0,2297
9011001011600000,10,0.0,2167
9011001011600000,11,0.0,2120
9011001011600000,12,0.0,2189
9011001011600000,13,0.0,2950
9011001011600000,14,0.0,3558
9011001011600000,15,0.0,3207
9011001011600000,16,0.0,2568
9011001011600000,17,0.0,2585
9011001011600000,18,0.0,1893
9011001011600000,19,0.0,1481
9011001011600000,20,0.0,1553
9011001011600000,21,0.0,1711
9011001011600000,22,0.0,949
9011001011600000,23,0.0,1023
9011001011700000,0,0.0,237
9011001011700000,1,0.0,186
9011001011700000,2,0.0,175
9011001011700000,3,0.010067114093959731,596
9011001011700000,4,0.005793226381461676,2244
9011001011700000,5,0.00410958904109589,4380
9011001011700000,6,0.002454809194376255,4481
9011001011700000,7,0.0066765578635014835,2696
9011001011700000,8,0.008757297748123435,2398
9011001011700000,9,0.011244668476153548,2579
9011001011700000,10,0.007883817427385892,2410
9011001011700000,11,0.008875739644970414,2704
9011001011700000,12,0.009520884520884522,3256
9011001011700000,13,0.012926577042399173,3868
9011001011700000,14,0.01093983092988563,4022
9011001011700000,15,0.012623074981065387,3961
9011001011700000,16,0.031294452347083924,3515
9011001011700000,17,0.013402061855670102,1940
9011001011700000,18,0.00975889781859931,1742
9011001011700000,19,0.012208067940552018,1884
9011001011700000,20,0.01411764705882353,1700
9011001011700000,21,0.014243323442136498,1685
9011001011700000,22,0.0078125,1280
9011001011700000,23,0.013782542113323124,653
9011001011800000,0,0.0,163
9011001011800000,3,0.0,1008
9011001011800000,4,0.0,2406
9011001011800000,5,0.0,3300
9011001011800000,6,0.0,2833
9011001011800000,7,0.0,1819
9011001011800000,8,0.0,1883
9011001011800000,9,0.0,1929
9011001011800000,10,0.0,1823
9011001011800000,11,0.0,1946
9011001011800000,12,0.0,2893
9011001011800000,13,0.00502828409805154,3182
9011001011800000,14,0.0,3230
9011001011800000,15,0.0,3428
9011001011800000,16,0.0029205607476635513,3424
9011001011800000,17,0.0,2070
9011001011800000,18,0.0,1996
9011001011800000,19,0.0,2076
9011001011800000,20,0.0,2206
9011001011800000,21,0.0,2467
9011001011800000,22,0.0,1889
9011001011800000,23,0.0,541
9011001011900000,0,0.02030456852791878,394
9011001011900000,1,0.029166666666666667,240
9011001011900000,2,0.016304347826086956,184
9011001011900000,3,0.00783435926133184,1787
9011001011900000,4,0.007426661715558856,2693
9011001011900000,5,0.006998444790046656,3858
9011001011900000,6,0.00796812749003984,3765
9011001011900000,7,0.006879805746661271,2471
9011001011900000,8,0.006762849413886384,2218
9011001011900000,9,0.007114273010226767,2249
9011001011900000,10,0.006224988883948421,2249
9011001011900000,11,0.006983240223463687,2148
9011001011900000,12,0.007557864903164856,2117
9011001011900000,13,0.009512120282295183,3259
9011001011900000,14,0.007505175983436853,3864
9011001011900000,15,0.008854166666666666,3840
9011001011900000,16,0.00868523510032944,3339
9011001011900000,17,0.009141364675155077,3063
9011001011900000,18,0.008831794460056202,2491
9011001011900000,19,0.00864336715520481,2661
9011001011900000,20,0.007358093903293623,2854
9011001011900000,21,0.009485094850948509,2952
9011001011900000,22,0.006784968684759917,1916
9011001011900000,23,0.017857142857142856,448
9011001012200000,4,0.0,548
9011001012200000,5,0.0,1500
9011001012200000,6,0.0,1339
9011001012200000,7,0.0,1090
9011001012200000,12,0.0,168
9011001012200000,13,0.0,1354
9011001012200000,14,0.008118081180811807,1355
9011001012200000,15,0.05357142857142857,1624
9011001012200000,16,0.01842870999030068,1031
9011001012400000,4,0.0,544
9011001012400000,5,0.0,551
9011001012400000,6,0.0,532
9011001012400000,7,0.0,666
9011001012400000,8,0.0,652
9011001012400000,9,0.0,671
9011001012400000,10,0.0,647
9011001012400000,11,0.0,681
9011001012400000,12,0.0,708
9011001012400000,13,0.0,625
9011001012400000,14,0.0,720
9011001012400000,15,0.0,796
9011001012400000,16,0.0,757
9011001012400000,17,0.0,733
9011001012400000,18,0.0,709
9011001012400000,19,0.0,776
9011001012400000,20,0.0,710
9011001012400000,21,0.009749303621169917,718
9011001012400000,22,0.0,99
9011001012700000,3,0.0,96
9011001012700000,4,0.0,472
9011001012700000,5,0.0,807
9011001012700000,6,0.0,736
9011001012700000,7,0.0,472
9011001012700000,8,0.0,464
9011001012700000,9,0.0,448
9011001012700000,10,0.0,450
9011001012700000,11,0.0,528
9011001012700000,12,0.0,496
9011001012700000,13,0.0,566
9011001012700000,14,0.0,779
9011001012700000,15,0.0,864
9011001012700000,16,0.0,678
9011001012700000,17,0.0,520
9011001012700000,18,0.0,504
9011001012700000,19,0.0,536
9011001012700000,20,0.0,553
9011001012700000,21,0.0,554
9011001012700000,22,0.0,160
9011001012900000,3,0.0,841
9011001012900000,4,0.0,1638
9011001012900000,5,0.0,1588
9011001012900000,6,0.0,1635
9011001012900000,7,0.0,1663
9011001012900000,8,0.0,1606
9011001012900000,9,0.0,1627
9011001012900000,10,0.0,1563
9011001012900000,11,0.0,1557
9011001012900000,12,0.0,1654
9011001012900000,13,0.0,1435
9011001012900000,14,0.007497116493656286,1734
9011001012900000,15,0.028729281767955802,1810
9011001012900000,16,0.05300162249864792,1849
9011001012900000,17,0.013448090371167294,1859
9011001012900000,18,0.0,1755
9011001012900000,19,0.0,1966
9011001012900000,20,0.0,2013
9011001012900000,21,0.0,2100
9011001012900000,22,0.0,971
9011001012900000,23,0.0,147
9011001013300000,0,0.0,85
9011001013300000,1,0.0,90
9011001013300000,2,0.0,64
9011001013300000,3,0.0,400
9011001013300000,4,0.0,653
9011001013300000,5,0.0,1167
9011001013300000,6,0.0,1163
9011001013300000,7,0.0,734
9011001013300000,8,0.0,621
9011001013300000,9,0.0,642
9011001013300000,10,0.0,649
9011001013300000,11,0.0,694
9011001013300000,12,0.0,707
9011001013300000,13,0.0,881
9011001013300000,14,0.0,1121
9011001013300000,15,0.0,1146
9011001013300000,16,0.0,1158
9011001013300000,17,0.0,729
9011001013300000,18,0.0,657
9011001013300000,19,0.0,641
9011001013300000,20,0.0,548
9011001013300000,21,0.0,565
9011001013300000,22,0.0,489
9011001013300000,23,0.0,319
9011001013400000,0,0.0,156
9011001013400000,1,0.0,133
9011001013400000,2,0.0,110
9011001013400000,3,0.0,846
9011001013400000,4,0.0,2144
9011001013400000,5,0.0,3076
9011001013400000,6,0.0,2506
9011001013400000,7,0.0,2082
9011001013400000,8,0.0,1951
9011001013400000,9,0.0,2112
9011001013400000,10,0.0,2177
9011001013400000,11,0.0,2169
9011001013400000,12,0.0,2156
9011001013400000,13,0.0,2444
9011001013400000,14,0.0,2792
9011001013400000,15,0.0,2761
9011001013400000,16,0.008728179551122194,2406
9011001013400000,17,0.0,1948
9011001013400000,18,0.0,1595
9011001013400000,19,0.0,1259
9011001013400000,20,0.0,1163
9011001013400000,21,0.0,988
9011001013400000,22,0.0,740
9011001013400000,23,0.0,594
9011001013500000,4,0.0,936
9011001013500000,5,0.0,1702
9011001013500000,6,0.0,1702
9011001013500000,7,0.0,1843
9011001013500000,8,0.0,2095
9011001013500000,9,0.0,2162
9011001013500000,10,0.0,2121
9011001013500000,11,0.0,2211
9011001013500000,12,0.0,2182
9011001013500000,13,0.0,2060
9011001013500000,14,0.006202290076335878,2096
9011001013500000,15,0.0,2083
9011001013500000,16,0.0,1747
9011001013500000,17,0.0,1164
9011001013500000,18,0.0,228
9011001014100000,2,0.0,187
9011001014100000,3,0.0,611
9011001014100000,4,0.0,1859
9011001014100000,5,0.0,2111
9011001014100000,6,0.0,2104
9011001014100000,7,0.0,978
9011001014100000,8,0.0,575
9011001014100000,9,0.0,771
9011001014100000,10,0.0,515
9011001014100000,11,0.0,794
9011001014100000,12,0.0,777
9011001014100000,13,0.0,1681
9011001014100000,14,0.0,1941
9011001014100000,15,0.0,2020
9011001014100000,16,0.0,1320
9011001014100000,17,0.0,879
9011001014100000,18,0.0,638
9011001014100000,19,0.0,533
9011001014100000,20,0.0,473
9011001014100000,21,0.0,577
9011001014100000,22,0.0,421
9011001014100000,23,0.0,206
9011001014200000,0,0.0,140
9011001014200000,1,0.0,92
9011001014200000,2,0.0,142
9011001014200000,3,0.0,623
9011001014200000,4,0.0,1151
9011001014200000,5,0.0,1637
9011001014200000,6,0.0,1767
9011001014200000,7,0.0,981
9011001014200000,8,0.0,894
9011001014200000,9,0.0,908
9011001014200000,10,0.0,918
9011001014200000,11,0.0,1032
9011001014200000,12,0.0,1206
9011001014200000,13,0.0,1587
9011001014200000,14,0.0,1689
9011001014200000,15,0.0,1654
9011001014200000,16,0.0,1599
9011001014200000,17,0.0,1096
9011001014200000,18,0.0,943
9011001014200000,19,0.0,750
9011001014200000,20,0.0,702
9011001014200000,21,0.0,800
9011001014200000,22,0.0,617
9011001014200000,23,0.0,250
9011001014300000,3,0.0,753
9011001014300000,4,0.0,2922
9011001014300000,5,0.0,3366
9011001014300000,6,0.0,3246
9011001014300000,7,0.0,2170
9011001014300000,8,0.0,1701
9011001014300000,9,0.0,1732
9011001014300000,10,0.0,1779
9011001014300000,11,0.0,1815
9011001014300000,12,0.0,2384
9011001014300000,13,0.0,2870
9011001014300000,14,0.0,3606
9011001014300000,15,0.0,3512
9011001014300000,16,0.0,3222
9011001014300000,17,0.0,1575
9011001014300000,18,0.0,1263
9011001014300000,19,0.0,1243
9011001014300000,20,0.0,1095
9011001014300000,21,0.0,780
9011001014300000,22,0.0,535
9011001014300000,23,0.0,34
9011001014400000,0,0.0,442
9011001014400000,1,0.0,349
9011001014400000,2,0.0,884
9011001014400000,3,0.0,2973
9011001014400000,4,0.0,3883
9011001014400000,5,0.0,4657
9011001014400000,6,0.0,5162
9011001014400000,7,0.0,4036
9011001014400000,8,0.0,2914
9011001014400000,9,0.0,2953
9011001014400000,10,0.0,2952
9011001014400000,11,0.0,3763
9011001014400000,12,0.0,4712
9011001014400000,13,0.008176918788329306,5381
9011001014400000,14,0.0,5462
9011001014400000,15,0.010490753911806544,5624
9011001014400000,16,0.0,5484
9011001014400000,17,0.0,4864
9011001014400000,18,0.001402524544179523,3565
9011001014400000,19,0.0,3436
9011001014400000,20,0.0,3786
9011001014400000,21,0.0,3814
9011001014400000,22,0.0,2288
9011001014400000,23,0.0,1977
9011001014700000,0,0.0,149
9011001014700000,1,0.0,120
9011001014700000,2,0.0,127
9011001014700000,3,0.0,650
9011001014700000,4,0.0,1103
9011001014700000,5,0.0,1660
9011001014700000,6,0.0,1845
9011001014700000,7,0.0,1387
9011001014700000,8,0.0,1494
9011001014700000,9,0.0,1354
9011001014700000,10,0.0,1393
9011001014700000,11,0.0,1416
9011001014700000,12,0.0,1675
9011001014700000,13,0.0,2054
9011001014700000,14,0.0,2376
9011001014700000,15,0.0,2500
9011001014700000,16,0.0,2123
9011001014700000,17,0.0,1632
9011001014700000,18,0.0,1321
9011001014700000,19,0.0,1163
9011001014700000,20,0.0,940
9011001014700000,21,0.0,1044
9011001014700000,22,0.0,722
9011001014700000,23,0.0,317
9011001015200000,4,0.0,300
9011001015200000,5,0.0,658
9011001015200000,6,0.0,710
9011001015200000,7,0.0,454
9011001015200000,13,0.0,414
9011001015200000,14,0.04054054054054054,666
9011001015200000,15,0.053175775480059084,677
9011001015200000,16,0.0036429872495446266,549
9011001015200000,17,0.0,6
9011001015500000,4,0.0,535
9011001015500000,5,0.0,1195
9011001015500000,6,0.0,1278
9011001015500000,7,0.0,552
9011001015500000,13,0.0,157
9011001015500000,14,0.0,947
9011001015500000,15,0.0,1216
9011001015500000,16,0.0,1276
9011001015500000,17,0.0,147
9011001015500000-155X,4,0.0,272
9011001015500000-155X,5,0.0,499
9011001015500000-155X,6,0.0,486
9011001015500000-155X,7,0.0,335
9011001015500000-155X,12,0.0,11
9011001015500000-155X,13,0.0,574
9011001015500000-155X,14,0.0,494
9011001015500000-155X,15,0.0,611
9011001015500000-155X,16,0.0,313
9011001015600000,4,0.0,458
9011001015600000,5,0.0,896
9011001015600000,6,0.0,1103
9011001015600000,7,0.0,415
9011001015600000,12,0.0,196
9011001015600000,13,0.0,355
9011001015600000,14,0.0,782
9011001015600000,15,0.0,871
9011001015600000,16,0.0,257
9011001015700000,4,0.0,1797
9011001015700000,5,0.0,2292
9011001015700000,6,0.0,2252
9011001015700000,7,0.0,1862
9011001015700000,8,0.0,873
9011001015700000,9,0.0,860
9011001015700000,10,0.0,809
9011001015700000,11,0.0,812
9011001015700000,12,0.0,813
9011001015700000,13,0.0,1321
9011001015700000,14,0.0,2153
9011001015700000,15,0.0,2333
9011001015700000,16,0.0,1373
9011001015700000,17,0.0,174
9011001015800000,4,0.0,249
9011001015800000,5,0.0,490
9011001015800000,6,0.0,139
9011001015800000,14,0.0,203
9011001015900000,4,0.0,342
9011001015900000,5,0.0,264
9011001015900000,6,0.0,48
9011001015900000,13,0.0,12
9011001015900000,14,0.0,242
9011001015900000,15,0.0,189
9011001015900000,16,0.0,144
9011001015900000,18,0.0,162
9011001015900000,20,0.0,192
9011001016000000,0,0.0,672
9011001016000000,1,0.0,309
9011001016000000,2,0.0,547
9011001016000000,3,0.0,1254
9011001016000000,4,0.0,1438
9011001016000000,5,0.0,2300
9011001016000000,6,0.0,2861
9011001016000000,7,0.0,2188
9011001016000000,8,0.0,2235
9011001016000000,9,0.0,2176
9011001016000000,10,0.0,2390
9011001016000000,11,0.0,2409
9011001016000000,12,0.0,2656
9011001016000000,13,0.0,2906
9011001016000000,14,0.0,3175
9011001016000000,15,0.0,3340
9011001016000000,16,0.0,3096
9011001016000000,17,0.0,1987
9011001016000000,18,0.0,1868
9011001016000000,19,0.0,1956
9011001016000000,20,0.0,1800
9011001016000000,21,0.0,1754
9011001016000000,22,0.0,1152
9011001016000000,23,0.0,778
9011001016100000,3,0.0,1070
9011001016100000,4,0.0,4724
9011001016100000,5,0.0,5216
9011001016100000,6,0.0,5281
9011001016100000,7,0.0,5272
9011001016100000,8,0.0,4437
9011001016100000,9,0.0,4226
9011001016100000,10,0.0,4416
9011001016100000,11,0.0,4475
9011001016100000,12,0.004805591961555264,4578
9011001016100000,13,0.0,5387
9011001016100000,14,0.0,5902
9011001016100000,15,0.0,6144
9011001016100000,16,0.004557054320087495,5486
9011001016100000,17,0.0,3221
9011001016100000,18,0.0,3144
9011001016100000,19,0.0,3151
9011001016100000,20,0.0,3388
9011001016100000,21,0.0,3630
9011001016100000,22,0.0,1102
9011001016300000,3,0.0,1684
9011001016300000,4,0.0,3990
9011001016300000,5,0.0,5692
9011001016300000,6,0.0,5874
9011001016300000,7,0.0,4065
9011001016300000,8,0.0,3362
9011001016300000,9,0.0,3482
9011001016300000,10,0.0,3599
9011001016300000,11,0.0,3710
9011001016300000,12,0.0,4171
9011001016300000,13,0.0,6273
9011001016300000,14,0.0,6444
9011001016300000,15,0.0,6913
9011001016300000,16,0.0,5089
9011001016300000,17,0.0,4550
9011001016300000,18,0.0,2967
9011001016300000,19,0.0,2832
9011001016300000,20,0.0,2961
9011001016300000,21,0.0,3187
9011001016300000,22,0.0,1962
9011001016300000,23,0.0,348
9011001016400000,3,0.0,27
9011001016400000,4,0.0,180
9011001016400000,5,0.0,186
9011001016400000,6,0.0,195
9011001016400000,7,0.0,219
9011001016400000,8,0.0,240
9011001016400000,9,0.0,215
9011001016400000,10,0.0,247
9011001016400000,11,0.0,250
9011001016400000,12,0.0,259
9011001016400000,13,0.0,248
9011001016400000,14,0.0,262
9011001016400000,15,0.0,244
9011001016400000,16,0.0,181
9011001016400000,17,0.0,135
9011001016500000,0,0.0,431
9011001016500000,1,0.0,314
9011001016500000,2,0.0,410
9011001016500000,3,0.0,1815
9011001016500000,4,0.0,3310
9011001016500000,5,0.0,4223
9011001016500000,6,0.0,4288
9011001016500000,7,0.0008246289169873557,3638
9011001016500000,8,0.0,3044
9011001016500000,9,0.0,2982
9011001016500000,10,0.0,3159
9011001016500000,11,0.0,3282
9011001016500000,12,0.0,3606
9011001016500000,13,0.0,4328
9011001016500000,14,0.0,4637
9011001016500000,15,0.0,4674
9011001016500000,16,0.0,4580
9011001016500000,17,0.0,3808
9011001016500000,18,0.0,3031
9011001016500000,19,0.0,2130
9011001016500000,20,0.0,2533
9011001016500000,21,0.0,2481
9011001016500000,22,0.0,2013
9011001016500000,23,0.0,1652
9011001016700000,3,0.0,193
9011001016700000,4,0.0,867
9011001016700000,5,0.0,1266
9011001016700000,6,0.0,1269
9011001016700000,7,0.0,527
9011001016700000,13,0.0,830
9011001016700000,14,0.0,1286
9011001016700000,15,0.011456628477905073,1222
9011001016700000,16,0.0,1276
9011001016700000,17,0.0,450
9011001016800000,3,0.0,487
9011001016800000,4,0.0,1157
9011001016800000,5,0.0,1038
9011001016800000,6,0.0,1184
9011001016800000,7,0.0,1249
9011001016800000,8,0.0,1141
9011001016800000,9,0.0,1062
9011001016800000,10,0.0,1156
9011001016800000,11,0.0,1195
9011001016800000,12,0.0,1159
9011001016800000,13,0.0,1251
9011001016800000,14,0.0,1192
9011001016800000,15,0.0,1306
9011001016800000,16,0.0,1233
9011001016800000,17,0.0,818
9011001016800000,18,0.0,812
9011001016800000,19,0.0,487
9011001017200000,2,0.0,405
9011001017200000,3,0.0,1278
9011001017200000,4,0.0,2702
9011001017200000,5,0.0,4120
9011001017200000,6,0.0,4515
9011001017200000,7,0.0012291052114060963,4068
9011001017200000,8,0.0,3006
9011001017200000,9,0.0,3218
9011001017200000,10,0.0,3246
9011001017200000,11,0.0,3363
9011001017200000,12,0.0,3995
9011001017200000,13,0.005077173030056864,4924
9011001017200000,14,0.0,5069
9011001017200000,15,0.003006872852233677,4656
9011001017200000,16,0.0,3608
9011001017200000,17,0.0,3184
9011001017200000,18,0.0,2203
9011001017200000,19,0.0,1529
9011001017200000,20,0.0,1667
9011001017200000,21,0.0,1898
9011001017200000,22,0.0,1399
9011001017200000,23,0.0,325
9011001017300000,3,0.0,664
9011001017300000,4,0.0,2826
9011001017300000,5,0.0,3313
9011001017300000,6,0.0,3354
9011001017300000,7,0.0,2934
9011001017300000,8,0.0,2637
9011001017300000,9,0.0,2705
9011001017300000,10,0.0,2925
9011001017300000,11,0.0,3102
9011001017300000,12,0.0,3192
9011001017300000,13,0.0,3786
9011001017300000,14,0.0,4004
9011001017300000,15,0.00125344697919278,3989
9011001017300000,16,0.0045708481462671405,3938
9011001017300000,17,0.0,2962
9011001017300000,18,0.0,2181
9011001017300000,19,0.0,1561
9011001017300000,20,0.0,1749
9011001017300000,21,0.0,1909
9011001017300000,22,0.0,1370
9011001017300000,23,0.0,209
9011001017500000,0,0.0,51
9011001017500000,1,0.0,36
9011001017500000,2,0.0,18
9011001017500000,3,0.0,547
9011001017500000,4,0.0,1013
9011001017500000,5,0.0,1287
9011001017500000,6,0.0,1239
9011001017500000,7,0.0,1056
9011001017500000,8,0.0,1010
9011001017500000,9,0.0,1049
9011001017500000,10,0.0,1024
9011001017500000,11,0.0,1044
9011001017500000,12,0.0,1054
9011001017500000,13,0.0,1261
9011001017500000,14,0.0,1357
9011001017500000,15,0.0,1365
9011001017500000,16,0.0,1324
9011001017500000,17,0.0,1216
9011001017500000,18,0.0,1096
9011001017500000,19,0.0,1089
9011001017500000,20,0.0,844
9011001017500000,21,0.0,915
9011001017500000,22,0.0,473
9011001017500000,23,0.0,224
9011001017600000,2,0.0,78
9011001017600000,3,0.0,712
9011001017600000,4,0.0,2525
9011001017600000,5,0.0,2904
9011001017600000,6,0.0,2931
9011001017600000,7,0.0,4242
9011001017600000,8,0.0,4788
9011001017600000,9,0.0,4983
9011001017600000,10,0.0,5291
9011001017600000,11,0.0,5144
9011001017600000,12,0.0,5104
9011001017600000,13,0.0,4532
9011001017600000,14,0.0,3439
9011001017600000,15,0.0,3522
9011001017600000,16,0.0,4461
9011001017600000,17,0.0,4490
9011001017600000,18,0.0,3090
9011001017600000,19,0.0,3151
9011001017600000,20,0.0,3323
9011001017600000,21,0.0,3123
9011001017600000,22,0.0,1075
9011001017600000-176E,6,0.0,73
9011001017600000-176X,4,0.0,89
9011001017600000-176X,5,0.0,1250
9011001017600000-176X,6,0.0,1462
9011001017600000-176X,7,0.0,475
9011001017600000-176X,12,0.0,31
9011001017600000-176X,13,0.0,860
9011001017600000-176X,14,0.0,1775
9011001017600000-176X,15,0.0,1468
9011001017600000-176X,16,0.0,551
9011001017700000,2,0.0,54
9011001017700000,3,0.0,770
9011001017700000,4,0.0,2100
9011001017700000,5,0.0,3802
9011001017700000,6,0.0,3546
9011001017700000,7,0.0,3911
9011001017700000,8,0.0,3990
9011001017700000,9,0.0,4074
9011001017700000,10,0.0,4034
9011001017700000,11,0.0,4261
9011001017700000,12,0.0,4235
9011001017700000,13,0.0,4341
9011001017700000,14,0.0,4122
9011001017700000,15,0.0,3804
9011001017700000,16,0.0,4121
9011001017700000,17,0.0,3646
9011001017700000,18,0.007624398073836276,2492
9011001017700000,19,0.0,2596
9011001017700000,20,0.0,2815
9011001017700000,21,0.0,2763
9011001017700000,22,0.0,1047
9011001017700000,23,0.0,26
9011001017700000-177E,5,0.0,205
9011001017700000-177E,6,0.0,72
9011001017800000,2,0.0,72
9011001017800000,3,0.0,1151
9011001017800000,4,0.0,2083
9011001017800000,5,0.0,2744
9011001017800000,6,0.0,2622
9011001017800000,7,0.0,2333
9011001017800000,8,0.0,2327
9011001017800000,9,0.0,2475
9011001017800000,10,0.0,2470
9011001017800000,11,0.0,2564
9011001017800000,12,0.0,2662
9011001017800000,13,0.0,3014
9011001017800000,14,0.0,3340
9011001017800000,15,0.0,3629
9011001017800000,16,0.0,3272
9011001017800000,17,0.0,2541
9011001017800000,18,0.0,1890
9011001017800000,19,0.0,1489
9011001017800000,20,0.0,1482
9011001017800000,21,0.0,1637
9011001017800000,22,0.0,691
9011001017900000,2,0.0,21
9011001017900000,3,0.0,1393
9011001017900000,4,0.0,2353
9011001017900000,5,0.0,3776
9011001017900000,6,0.0,4225
9011001017900000,7,0.0,3474
9011001017900000,8,0.0,2902
9011001017900000,9,0.0,3097
9011001017900000,10,0.0,3187
9011001017900000,11,0.0,3114
9011001017900000,12,0.0,3252
9011001017900000,13,0.0016072863648540047,3733
9011001017900000,14,0.003971208736659221,4029
9011001017900000,15,0.0023507287259050304,4254
9011001017900000,16,0.0,4157
9011001017900000,17,0.0,4024
9011001017900000,18,0.0,3429
9011001017900000,19,0.0,2398
9011001017900000,20,0.0,1933
9011001017900000,21,0.0,1431
9011001017900000,22,0.0,1111
9011001017900000,23,0.0,157
9011001018000000,4,0.0,714
9011001018000000,5,0.0,1093
9011001018000000,6,0.0,1003
9011001018000000,7,0.0,817
9011001018000000,8,0.0,571
9011001018000000,9,0.0,587
9011001018000000,10,0.0,596
9011001018000000,11,0.0,585
9011001018000000,12,0.0,591
9011001018000000,13,0.0,874
9011001018000000,14,0.0,1080
9011001018000000,15,0.0,1101
9011001018000000,16,0.0,1096
9011001018000000,17,0.0,872
9011001018000000,18,0.0,593
9011001018000000,19,0.0,655
9011001018000000,20,0.0,699
9011001018000000,21,0.0,803
9011001018000000,22,0.0,258
9011001018100000,2,0.0,83
9011001018100000,3,0.0,1266
9011001018100000,4,0.0,3031
9011001018100000,5,0.0,3251
9011001018100000,6,0.0,3237
9011001018100000,7,0.0,3263
9011001018100000,8,0.0,3331
9011001018100000,9,0.0,3266
9011001018100000,10,0.0,3531
9011001018100000,11,0.0,3517
9011001018100000,12,0.004666483667307164,3643
9011001018100000,13,0.0,3589
9011001018100000,14,0.006191117092866756,3715
9011001018100000,15,0.0,3444
9011001018100000,16,0.0,3619
9011001018100000,17,0.0,3121
9011001018100000,18,0.0,2261
9011001018100000,19,0.0,2159
9011001018100000,20,0.0,2157
9011001018100000,21,0.0,2409
9011001018100000,22,0.0,718
9011001018300000,8,0.0,52
9011001018300000,9,0.0,119
9011001018300000,10,0.0,92
9011001018300000,11,0.0,88
9011001018300000,12,0.0,75
9011001018300000,13,0.0,91
9011001018400000,4,0.0,586
9011001018400000,5,0.0,549
9011001018400000,6,0.0,592
9011001018400000,7,0.0,654
9011001018400000,8,0.0,722
9011001018400000,9,0.0,770
9011001018400000,10,0.0,738
9011001018400000,11,0.0,809
9011001018400000,12,0.0,779
9011001018400000,13,0.0,805
9011001018400000,14,0.0,689
9011001018400000,15,0.0,928
9011001018400000,16,0.0,871
9011001018400000,17,0.0,858
9011001018400000,18,0.0,825
9011001018400000,19,0.0,881
9011001018400000,20,0.0,821
9011001018400000,21,0.0,226
9011001018500000,6,0.0,1
9011001018500000,7,0.0,651
9011001018500000,8,0.0,585
9011001018500000,9,0.0,644
9011001018500000,10,0.0,349
9011001018500000-185V,10,0.0,359
9011001018500000-185V,11,0.0,689
9011001018500000-185V,12,0.0,689
9011001018500000-185V,13,0.0,728
9011001018500000-185V,14,0.0,759
9011001018500000-185V,15,0.0,724
9011001018500000-185V,16,0.0,702
9011001018500000-185V,17,0.0,750
9011001018500000-185V,18,0.0,760
9011001018500000-185V,19,0.0,775
9011001018500000-185V,20,0.0,418
9011001018800000,0,0.0,118
9011001018800000,1,0.0,110
9011001018800000,2,0.0,141
9011001018800000,3,0.0,464
9011001018800000,4,0.0,815
9011001018800000,5,0.0,1796
9011001018800000,6,0.0,1661
9011001018800000,7,0.0,893
9011001018800000,8,0.0,651
9011001018800000,9,0.0,736
9011001018800000,10,0.0,894
9011001018800000,11,0.0,969
9011001018800000,12,0.0,890
9011001018800000,13,0.0,1163
9011001018800000,14,0.0,1549
9011001018800000,15,0.005669737774627924,1411
9011001018800000,16,0.0,1286
9011001018800000,17,0.0,959
9011001018800000,18,0.0,1109
9011001018800000,19,0.0,981
9011001018800000,20,0.0,709
9011001018800000,21,0.0,881
9011001018800000,22,0.0,639
9011001018800000,23,0.0,266
9011001019000000,0,0.0,1803
9011001019000000,1,0.0,925
9011001019000000,2,0.0,849
9011001019000000,23,0.0,1149
9011001019100000,0,0.0,2201
9011001019100000,1,0.0,976
9011001019100000,2,0.0,978
9011001019100000,3,0.0,344
9011001019100000,5,0.0,9
9011001019100000,22,0.0,59
9011001019100000,23,0.0,1424
9011001019200000,0,0.0,1643
9011001019200000,1,0.0,771
9011001019200000,2,0.0,720
9011001019200000,23,0.0,1019
9011001019300000,0,0.0,1777
9011001019300000,1,0.0,742
9011001019300000,2,0.0,671
9011001019300000,23,0.0,1111
9011001019400000,0,0.0,877
9011001019400000,1,0.0,575
9011001019400000,2,0.0,558
9011001019400000,3,0.0,114
9011001019400000,22,0.0,83
9011001019400000,23,0.0,630
9011001019500000,0,0.0,1321
9011001019500000,1,0.0,642
9011001019500000,2,0.0,504
9011001019500000,22,0.0,38
9011001019500000,23,0.0,800
9011001019600000,0,0.0,1569
9011001019600000,1,0.0,591
9011001019600000,2,0.0,698
9011001019600000,3,0.0,144
9011001019600000,23,0.0,1281
9011001019700000,0,0.006221719457013574,1768
9011001019700000,1,0.006363636363636364,1100
9011001019700000,2,0.006578947368421052,608
9011001019700000,3,0.010416666666666666,192
9011001019700000,23,0.007952286282306162,1006
9011001019800000,0,0.0,1847
9011001019800000,1,0.0,963
9011001019800000,2,0.0,799
9011001019800000,3,0.0,204
9011001019800000,23,0.0,867
9011001019900000,0,0.0,92
9011001019900000,1,0.0,193
9011001019900000,2,0.0,191
9011001019900000,3,0.006024096385542169,166
9011001020100000,0,0.0,60
9011001020100000,3,0.0,467
9011001020100000,4,0.0,1215
9011001020100000,5,0.0,1979
9011001020100000,6,0.0,1698
9011001020100000,7,0.0071174377224199285,1405
9011001020100000,8,0.0,1506
9011001020100000,9,0.0,1418
9011001020100000,10,0.0,1390
9011001020100000,11,0.0,1391
9011001020100000,12,0.0,1297
9011001020100000,13,0.0,1679
9011001020100000,14,0.0,1785
9011001020100000,15,0.0,2205
9011001020100000,16,0.0,1476
9011001020100000,17,0.0,1403
9011001020100000,18,0.0,1027
9011001020100000,19,0.0,1125
9011001020100000,20,0.0,1194
9011001020100000,21,0.0,1221
9011001020100000,22,0.0,801
9011001020100000,23,0.0,404
9011001020300000,3,0.0,168
9011001020300000,4,0.0,567
9011001020300000,5,0.0,870
9011001020300000,6,0.0,780
9011001020300000,7,0.0,835
9011001020300000,8,0.0,804
9011001020300000,9,0.0,907
9011001020300000,10,0.0,798
9011001020300000,11,0.0,899
9011001020300000,12,0.0,834
9011001020300000,13,0.0,822
9011001020300000,14,0.0,851
9011001020300000,15,0.0,806
9011001020300000,16,0.0,603
9011001020300000,17,0.0,519
9011001020300000,18,0.0,518
9011001020300000,19,0.0,525
9011001020300000,20,0.0,561
9011001020300000,21,0.0,595
9011001020300000,22,0.0,357
9011001020300000,23,0.0,105
9011001020400000,3,0.0,106
9011001020400000,4,0.0,1293
9011001020400000,5,0.0,908
9011001020400000,6,0.0,1338
9011001020400000,7,0.0,860
9011001020400000,8,0.0,874
9011001020400000,9,0.0,953
9011001020400000,10,0.0,879
9011001020400000,11,0.0,839
9011001020400000,12,0.0,929
9011001020400000,13,0.0,1058
9011001020400000,14,0.0,1228
9011001020400000,15,0.0,1653
9011001020400000,16,0.0,1287
9011001020400000,17,0.0,1162
9011001020400000,18,0.0,707
9011001020400000,19,0.0,796
9011001020400000,20,0.0,966
9011001020400000,21,0.0,803
9011001020400000,22,0.0,14
9011001020500000,0,0.0,39
9011001020500000,3,0.0,110
9011001020500000,4,0.0,863
9011001020500000,5,0.0,1105
9011001020500000,6,0.0,1176
9011001020500000,7,0.0,1136
9011001020500000,8,0.0,1238
9011001020500000,9,0.0,1218
9011001020500000,10,0.0,1160
9011001020500000,11,0.0,1165
9011001020500000,12,0.0,1063
9011001020500000,13,0.0,1046
9011001020500000,14,0.0,1139
9011001020500000,15,0.0,1368
9011001020500000,16,0.0,1356
9011001020500000,17,0.0,969
9011001020500000,18,0.0,837
9011001020500000,19,0.0,949
9011001020500000,20,0.0,974
9011001020500000,21,0.0,1018
9011001020500000,22,0.0,641
9011001020600000,3,0.0,58
9011001020600000,4,0.0,792
9011001020600000,5,0.0,1509
9011001020600000,6,0.0,1378
9011001020600000,7,0.0,1301
9011001020600000,8,0.0,1175
9011001020600000,9,0.0,1244
9011001020600000,10,0.0,1123
9011001020600000,11,0.0,1118
9011001020600000,12,0.0,1153
9011001020600000,13,0.0,1322
9011001020600000,14,0.0,1454
9011001020600000,15,0.0,1406
9011001020600000,16,0.0,1357
9011001020600000,17,0.0,1045
9011001020600000,18,0.0,961
9011001020600000,19,0.0,954
9011001020600000,20,0.0,961
9011001020600000,21,0.0,1130
9011001020600000,22,0.0,807
9011001021100000,6,0.0,252
9011001021100000,7,0.0,252
9011001021100000,8,0.0,438
9011001021100000,9,0.0,506
9011001021100000,10,0.0,430
9011001021100000,11,0.0,511
9011001021100000,12,0.0,415
9011001021100000,13,0.0,485
9011001021100000,14,0.0,259
9011001021100000,15,0.0,187
9011001021100000,16,0.0,127
9011001021100000,17,0.0,328
9011001021100000,18,0.0,37
9011001021200000,3,0.0,396
9011001021200000,4,0.0,1074
9011001021200000,5,0.0,1377
9011001021200000,6,0.0,1106
9011001021200000,7,0.0,852
9011001021200000,8,0.0,844
9011001021200000,9,0.0,924
9011001021200000,10,0.0,875
9011001021200000,11,0.0,840
9011001021200000,12,0.0,772
9011001021200000,13,0.0,1006
9011001021200000,14,0.0,1093
9011001021200000,15,0.0,1198
9011001021200000,16,0.0,1305
9011001021200000,17,0.0,803
9011001021200000,18,0.0,691
9011001021200000,19,0.0,717
9011001021200000,20,0.0,812
9011001021200000,21,0.0,917
9011001021200000,22,0.0,803
9011001021200000,23,0.0,207
9011001022200000,4,0.0,85
9011001022200000,5,0.0,317
9011001022200000,6,0.0,155
9011001022200000,13,0.0,70
9011001022200000,14,0.0,207
9011001022200000,15,0.0,242
9011001022200000,16,0.0,214
9011001022500000,5,0.0,235
9011001022500000,6,0.0,309
9011001022500000,7,0.0,91
9011001022500000,13,0.0,91
9011001022500000,14,0.0,326
9011001022500000,15,0.0,348
9011001022500000,16,0.0,179
9011001023800000,4,0.0,185
9011001023800000,5,0.0,1322
9011001023800000,6,0.0,1256
9011001023800000,7,0.0,1548
9011001023800000,8,0.0037359900373599006,1606
9011001023800000,9,0.008233058898036731,1579
9011001023800000,10,0.013944223107569721,1506
9011001023800000,11,0.005333333333333333,1500
9011001023800000,12,0.008620689655172414,1508
9011001023800000,13,0.013609850939727802,1543
9011001023800000,14,0.006993006993006993,1573
9011001023800000,15,0.0,1701
9011001023800000,16,0.0053156146179402,1505
9011001023800000,17,0.011067708333333334,1536
9011001023800000,18,0.01207115628970775,1574
9011001023800000,19,0.007936507936507936,504
9011001028200000,5,0.0,147
9011001029100000,0,0.0,1517
9011001029100000,1,0.0,866
9011001029100000,2,0.0,1039
9011001029100000,3,0.0,699
9011001029100000,23,0.0,1118
9011001029300000,0,0.0,696
9011001029300000,1,0.0,153
9011001029300000,2,0.0,245
9011001029300000,3,0.0,402
9011001029300000,23,0.0,546
9011001030100000,3,0.0,118
9011001030100000,13,0.0,132
9011001030100000,14,0.0,12
9011001030200000,3,0.0,282
9011001030200000,4,0.0,634
9011001030200000,5,0.0,1180
9011001030200000,6,0.0,1263
9011001030200000,7,0.0,948
9011001030200000,8,0.0,621
9011001030200000,9,0.0,613
9011001030200000,10,0.0,553
9011001030200000,11,0.0,641
9011001030200000,12,0.0,600
9011001030200000,13,0.0,822
9011001030200000,14,0.0,1284
9011001030200000,15,0.0,1353
9011001030200000,16,0.0,1358
9011001030200000,17,0.0,874
9011001030200000,18,0.0,558
9011001030200000,19,0.0,351
9011001030200000,20,0.0,360
9011001030200000,21,0.0,342
9011001030200000,22,0.0,63
9011001030300000,3,0.0,245
9011001030300000,4,0.0,558
9011001030300000,5,0.0,890
9011001030300000,6,0.0,841
9011001030300000,7,0.0,947
9011001030300000,8,0.0,864
9011001030300000,9,0.0,872
9011001030300000,10,0.0,940
9011001030300000,11,0.0,948
9011001030300000,12,0.0,968
9011001030300000,13,0.0,892
9011001030300000,14,0.0,1063
9011001030300000,15,0.0,1023
9011001030300000,16,0.0,872
9011001030300000,17,0.0,777
9011001030300000,18,0.0,960
9011001030300000,19,0.0,941
9011001030300000,20,0.0,687
9011001030300000,21,0.0,579
9011001030300000,22,0.0,417
9011001030400000,4,0.0,282
9011001030400000,5,0.0,622
9011001030400000,6,0.0,504
9011001030400000,13,0.0,243
9011001030400000,14,0.0,673
9011001030400000,15,0.0,474
9011001030400000,16,0.0,408
9011001030500000,3,0.0,309
9011001030500000,4,0.0,750
9011001030500000,5,0.0,1272
9011001030500000,6,0.0,1191
9011001030500000,7,0.0,1193
9011001030500000,8,0.0,1119
9011001030500000,9,0.0,1077
9011001030500000,10,0.0,1024
9011001030500000,11,0.0,1240
9011001030500000,12,0.0,931
9011001030500000,13,0.0,1357
9011001030500000,14,0.0,1601
9011001030500000,15,0.0,1237
9011001030500000,16,0.0,1628
9011001030500000,17,0.0,1256
9011001030500000,18,0.0,751
9011001030500000,19,0.0,876
9011001030500000,20,0.0,839
9011001030500000,21,0.0,525
9011001030500000,22,0.0,151
9011001030900000,0,0.0,14
9011001030900000,1,0.0,42
9011001030900000,3,0.0,555
9011001030900000,4,0.0,1249
9011001030900000,5,0.0,1734
9011001030900000,6,0.0,1905
9011001030900000,7,0.0,1084
9011001030900000,8,0.001310615989515072,763
9011001030900000,9,0.0,927
9011001030900000,10,0.0,851
9011001030900000,11,0.0,972
9011001030900000,12,0.0,1150
9011001030900000,13,0.0,2018
9011001030900000,14,0.0,2707
9011001030900000,15,0.0,2071
9011001030900000,16,0.0,1152
9011001030900000,17,0.0,1307
9011001030900000,18,0.0,843
9011001030900000,19,0.0,557
9011001030900000,20,0.0,899
9011001030900000,21,0.0,70
9011001030900000,22,0.0,301
9011001030900000,23,0.0,71
9011001031100000,0,0.0,176
9011001031100000,3,0.0,262
9011001031100000,4,0.0,1492
9011001031100000,5,0.0,2028
9011001031100000,6,0.0,1698
9011001031100000,7,0.0,1355
9011001031100000,8,0.0,1353
9011001031100000,9,0.0,1391
9011001031100000,10,0.0,1416
9011001031100000,11,0.0,1751
9011001031100000,12,0.0,1132
9011001031100000,13,0.0038482682792743265,1819
9011001031100000,14,0.001507537688442211,1990
9011001031100000,15,0.0,1630
9011001031100000,16,0.0,1556
9011001031100000,17,0.0,1417
9011001031100000,18,0.0,1449
9011001031100000,19,0.0,1287
9011001031100000,20,0.0,1315
9011001031100000,21,0.0,968
9011001031100000,22,0.0,482
9011001031100000,23,0.0,548
9011001031100000-311E,12,0.0,303
9011001031100000-311E,14,0.0,306
9011001031200000,3,0.0,76
9011001031200000,4,0.0,489
9011001031200000,5,0.0,394
9011001031200000,6,0.0,454
9011001031200000,7,0.0,512
9011001031200000,8,0.0,584
9011001031200000,9,0.0,486
9011001031200000,10,0.0,583
9011001031200000,11,0.0,565
9011001031200000,12,0.0,597
9011001031200000,13,0.0,546
9011001031200000,14,0.0,356
9011001031200000,15,0.0,523
9011001031200000,16,0.0,561
9011001031200000,17,0.0,625
9011001031200000,18,0.0,578
9011001031200000,19,0.0,699
9011001031200000,20,0.0,605
9011001031200000,21,0.0,702
9011001031300000,3,0.0,84
9011001031300000,4,0.0,288
9011001031300000,5,0.0,308
9011001031300000,6,0.0,348
9011001031300000,7,0.0,396
9011001031300000,8,0.0,192
9011001031300000,9,0.0,298
9011001031300000,10,0.0,277
9011001031300000,11,0.0,395
9011001031300000,12,0.0,285
9011001031300000,13,0.0,421
9011001031300000,14,0.0,308
9011001031300000,15,0.0,395
9011001031300000,16,0.0,300
9011001031300000,17,0.0,336
9011001031300000,18,0.0,348
9011001031500000,0,0.0,85
9011001031500000,3,0.0,508
9011001031500000,4,0.0,671
9011001031500000,5,0.0,979
9011001031500000,6,0.0,754
9011001031500000,7,0.0,916
9011001031500000,8,0.0,884
9011001031500000,9,0.0,796
9011001031500000,10,0.0,576
9011001031500000,11,0.0,828
9011001031500000,12,0.0,852
9011001031500000,13,0.0,1027
9011001031500000,14,0.0,872
9011001031500000,15,0.0,919
9011001031500000,16,0.0,881
9011001031500000,17,0.0,954
9011001031500000,18,0.0,1000
9011001031500000,19,0.0,637
9011001031500000,20,0.0,613
9011001031500000,21,0.0,1057
9011001031500000,22,0.0,541
9011001031500000,23,0.0,133
9011001031600000,4,0.0,200
9011001031600000,5,0.0,1063
9011001031600000,6,0.0,1045
9011001031600000,7,0.0,568
9011001031600000,8,0.0,468
9011001031600000,9,0.0,29
9011001031600000,10,0.0,475
9011001031600000,12,0.0,468
9011001031600000,13,0.0,147
9011001031600000,14,0.0,1156
9011001031600000,15,0.0,1015
9011001031600000,16,0.0,514
9011001031600000,17,0.0,41
9011001031600000,18,0.0,11
9011001031700000,0,0.0,126
9011001031700000,3,0.0,177
9011001031700000,4,0.0,1738
9011001031700000,5,0.0,2367
9011001031700000,6,0.0,1181
9011001031700000,7,0.0,1423
9011001031700000,8,0.0,517
9011001031700000,9,0.0,828
9011001031700000,10,0.0,692
9011001031700000,11,0.0,924
9011001031700000,12,0.0,1173
9011001031700000,13,0.0,1590
9011001031700000,14,0.0,1283
9011001031700000,15,0.0,1387
9011001031700000,16,0.0,1236
9011001031700000,17,0.0,1610
9011001031700000,18,0.0,1436
9011001031700000,19,0.0,1168
9011001031700000,20,0.0,812
9011001031700000,21,0.0,1402
9011001031700000,22,0.0,1050
9011001031700000,23,0.0,282
9011001031800000,4,0.0,561
9011001031800000,5,0.0,1022
9011001031800000,6,0.0,1195
9011001031800000,7,0.0,720
9011001031800000,8,0.0,826
9011001031800000,9,0.0,609
9011001031800000,10,0.0,416
9011001031800000,11,0.0,630
9011001031800000,12,0.0,889
9011001031800000,13,0.0,680
9011001031800000,14,0.0,1193
9011001031800000,15,0.0,1103
9011001031800000,16,0.0,743
9011001031800000,17,0.0,699
9011001031800000,18,0.0,124
9011001032300000,4,0.0,562
9011001032300000,5,0.0,1127
9011001032300000,6,0.0,776
9011001032300000,7,0.0,1035
9011001032300000,8,0.0,366
9011001032300000,9,0.0,778
9011001032300000,10,0.0,703
9011001032300000,11,0.0,603
9011001032300000,12,0.0,1345
9011001032300000,13,0.0,1202
9011001032300000,14,0.0,1402
9011001032300000,15,0.0,1085
9011001032300000,16,0.0,1269
9011001032300000,17,0.0,705
9011001032300000,18,0.0,903
9011001032300000,19,0.0,44
9011001032300000,20,0.0,828
9011001032300000,21,0.0,63
9011001032500000,6,0.0,291
9011001032500000,8,0.0,188
9011001032500000,12,0.0,114
9011001032500000,13,0.0,151
9011001032500000,14,0.0,10
9011001032500000,15,0.0,137
9011001033300000,4,0.0,168
9011001033300000,5,0.0,543
9011001033300000,6,0.0,459
9011001033300000,7,0.0,461
9011001033300000,8,0.0,613
9011001033300000,9,0.0,84
9011001033300000,10,0.0,30
9011001033300000,12,0.0,334
9011001033300000,13,0.0,714
9011001033300000,14,0.0,310
9011001033300000,15,0.0,550
9011001033300000,16,0.0,508
9011001034000000,4,0.0,299
9011001034000000,5,0.0,684
9011001034000000,6,0.022146507666098807,587
9011001034000000,7,0.0,977
9011001034000000,8,0.0,525
9011001034000000,9,0.0,984
9011001034000000,10,0.0,562
9011001034000000,11,0.0,823
9011001034000000,12,0.0,617
9011001034000000,13,0.0,913
9011001034000000,14,0.0,655
9011001034000000,15,0.0,919
9011001034000000,16,0.0,571
9011001034000000,17,0.0,1418
9011001034000000,18,0.0,1357
9011001034000000,19,0.0,1470
9011001034000000,20,0.0,2020
9011001034000000,21,0.0,1835
9011001034000000,22,0.0,737
9011001034000000,23,0.0,126
9011001035000000,3,0.0,103
9011001035000000,4,0.0,419
9011001035000000,5,0.0,467
9011001035000000,6,0.0,540
9011001035000000,7,0.0,432
9011001035000000,8,0.0,642
9011001035000000,9,0.0,773
9011001035000000,10,0.0,795
9011001035000000,11,0.0,760
9011001035000000,12,0.0,758
9011001035000000,13,0.0,795
9011001035000000,14,0.0,695
9011001035000000,15,0.0,643
9011001035000000,16,0.0,471
9011001035000000,17,0.0,498
9011001035000000,18,0.0,478
9011001035000000,19,0.0,397
9011001035000000,20,0.0,334
9011001035000000,21,0.0,126
9011001039600000,0,0.0,214
9011001039600000,1,0.0,279
9011001039600000,2,0.0,154
9011001039600000,3,0.0,167
9011001039600000,22,0.0,88
9011001039600000,23,0.0,166
9011001040100000,3,0.0,699
9011001040100000,4,0.0,2078
9011001040100000,5,0.0,3361
9011001040100000,6,0.0,3714
9011001040100000,7,0.0,3254
9011001040100000,8,0.0,2464
9011001040100000,9,0.0,2504
9011001040100000,10,0.0,2653
9011001040100000,11,0.0,2818
9011001040100000,12,0.0,3150
9011001040100000,13,0.0,3638
9011001040100000,14,0.0,4223
9011001040100000,15,0.0,4195
9011001040100000,16,0.0,3762
9011001040100000,17,0.0,3517
9011001040100000,18,0.0,2914
9011001040100000,19,0.0,2971
9011001040100000,20,0.0,2643
9011001040100000,21,0.0,2366
9011001040100000,22,0.0,1485
9011001040100000,23,0.0,672
9011001040200000,3,0.0,179
9011001040200000,4,0.0,1327
9011001040200000,5,0.0,2147
9011001040200000,6,0.002288329519450801,2185
9011001040200000,7,0.0,2059
9011001040200000,8,0.0,1720
9011001040200000,9,0.0,1768
9011001040200000,10,0.0,1821
9011001040200000,11,0.0,1757
9011001040200000,12,0.0,1848
9011001040200000,13,0.0,2437
9011001040200000,14,0.0,2519
9011001040200000,15,0.0,2492
9011001040200000,16,0.0,2214
9011001040200000,17,0.0,1692
9011001040200000,18,0.0,1061
9011001040200000,19,0.0,979
9011001040200000,20,0.0,1153
9011001040200000,21,0.0,1316
9011001040200000,22,0.0,930
9011001040200000,23,0.0,448
9011001040200000-402X,5,0.0,43
9011001040200000-402X,6,0.0,96
9011001040500000,3,0.0,172
9011001040500000,4,0.0,772
9011001040500000,5,0.0,2115
9011001040500000,6,0.0,2390
9011001040500000,7,0.0,1150
9011001040500000,8,0.0,814
9011001040500000,9,0.0,828
9011001040500000,10,0.0,795
9011001040500000,11,0.0,834
9011001040500000,12,0.0,888
9011001040500000,13,0.0,1621
9011001040500000,14,0.0,2567
9011001040500000,15,0.00042408821034775233,2358
9011001040500000,16,0.0006119951040391676,1634
9011001040500000,17,0.0,774
9011001040500000,18,0.0,125
9011001040900000,0,0.0,57
9011001040900000,3,0.0,153
9011001040900000,4,0.0,884
9011001040900000,5,0.0,1813
9011001040900000,6,0.0,1780
9011001040900000,7,0.0,2090
9011001040900000,8,0.0,1813
9011001040900000,9,0.0,1970
9011001040900000,10,0.0,1931
9011001040900000,11,0.0,2066
9011001040900000,12,0.0,1994
9011001040900000,13,0.0,1931
9011001040900000,14,0.0,2032
9011001040900000,15,0.0,2090
9011001040900000,16,0.0,2161
9011001040900000,17,0.0,1994
9011001040900000,18,0.0,1954
9011001040900000,19,0.0,1970
9011001040900000,20,0.0,1447
9011001040900000,21,0.0,1317
9011001040900000,22,0.0,626
9011001040900000,23,0.0,69
9011001041000000,4,0.0,415
9011001041000000,5,0.0,2015
9011001041000000,6,0.0,2351
9011001041000000,7,0.007597340930674264,1053
9011001041000000,8,0.0,870
9011001041000000,9,0.0,845
9011001041000000,10,0.0,840
9011001041000000,11,0.0,806
9011001041000000,12,0.0,836
9011001041000000,13,0.0,954
9011001041000000,14,0.0,1224
9011001041000000,15,0.0,1251
9011001041000000,16,0.0,1131
9011001041000000,17,0.0,395
9011001041100000,4,0.0,254
9011001041100000,5,0.0,627
9011001041100000,6,0.0,567
9011001041100000,7,0.0,97
9011001041300000,3,0.0,210
9011001041300000,4,0.0,144
9011001041300000,5,0.0,341
9011001041300000,6,0.0,780
9011001041300000,7,0.0,1069
9011001041300000,8,0.0,1011
9011001041300000,9,0.0,926
9011001041300000,10,0.0,1045
9011001041300000,11,0.0,941
9011001041300000,12,0.0,771
9011001041300000,13,0.0,879
9011001041300000,14,0.0,845
9011001041300000,15,0.0,878
9011001041300000,16,0.0,927
9011001041300000,17,0.0,581
9011001041300000,18,0.0,296
9011001041300000,19,0.0,72
9011001041400000,0,0.0,115
9011001041400000,1,0.0,69
9011001041400000,2,0.0,229
9011001041400000,3,0.0,861
9011001041400000,4,0.0,882
9011001041400000,5,0.0,1124
9011001041400000,6,0.0,1063
9011001041400000,7,0.0,2866
9011001041400000,8,0.0,2875
9011001041400000,9,0.0,2626
9011001041400000,10,0.0,2796
9011001041400000,11,0.0,2791
9011001041400000,12,0.0,3123
9011001041400000,13,0.0,3350
9011001041400000,14,0.0,2828
9011001041400000,15,0.0,2861
9011001041400000,16,0.0,3009
9011001041400000,17,0.0,2808
9011001041400000,18,0.0,2284
9011001041400000,19,0.0,2284
9011001041400000,20,0.0,2678
9011001041400000,21,0.0,2337
9011001041400000,22,0.0,1147
9011001041400000,23,0.0,414
9011001041600000,3,0.0,55
9011001041600000,4,0.0,240
9011001041600000,5,0.0,215
9011001041600000,6,0.0,270
9011001041600000,7,0.0,249
9011001041600000,8,0.0,155
9011001041600000,9,0.0,165
9011001041600000,10,0.0,175
9011001041600000,11,0.0,170
9011001041600000,12,0.0,180
9011001041600000,13,0.0,255
9011001041600000,14,0.0,322
9011001041600000,15,0.0,340
9011001041600000,16,0.0,290
9011001041600000,17,0.0,127
9011001041600000,18,0.0,170
9011001041600000,19,0.0,180
9011001041600000,20,0.0,75
9011001041700000,0,0.0,51
9011001041700000,3,0.0,99
9011001041700000,4,0.0,495
9011001041700000,5,0.0,554
9011001041700000,6,0.0,483
9011001041700000,7,0.0,502
9011001041700000,8,0.0,275
9011001041700000,9,0.0,276
9011001041700000,10,0.0,253
9011001041700000,11,0.0,279
9011001041700000,12,0.0,298
9011001041700000,13,0.0,270
9011001041700000,14,0.0,519
9011001041700000,15,0.0,555
9011001041700000,16,0.0,501
9011001041700000,17,0.0,460
9011001041700000,18,0.0,290
9011001041700000,19,0.0,349
9011001041700000,20,0.0,334
9011001041700000,21,0.0,352
9011001041700000,22,0.0,260
9011001041800000,0,0.0,27
9011001041800000,3,0.0,136
9011001041800000,4,0.0,369
9011001041800000,5,0.0,225
9011001041800000,6,0.0,319
9011001041800000,7,0.0,270
9011001041800000,8,0.0,293
9011001041800000,9,0.0,279
9011001041800000,10,0.0,292
9011001041800000,11,0.0,281
9011001041800000,12,0.0,330
9011001041800000,13,0.0,429
9011001041800000,14,0.0,510
9011001041800000,15,0.0,510
9011001041800000,16,0.0,514
9011001041800000,17,0.0,360
9011001041800000,18,0.0,324
9011001041800000,19,0.0,315
9011001041800000,20,0.0,329
9011001041800000,21,0.0,365
9011001041800000,22,0.0,252
9011001041800000,23,0.0,27
9011001042000000,4,0.0,404
9011001042000000,5,0.0,463
9011001042000000,6,0.0,568
9011001042000000,7,0.0,151
9011001042000000,13,0.0,66
9011001042000000,14,0.0,507
9011001042000000,15,0.0,531
9011001042000000,16,0.0,459
9011001042100000,0,0.0,98
9011001042100000,1,0.0,67
9011001042100000,3,0.0,112
9011001042100000,4,0.0,749
9011001042100000,5,0.0,851
9011001042100000,6,0.0,547
9011001042100000,7,0.0,861
9011001042100000,8,0.0,762
9011001042100000,9,0.0,758
9011001042100000,10,0.0,778
9011001042100000,11,0.0,780
9011001042100000,12,0.0,1102
9011001042100000,13,0.0,1342
9011001042100000,14,0.0,821
9011001042100000,15,0.0,768
9011001042100000,16,0.0,644
9011001042100000,17,0.0,507
9011001042100000,18,0.0,848
9011001042100000,19,0.0,870
9011001042100000,20,0.0,794
9011001042100000,21,0.0,977
9011001042100000,22,0.0,700
9011001042100000,23,0.0,465
9011001042200000,0,0.0,279
9011001042200000,1,0.0,188
9011001042200000,2,0.0,126
9011001042200000,3,0.0,1133
9011001042200000,4,0.0,2096
9011001042200000,5,0.0,3351
9011001042200000,6,0.0,2821
9011001042200000,7,0.0,2760
9011001042200000,8,0.0,2667
9011001042200000,9,0.0,2529
9011001042200000,10,0.0,2677
9011001042200000,11,0.0,2858
9011001042200000,12,0.01195219123505976,3514
9011001042200000,13,0.0,3322
9011001042200000,14,0.0,2610
9011001042200000,15,0.0,2587
9011001042200000,16,0.0,2744
9011001042200000,17,0.0,2737
9011001042200000,18,0.0,2860
9011001042200000,19,0.0,3037
9011001042200000,20,0.0,3212
9011001042200000,21,0.0,3509
9011001042200000,22,0.0,2549
9011001042200000,23,0.0,850
9011001042300000,4,0.0,442
9011001042300000,5,0.0,1051
9011001042300000,6,0.0,874
9011001042300000,7,0.0,328
9011001042300000,12,0.0,63
9011001042300000,13,0.0,459
9011001042300000,14,0.0,778
9011001042300000,15,0.0,871
9011001042300000,16,0.0,622
9011001042300000,17,0.0,334
9011001042300000,18,0.0,24
9011001042400000,4,0.0,4
9011001042400000,5,0.0,253
9011001042400000,6,0.0,306
9011001042400000,7,0.0,48
9011001042400000,8,0.0,6
9011001042400000,9,0.0,334
9011001042400000,11,0.0,83
9011001042400000,12,0.0,45
9011001042400000,13,0.0,103
9011001042400000,14,0.0,12
9011001042400000,15,0.0,271
9011001042400000,16,0.0,31
9011001042400000,17,0.0,349
9011001042400000,18,0.0,26
9011001042400000,19,0.0,33
9011001042400000,20,0.0,382
9011001042400000-424V,4,0.0,273
9011001042400000-424V,5,0.0,254
9011001042400000-424V,6,0.0,12
9011001042400000-424V,7,0.0,275
9011001042400000-424V,11,0.0,264
9011001042400000-424V,12,0.0,212
9011001042400000-424V,13,0.0,244
9011001042400000-424V,14,0.0,264
9011001042400000-424V,15,0.0,73
9011001042400000-424V,16,0.0,245
9011001042400000-424V,18,0.0,262
9011001042500000,3,0.0,6
9011001042500000,4,0.0,449
9011001042500000,5,0.0,768
9011001042500000,6,0.004519774011299435,885
9011001042500000,7,0.0,575
9011001042500000,8,0.0,298
9011001042500000,9,0.0,351
9011001042500000,10,0.0,305
9011001042500000,11,0.0,328
9011001042500000,12,0.0,347
9011001042500000,13,0.0,517
9011001042500000,14,0.0,759
9011001042500000,15,0.0,841
9011001042500000,16,0.0,659
9011001042500000,17,0.0,541
9011001042500000,18,0.0,426
9011001042500000,19,0.0,407
9011001042500000,20,0.0,383
9011001042500000,21,0.0,368
9011001042500000,22,0.0,13
9011001042600000,4,0.0,397
9011001042600000,5,0.0,408
9011001042600000,6,0.0,273
9011001042600000,7,0.0,98
9011001042600000,9,0.0,88
9011001042600000,10,0.0,143
9011001042600000,11,0.0,338
9011001042600000,12,0.0,213
9011001042600000,13,0.0,171
9011001042600000,14,0.0,325
9011001042600000,15,0.0,304
9011001042600000,16,0.0,542
9011001042600000,17,0.0,194
9011001042600000,18,0.0,20
9011001042600000,19,0.0,403
9011001042800000,0,0.0,46
9011001042800000,1,0.0,56
9011001042800000,3,0.0,435
9011001042800000,4,0.0,91
9011001042800000,5,0.0,190
9011001042800000,6,0.0,372
9011001042800000,7,0.0,65
9011001042800000,8,0.0,71
9011001042800000,10,0.0,358
9011001042800000,13,0.0,369
9011001042800000,14,0.0,71
9011001042800000,15,0.0,32
9011001042800000,16,0.0,99
9011001042800000,17,0.0,466
9011001042800000,18,0.0,188
9011001042800000,19,0.0,537
9011001042800000,20,0.0,714
9011001042800000,21,0.0,748
9011001042800000,22,0.0,222
9011001042800000,23,0.0,366
9011001042800000-428X,4,0.0,578
9011001042800000-428X,5,0.0,723
9011001042800000-428X,6,0.0,446
9011001042800000-428X,7,0.0,410
9011001042800000-428X,8,0.0,543
9011001042800000-428X,9,0.0,286
9011001042800000-428X,10,0.0,391
9011001042800000-428X,11,0.0,675
9011001042800000-428X,12,0.0,875
9011001042800000-428X,13,0.0,540
9011001042800000-428X,14,0.0,778
9011001042800000-428X,15,0.0,1261
9011001042800000-428X,16,0.0,983
9011001042800000-428X,17,0.0,564
9011001042800000-428X,18,0.0,530
9011001042900000,0,0.0,100
9011001042900000,4,0.0,332
9011001042900000,5,0.0,437
9011001042900000,6,0.0,550
9011001042900000,7,0.0,103
9011001042900000,8,0.0,288
9011001042900000,9,0.0,280
9011001042900000,12,0.0,280
9011001042900000,13,0.0,30
9011001042900000,15,0.0,285
9011001042900000,17,0.0,365
9011001042900000,18,0.0,258
9011001042900000,19,0.0,690
9011001042900000,20,0.0,666
9011001042900000,22,0.0,409
9011001042900000-429X,3,0.0,265
9011001042900000-429X,4,0.0,635
9011001042900000-429X,5,0.0,779
9011001042900000-429X,6,0.0,497
9011001042900000-429X,7,0.0,259
9011001042900000-429X,8,0.0,240
9011001042900000-429X,9,0.0,422
9011001042900000-429X,10,0.0,451
9011001042900000-429X,11,0.0,505
9011001042900000-429X,12,0.0,763
9011001042900000-429X,13,0.0,967
9011001042900000-429X,14,0.0,1071
9011001042900000-429X,15,0.0,831
9011001042900000-429X,16,0.0,905
9011001042900000-429X,17,0.0,462
9011001042900000-429X,18,0.0,297
9011001043000000,4,0.0,270
9011001043000000,5,0.0,249
9011001043000000,6,0.0,78
9011001043000000,7,0.0,69
9011001043000000,8,0.0,287
9011001043000000,9,0.0,84
9011001043000000,11,0.0,267
9011001043000000,12,0.0,668
9011001043000000,13,0.0,66
9011001043000000,14,0.0,325
9011001043000000,16,0.0,331
9011001043000000,17,0.0,173
9011001043000000,18,0.0,469
9011001043000000,19,0.0,644
9011001043000000,20,0.0,759
9011001043000000,21,0.0,740
9011001043000000,22,0.0,542
9011001043000000,23,0.0,103
9011001043000000-430X,3,0.0,197
9011001043000000-430X,4,0.0,375
9011001043000000-430X,5,0.0,1013
9011001043000000-430X,6,0.0,1251
9011001043000000-430X,7,0.0,547
9011001043000000-430X,8,0.0,265
9011001043000000-430X,9,0.0,484
9011001043000000-430X,10,0.0,531
9011001043000000-430X,11,0.0,637
9011001043000000-430X,12,0.0,293
9011001043000000-430X,13,0.0,1056
9011001043000000-430X,14,0.0,983
9011001043000000-430X,15,0.0,968
9011001043000000-430X,16,0.0,783
9011001043000000-430X,17,0.0,451
9011001043000000-430X,18,0.0,110
9011001043000000-430X,19,0.0,272
9011001043200000,5,0.0,79
9011001043200000,7,0.0,23
9011001043200000,8,0.0,92
9011001043200000,11,0.0,27
9011001043200000,12,0.0,28
9011001043200000,13,0.0,26
9011001043200000,14,0.0,65
9011001043200000,15,0.0,41
9011001043200000,16,0.0,127
9011001043300000,0,0.0,125
9011001043300000,3,0.0,772
9011001043300000,4,0.0,1421
9011001043300000,5,0.0,2279
9011001043300000,6,0.0,2080
9011001043300000,7,0.0,1585
9011001043300000,8,0.0,1084
9011001043300000,9,0.0,1298
9011001043300000,10,0.0,1239
9011001043300000,11,0.0,1425
9011001043300000,12,0.0,2094
9011001043300000,13,0.0,2278
9011001043300000,14,0.0,2730
9011001043300000,15,0.0,2418
9011001043300000,16,0.0,1517
9011001043300000,17,0.0,1312
9011001043300000,18,0.0,832
9011001043300000,19,0.0,866
9011001043300000,20,0.0,557
9011001043300000,21,0.0,126
9011001043300000,22,0.0,700
9011001043300000,23,0.0,161
9011001043400000,1,0.0,132
9011001043400000,2,0.0,141
9011001043400000,3,0.0,618
9011001043400000,4,0.0,1705
9011001043400000,5,0.0,3597
9011001043400000,6,0.0,3052
9011001043400000,7,0.0,2068
9011001043400000,8,0.0,2081
9011001043400000,9,0.0,1743
9011001043400000,10,0.0,2081
9011001043400000,11,0.0,1946
9011001043400000,12,0.0,2650
9011001043400000,13,0.0034066274388355527,3229
9011001043400000,14,0.005846153846153846,3250
9011001043400000,15,0.0,4195
9011001043400000,16,0.0,4021
9011001043400000,17,0.0,3607
9011001043400000,18,0.0,2103
9011001043400000,19,0.0,1485
9011001043400000,20,0.0,1945
9011001043400000,21,0.0,1753
9011001043400000,22,0.0,505
9011001043500000,5,0.0,342
9011001043500000,6,0.0,385
9011001043500000,7,0.0,86
9011001043500000,8,0.0,90
9011001043500000,10,0.0,158
9011001043500000,11,0.0,90
9011001043500000,12,0.0,145
9011001043500000-435C,4,0.0,491
9011001043500000-435C,5,0.0,833
9011001043500000-435C,6,0.0,737
9011001043500000-435C,7,0.0,110
9011001043500000-435C,14,0.0,139
9011001043500000-435C,15,0.0,258
9011001043500000-435C,16,0.0,127
9011001043600000,0,0.0,48
9011001043600000,3,0.0,90
9011001043600000,4,0.0,755
9011001043600000,5,0.0,1341
9011001043600000,6,0.0,852
9011001043600000,7,0.0,226
9011001043600000,8,0.0,440
9011001043600000,9,0.0,509
9011001043600000,10,0.0,584
9011001043600000,11,0.0,176
9011001043600000,12,0.0,616
9011001043600000,13,0.0,949
9011001043600000,14,0.0,1137
9011001043600000,15,0.0,1088
9011001043600000,16,0.0,1146
9011001043600000,17,0.0,660
9011001043600000,18,0.0,475
9011001043600000,19,0.0,789
9011001043600000,20,0.0,514
9011001043600000,21,0.0,639
9011001043600000,22,0.0,55
9011001043700000,0,0.0,18
9011001043700000,3,0.0,241
9011001043700000,4,0.0,788
9011001043700000,5,0.0,1311
9011001043700000,6,0.0,1159
9011001043700000,7,0.0,321
9011001043700000,8,0.0,319
9011001043700000,9,0.0,523
9011001043700000,10,0.0,138
9011001043700000,11,0.0,254
9011001043700000,12,0.0,762
9011001043700000,13,0.0,789
9011001043700000,14,0.0,922
9011001043700000,15,0.0,943
9011001043700000,16,0.0,1028
9011001043700000,17,0.0,1210
9011001043700000,18,0.0,1033
9011001043700000,19,0.0,903
9011001043700000,20,0.0,676
9011001043700000,21,0.0,630
9011001043700000,22,0.0,512
9011001043700000,23,0.0,31
9011001043800000,4,0.0,368
9011001043800000,5,0.0,505
9011001043800000,6,0.0,470
9011001043800000,7,0.0,358
9011001043800000,8,0.0,679
9011001043800000,9,0.0,224
9011001043800000,10,0.0,389
9011001043800000,11,0.0,602
9011001043800000,12,0.0,177
9011001043800000,13,0.0,546
9011001043800000,14,0.0,810
9011001043800000,15,0.0,1256
9011001043800000,16,0.0,1233
9011001043800000,17,0.0,539
9011001043800000,18,0.0,709
9011001043800000,19,0.0,439
9011001043900000,4,0.0,270
9011001043900000,5,0.0,427
9011001043900000,6,0.0,95
9011001043900000,7,0.0,427
9011001043900000,8,0.0,369
9011001043900000,9,0.0,299
9011001043900000,10,0.0,510
9011001043900000,11,0.0,299
9011001043900000,12,0.0,157
9011001043900000,13,0.0,495
9011001043900000,14,0.0,357
9011001043900000,15,0.0,194
9011001043900000,16,0.0,520
9011001043900000,17,0.0,183
9011001043900000,18,0.0,53
9011001044000000,3,0.0,45
9011001044000000,4,0.0,641
9011001044000000,5,0.0,1042
9011001044000000,6,0.0,592
9011001044000000,7,0.0,438
9011001044000000,8,0.0,381
9011001044000000,9,0.0,472
9011001044000000,10,0.0,244
9011001044000000,11,0.0,625
9011001044000000,12,0.0,401
9011001044000000,13,0.0,844
9011001044000000,14,0.0,1078
9011001044000000,15,0.0,939
9011001044000000,16,0.0,846
9011001044000000,17,0.0,781
9011001044000000,18,0.0,734
9011001044000000,19,0.0,144
9011001044000000,20,0.0,489
9011001044000000,21,0.0,262
9011001044000000,23,0.0,61
9011001044100000,3,0.0,450
9011001044100000,4,0.0,530
9011001044100000,5,0.0,1261
9011001044100000,6,0.0,1312
9011001044100000,7,0.0,414
9011001044100000,13,0.0,152
9011001044100000,14,0.0,1151
9011001044100000,15,0.0,1335
9011001044100000,16,0.0,1250
9011001044100000,17,0.0,773
9011001044200000,4,0.0,975
9011001044200000,5,0.0,1954
9011001044200000,6,0.0,1865
9011001044200000,7,0.0,1614
9011001044200000,8,0.0,1232
9011001044200000,9,0.0,1214
9011001044200000,10,0.0,1334
9011001044200000,11,0.0,1346
9011001044200000,12,0.0,1403
9011001044200000,13,0.0,1784
9011001044200000,14,0.0,1815
9011001044200000,15,0.0,1882
9011001044200000,16,0.0,1894
9011001044200000,17,0.0005724098454493417,1747
9011001044200000,18,0.0,1421
9011001044200000,19,0.0,1436
9011001044200000,20,0.0,744
9011001044200000,21,0.0,14
9011001044200000,22,0.0,14
9011001044200000-442C,4,0.0,255
9011001044200000-442C,5,0.0,520
9011001044200000-442C,6,0.0,564
9011001044200000-442C,7,0.0,94
9011001044200000-442C,13,0.0,396
9011001044200000-442C,14,0.0,897
9011001044200000-442C,15,0.0,1003
9011001044200000-442C,16,0.0,890
9011001044200000-442C,17,0.0,73
9011001044300000,3,0.0,399
9011001044300000,4,0.0,540
9011001044300000,5,0.0,1029
9011001044300000,6,0.0,1471
9011001044300000,7,0.0,913
9011001044300000,8,0.0,507
9011001044300000,9,0.0,494
9011001044300000,10,0.0,516
9011001044300000,11,0.0,551
9011001044300000,12,0.0,722
9011001044300000,13,0.0,836
9011001044300000,14,0.0,956
9011001044300000,15,0.0,1123
9011001044300000,16,0.0,867
9011001044300000,17,0.0,498
9011001044300000,18,0.0,412
9011001044300000,19,0.0,439
9011001044300000,20,0.0,475
9011001044300000,21,0.0,481
9011001044300000,22,0.0,254
9011001044300000,23,0.0,100
9011001044300000-443C,4,0.0,12
9011001044300000-443C,5,0.0,110
9011001044300000-443C,6,0.0,115
9011001044300000-443C,7,0.0,82
9011001044300000-443C,13,0.0,48
9011001044300000-443C,14,0.0,90
9011001044300000-443C,15,0.0,75
9011001044400000,3,0.0,256
9011001044400000,4,0.0,1118
9011001044400000,5,0.0,889
9011001044400000,6,0.0,876
9011001044400000,7,0.0,1377
9011001044400000,8,0.0,1658
9011001044400000,9,0.0,1609
9011001044400000,10,0.008573178199632579,1633
9011001044400000,11,0.0,1750
9011001044400000,12,0.0,1473
9011001044400000,13,0.0,1238
9011001044400000,14,0.0,1181
9011001044400000,15,0.0,1177
9011001044400000,16,0.0,1225
9011001044400000,17,0.0,1512
9011001044400000,18,0.0,1861
9011001044400000,19,0.0015731515469323545,1907
9011001044400000,20,0.0,1894
9011001044400000,21,0.0,1099
9011001044400000,22,0.0,600
9011001044400000,23,0.0,28
9011001044500000,3,0.0,82
9011001044500000,4,0.0,722
9011001044500000,5,0.0,1700
9011001044500000,6,0.00892325996430696,1681
9011001044500000,7,0.0,977
9011001044500000,8,0.0,606
9011001044500000,9,0.0,639
9011001044500000,10,0.0,625
9011001044500000,11,0.0,644
9011001044500000,12,0.0,854
9011001044500000,13,0.0,1711
9011001044500000,14,0.0,2106
9011001044500000,15,0.0,2153
9011001044500000,16,0.0,1413
9011001044500000,17,0.0,670
9011001044500000,18,0.0,612
9011001044500000,19,0.0,194
9011001044500000-445C,3,0.0,38
9011001044500000-445C,4,0.0,374
9011001044500000-445C,5,0.0,500
9011001044500000-445C,6,0.0,509
9011001044500000-445C,7,0.0,40
9011001044500000-445C,14,0.0,202
9011001044500000-445C,15,0.0,501
9011001044500000-445C,16,0.0,168
9011001044600000,4,0.0,302
9011001044600000,5,0.0,1073
9011001044600000,6,0.0,1159
9011001044600000,7,0.0,293
9011001044600000,12,0.0,299
9011001044600000,13,0.0,830
9011001044600000,14,0.0,1043
9011001044600000,15,0.0,1217
9011001044600000,16,0.0,1060
9011001044600000,17,0.0,542
9011001044600000-446C,4,0.0,198
9011001044600000-446C,5,0.0,619
9011001044600000-446C,6,0.0,504
9011001044600000-446C,7,0.0,134
9011001044600000-446C,14,0.0,124
9011001044600000-446C,15,0.0,299
9011001044600000-446C,16,0.0,162
9011001044700000,4,0.0,287
9011001044700000,5,0.0,897
9011001044700000,6,0.0,720
9011001044700000,7,0.0,144
9011001044800000,5,0.0,209
9011001044800000,6,0.0,261
9011001044800000,7,0.0,7
9011001044900000,4,0.0,491
9011001044900000,5,0.0,1283
9011001044900000,6,0.0,1145
9011001044900000,7,0.0,188
9011001044900000,12,0.0,3
9011001044900000,13,0.0,384
9011001044900000,14,0.0,648
9011001044900000,15,0.0,807
9011001044900000,16,0.0,508
9011001044900000,17,0.0,141
9011001045800000,4,0.0,146
9011001045800000,5,0.0,499
9011001045800000,6,0.0,374
9011001045800000,7,0.0,451
9011001045800000,8,0.0,205
9011001045800000,9,0.0,140
9011001045800000,10,0.0,241
9011001045800000,11,0.0,239
9011001045800000,12,0.0,454
9011001045800000,13,0.0,309
9011001045800000,14,0.0,435
9011001045800000,15,0.0,367
9011001045800000,16,0.0,573
9011001045800000,17,0.0,474
9011001045800000,18,0.0,318
9011001045800000,19,0.0,194
9011001045800000,20,0.0,2
9011001046100000,5,0.0,113
9011001046100000,7,0.0,112
9011001046100000,8,0.0,47
9011001046100000,11,0.0,82
9011001046100000,12,0.0,131
9011001046100000,13,0.0,209
9011001046100000,14,0.0,157
9011001046100000,15,0.0,167
9011001046100000,16,0.0,23
9011001046100000,18,0.0,44
9011001046200000,4,0.0,344
9011001046200000,6,0.0,85
9011001046200000,7,0.0,488
9011001046200000,8,0.0,431
9011001046200000,9,0.0,115
9011001046200000,10,0.0,170
9011001046200000,11,0.0,479
9011001046200000,12,0.0,154
9011001046200000,13,0.0,84
9011001046200000,14,0.0,150
9011001046200000,15,0.0,567
9011001046200000,16,0.0,242
9011001046200000,17,0.0,165
9011001046200000,18,0.0,121
9011001046200000,19,0.0,43
9011001046300000,5,0.0,211
9011001046300000,8,0.0,271
9011001046300000,9,0.0,153
9011001046300000,10,0.0,341
9011001046300000,12,0.0,214
9011001046300000,13,0.0,94
9011001046300000,14,0.0,388
9011001046300000,16,0.0,376
9011001046300000,17,0.0,383
9011001046500000,4,0.0,200
9011001046500000,5,0.0,930
9011001046500000,6,0.0,945
9011001046500000,7,0.0,600
9011001046500000,8,0.0,627
9011001046500000,9,0.0,623
9011001046500000,10,0.0,672
9011001046500000,11,0.0,628
9011001046500000,12,0.0,920
9011001046500000,13,0.0,1215
9011001046500000,14,0.0,1183
9011001046500000,15,0.0,1223
9011001046500000,16,0.0,1054
9011001046500000,17,0.0,669
9011001046500000,18,0.0,373
9011001046700000,3,0.0,159
9011001046700000,4,0.0,291
9011001046700000,5,0.0,426
9011001046700000,6,0.0,425
9011001046700000,7,0.0,617
9011001046700000,8,0.0,506
9011001046700000,9,0.0,711
9011001046700000,10,0.0,707
9011001046700000,11,0.0,666
9011001046700000,12,0.0,511
9011001046700000,13,0.0,885
9011001046700000,14,0.0,772
9011001046700000,15,0.0,712
9011001046700000,16,0.008974358974358974,780
9011001046700000,17,0.0,513
9011001046700000,18,0.0,336
9011001046700000,19,0.0,4
9011001046800000,7,0.0,173
9011001046800000,8,0.0,449
9011001046800000,9,0.0,400
9011001046800000,10,0.0,483
9011001046800000,11,0.0,459
9011001046800000,12,0.0,537
9011001046800000,13,0.0,412
9011001046800000,14,0.0,561
9011001046800000,15,0.0,422
9011001046800000,16,0.0,268
9011001046900000,6,0.0,180
9011001046900000,7,0.010192525481313703,883
9011001046900000,8,0.0,920
9011001046900000,9,0.0,909
9011001046900000,10,0.0,979
9011001046900000,11,0.0,901
9011001046900000,12,0.0,845
9011001046900000,13,0.0,859
9011001046900000,14,0.0,820
9011001046900000,15,0.0,799
9011001046900000,16,0.0,768
9011001046900000,17,0.0,446
9011001047100000,3,0.0,977
9011001047100000,4,0.0,2346
9011001047100000,5,0.0,3666
9011001047100000,6,0.0,4182
9011001047100000,7,0.0,3582
9011001047100000,8,0.0,3327
9011001047100000,9,0.0,3270
9011001047100000,10,0.0,3388
9011001047100000,11,0.0,3318
9011001047100000,12,0.0,3613
9011001047100000,13,0.0,4042
9011001047100000,14,0.0,4020
9011001047100000,15,0.0,4153
9011001047100000,16,0.0,4184
9011001047100000,17,0.0,3685
9011001047100000,18,0.0,3051
9011001047100000,19,0.0,2956
9011001047100000,20,0.0,3048
9011001047100000,21,0.0,3354
9011001047100000,22,0.0,2056
9011001047100000,23,0.0,582
9011001047400000,0,0.0,400
9011001047400000,1,0.0,259
9011001047400000,2,0.0,262
9011001047400000,3,0.0,1476
9011001047400000,4,0.0,2863
9011001047400000,5,0.0,4124
9011001047400000,6,0.0,4651
9011001047400000,7,0.0005680204487361545,3521
9011001047400000,8,0.0,3444
9011001047400000,9,0.0,3375
9011001047400000,10,0.0,3447
9011001047400000,11,0.0,3661
9011001047400000,12,0.0,3845
9011001047400000,13,0.0,5129
9011001047400000,14,0.0,5250
9011001047400000,15,0.0,5196
9011001047400000,16,0.0,5125
9011001047400000,17,0.0,4774
9011001047400000,18,0.0,3866
9011001047400000,19,0.0,3759
9011001047400000,20,0.0,3922
9011001047400000,21,0.0,3514
9011001047400000,22,0.0,2043
9011001047400000,23,0.0,972
9011001048000000,3,0.0,167
9011001048000000,4,0.0,582
9011001048000000,5,0.0,863
9011001048000000,6,0.0,781
9011001048000000,7,0.0,164
9011001048000000,14,0.0,130
9011001048000000,15,0.0,457
9011001048000000,16,0.0,294
9011001049100000,0,0.0,1836
9011001049100000,1,0.0,1233
9011001049100000,2,0.0,1200
9011001049100000,3,0.0,789
9011001049100000,4,0.0,53
9011001049100000,22,0.0,47
9011001049100000,23,0.0,1121
9011001049200000,0,0.0,1098
9011001049200000,1,0.0,506
9011001049200000,2,0.0,526
9011001049200000,3,0.0,103
9011001049200000,23,0.0,652
9011001049600000,0,0.0,1297
9011001049600000,1,0.0,633
9011001049600000,2,0.0,551
9011001049600000,3,0.0,744
9011001049600000,23,0.0,853
9011001049700000,0,0.0,600
9011001049700000,1,0.0,467
9011001049700000,2,0.0,156
9011001049700000,23,0.0,8
9011001050100000,3,0.0,204
9011001050100000,4,0.0,785
9011001050100000,5,0.0,1084
9011001050100000,6,0.01694915254237288,1062
9011001050100000,7,0.023557126030624265,849
9011001050100000,8,0.009846827133479213,914
9011001050100000,9,0.0,871
9011001050100000,10,0.0,870
9011001050100000,11,0.0,836
9011001050100000,12,0.0,1086
9011001050100000,13,0.0,1063
9011001050100000,14,0.007874015748031496,1016
9011001050100000,15,0.0,1170
9011001050100000,16,0.0,1229
9011001050100000,17,0.007077856420626896,989
9011001050100000,18,0.0211864406779661,944
9011001050100000,19,0.0,1038
9011001050100000,20,0.0,1081
9011001050100000,21,0.0,1302
9011001050100000,22,0.0,429
9011001050300000,4,0.0,539
9011001050300000,5,0.0,541
9011001050300000,6,0.0,720
9011001050300000,7,0.0,858
9011001050300000,8,0.0,506
9011001050300000,9,0.0,549
9011001050300000,10,0.0,542
9011001050300000,11,0.0,490
9011001050300000,12,0.0,470
9011001050300000,13,0.0,699
9011001050300000,14,0.0,852
9011001050300000,15,0.0,1132
9011001050300000,16,0.0,659
9011001050300000,17,0.0,487
9011001050300000,18,0.0,504
9011001050300000,19,0.0,620
9011001050400000,0,0.0,85
9011001050400000,1,0.0,40
9011001050400000,3,0.0,342
9011001050400000,4,0.0,1398
9011001050400000,5,0.0,2217
9011001050400000,6,0.0,2134
9011001050400000,7,0.0,2067
9011001050400000,8,0.0,1913
9011001050400000,9,0.0,2056
9011001050400000,10,0.0,2065
9011001050400000,11,0.0,1982
9011001050400000,12,0.0,1956
9011001050400000,13,0.0,2271
9011001050400000,14,0.0,2463
9011001050400000,15,0.0,2707
9011001050400000,16,0.0,2394
9011001050400000,17,0.0,1974
9011001050400000,18,0.0,2134
9011001050400000,19,0.0,1848
9011001050400000,20,0.0,1549
9011001050400000,21,0.0,1522
9011001050400000,22,0.0,972
9011001050400000,23,0.0,434
9011001050400000-504Y,19,0.0,44
9011001050400000-504Y,20,0.0,112
9011001050400000-504Y,21,0.0,93
9011001050400000-504Y,22,0.0,33
9011001050500000,3,0.0,175
9011001050500000,4,0.0,596
9011001050500000,5,0.0,767
9011001050500000,6,0.030690537084398978,782
9011001050500000,7,0.04393063583815029,865
9011001050500000,8,0.0,897
9011001050500000,9,0.0,858
9011001050500000,10,0.0,809
9011001050500000,11,0.0,826
9011001050500000,12,0.0,1003
9011001050500000,13,0.0,1021
9011001050500000,14,0.0,1181
9011001050500000,15,0.0,1142
9011001050500000,16,0.007233273056057866,1106
9011001050500000,17,0.016736401673640166,956
9011001050500000,18,0.017745302713987474,958
9011001050500000,19,0.0,985
9011001050500000,20,0.0,911
9011001050500000,21,0.0,991
9011001050500000,22,0.0,225
9011001050600000,3,0.005,1000
9011001050600000,4,0.0041265474552957355,2181
9011001050600000,5,0.003968253968253968,2268
9011001050600000,6,0.00655307994757536,2289
9011001050600000,7,0.010439321444106133,2299
9011001050600000,8,0.010070052539404553,2284
9011001050600000,9,0.0095151789759855,2207
9011001050600000,10,0.014577259475218658,2058
9011001050600000,11,0.010968049594659036,2097
9011001050600000,12,0.010131712259371834,1974
9011001050600000,13,0.014427412082957619,2218
9011001050600000,14,0.02531645569620253,2212
9011001050600000,15,0.02445302445302445,2331
9011001050600000,16,0.010434056761268781,2396
9011001050600000,17,0.008764241893076249,2282
9011001050600000,18,0.010442260442260442,1628
9011001050600000,19,0.007447528774542992,1477
9011001050600000,20,0.0077170418006430866,1555
9011001050600000,21,0.007142857142857143,1680
9011001050600000,22,0.0,670
9011001050800000,4,0.0,1041
9011001050800000,5,0.0,1348
9011001050800000,6,0.0,1471
9011001050800000,7,0.0,1189
9011001050800000,8,0.0,1126
9011001050800000,9,0.0,1059
9011001050800000,10,0.0,1039
9011001050800000,11,0.0,994
9011001050800000,12,0.0,1042
9011001050800000,13,0.019832189168573607,1311
9011001050800000,14,0.1413934426229508,1464
9011001050800000,15,0.13333333333333333,1335
9011001050800000,16,0.04069264069264069,1155
9011001050800000,17,0.0,915
9011001050800000,18,0.0,926
9011001050800000,19,0.0,849
9011001050800000,20,0.0,439
9011001050900000,0,0.0,143
9011001050900000,3,0.0,858
9011001050900000,4,0.0,1807
9011001050900000,5,0.0,2595
9011001050900000,6,0.0,2970
9011001050900000,7,0.0,2963
9011001050900000,8,0.0,2522
9011001050900000,9,0.0,2580
9011001050900000,10,0.0,2440
9011001050900000,11,0.007130872483221477,2384
9011001050900000,12,0.0011843663639952626,2533
9011001050900000,13,0.002170767004341534,2764
9011001050900000,14,0.020481494789795184,2783
9011001050900000,15,0.05758976182012087,2813
9011001050900000,16,0.02702702702702703,2479
9011001050900000,17,0.003283302063789869,2132
9011001050900000,18,0.004479840716774514,2009
9011001050900000,19,0.0030303030303030303,1980
9011001050900000,20,0.0036900369003690036,2168
9011001050900000,21,0.0026536930561698365,2261
9011001050900000,22,0.0,1629
9011001050900000,23,0.0,694
9011001051100000,5,0.0,180
9011001051100000,6,0.0,348
9011001051100000,7,0.0,248
9011001051100000,8,0.0,328
9011001051100000,9,0.0,304
9011001051100000,10,0.0,79
9011001051100000,11,0.0,304
9011001051100000,12,0.0,224
9011001051100000,13,0.0,336
9011001051100000,14,0.0,172
9011001051200000,3,0.04564315352697095,241
9011001051200000,4,0.03636363636363636,2145
9011001051200000,5,0.032428050263477906,2467
9011001051200000,6,0.031788079470198675,2265
9011001051200000,7,0.03802281368821293,1578
9011001051200000,8,0.03292181069958848,1458
9011001051200000,9,0.03833221250840619,1487
9011001051200000,10,0.035618279569892476,1488
9011001051200000,11,0.03558191252779837,1349
9011001051200000,12,0.051470588235294115,1904
9011001051200000,13,0.0392681838464971,2241
9011001051200000,14,0.0387736699729486,2218
9011001051200000,15,0.0862669245647969,2585
9011001051200000,16,0.04450041981528128,2382
9011001051200000,17,0.03341013824884793,1736
9011001051200000,18,0.03699059561128527,1595
9011001051200000,19,0.03456221198156682,1736
9011001051200000,20,0.033648790746582544,1902
9011001051200000,21,0.03701716738197425,1864
9011001051200000,22,0.028399311531841654,1162
9011001051200000,23,0.022222222222222223,45
9011001051300000,3,0.0,3
9011001051300000,4,0.0,137
9011001051300000,5,0.0,152
9011001051300000,6,0.0,145
9011001051300000,7,0.0,102
9011001051300000,8,0.0,96
9011001051300000,9,0.0,86
9011001051300000,10,0.0,83
9011001051300000,11,0.0,101
9011001051300000,12,0.0,111
9011001051300000,13,0.0,151
9011001051300000,14,0.0,159
9011001051300000,15,0.0,182
9011001051300000,16,0.0,175
9011001051300000,17,0.0,111
9011001051300000,18,0.0,116
9011001051300000,19,0.0,116
9011001051300000,20,0.0,110
9011001051300000,21,0.0,103
9011001051300000,22,0.0,61
9011001051400000,3,0.0,902
9011001051400000,4,0.0,2527
9011001051400000,5,0.0,2983
9011001051400000,6,0.0,2966
9011001051400000,7,0.0010036801605888257,2989
9011001051400000,8,0.0,2938
9011001051400000,9,0.0,2995
9011001051400000,10,0.0,2829
9011001051400000,11,0.0,2689
9011001051400000,12,0.0,2686
9011001051400000,13,0.0,2767
9011001051400000,14,0.0,3019
9011001051400000,15,0.0,3095
9011001051400000,16,0.0,3079
9011001051400000,17,0.0,750
9011001051400000-514X,0,0.0,354
9011001051400000-514X,4,0.0,181
9011001051400000-514X,5,0.0,210
9011001051400000-514X,6,0.0,237
9011001051400000-514X,7,0.0,359
9011001051400000-514X,8,0.0,394
9011001051400000-514X,9,0.0,678
9011001051400000-514X,10,0.0,674
9011001051400000-514X,11,0.0,671
9011001051400000-514X,12,0.0,679
9011001051400000-514X,13,0.0,696
9011001051400000-514X,14,0.0,715
9011001051400000-514X,15,0.0,654
9011001051400000-514X,16,0.0,456
9011001051400000-514X,17,0.0,1864
9011001051400000-514X,18,0.006396588486140725,1876
9011001051400000-514X,19,0.0,2048
9011001051400000-514X,20,0.0,2030
9011001051400000-514X,21,0.0,2315
9011001051400000-514X,22,0.0,1241
9011001051400000-514X,23,0.0,363
9011001051500000,0,0.0,217
9011001051500000,1,0.0,276
9011001051500000,2,0.0,225
9011001051500000,3,0.0,1278
9011001051500000,4,0.0,2067
9011001051500000,5,0.0006653359946773121,3006
9011001051500000,6,0.0,3302
9011001051500000,7,0.0,2964
9011001051500000,8,0.0,2665
9011001051500000,9,0.0,2690
9011001051500000,10,0.012523719165085389,2635
9011001051500000,11,0.019171779141104295,2608
9011001051500000,12,0.017437145174371452,2466
9011001051500000,13,0.016294721927027984,2823
9011001051500000,14,0.03362493165664297,3658
9011001051500000,15,0.038957399103139015,3568
9011001051500000,16,0.013702801461632157,3284
9011001051500000,17,0.0,2872
9011001051500000,18,0.0,2967
9011001051500000,19,0.0,3100
9011001051500000,20,0.0,2024
9011001051500000,21,0.0,1774
9011001051500000,22,0.0,1084
9011001051500000,23,0.0,584
9011001051600000,4,0.0,613
9011001051600000,5,0.0,1154
9011001051600000,6,0.0,1190
9011001051600000,7,0.0,528
9011001051600000,13,0.031746031746031744,63
9011001051600000,14,0.06658739595719382,841
9011001051600000,15,0.05912162162162162,1184
9011001051600000,16,0.0468384074941452,854
9011001051600000,17,0.0,109
9011001051700000,3,0.032467532467532464,308
9011001051700000,4,0.0,1569
9011001051700000,5,0.0,2370
9011001051700000,6,0.0,2214
9011001051700000,7,0.0,1482
9011001051700000,8,0.0,1416
9011001051700000,9,0.0,1457
9011001051700000,10,0.0,1442
9011001051700000,11,0.0,1446
9011001051700000,12,0.0,2012
9011001051700000,13,0.0,2249
9011001051700000,14,0.004809794490599038,2287
9011001051700000,15,0.05921052631578947,2736
9011001051700000,16,0.021382206949217258,2619
9011001051700000,17,0.0,1920
9011001051700000,18,0.0,1730
9011001051700000,19,0.0,1743
9011001051700000,20,0.0,1319
9011001051700000,21,0.0,958
9011001051700000,22,0.0,502
9011001051800000,3,0.0,470
9011001051800000,4,0.0,3328
9011001051800000,5,0.0,3769
9011001051800000,6,0.0,3563
9011001051800000,7,0.0,1942
9011001051800000,8,0.0,1437
9011001051800000,9,0.0,1491
9011001051800000,10,0.0,1480
9011001051800000,11,0.0,1455
9011001051800000,12,0.0,1942
9011001051800000,13,0.0,3748
9011001051800000,14,0.0,4120
9011001051800000,15,0.0,3917
9011001051800000,16,0.0,2651
9011001051800000,17,0.0,1139
9011001051800000,18,0.0,2
9011001051900000,3,0.0,416
9011001051900000,4,0.0,1286
9011001051900000,5,0.0,1782
9011001051900000,6,0.0,1916
9011001051900000,7,0.0,1701
9011001051900000,8,0.0,1721
9011001051900000,9,0.0,1598
9011001051900000,10,0.0,1496
9011001051900000,11,0.0,1465
9011001051900000,12,0.0,1555
9011001051900000,13,0.0,1523
9011001051900000,14,0.0,1708
9011001051900000,15,0.0,1810
9011001051900000,16,0.0,1774
9011001051900000,17,0.0,1713
9011001051900000,18,0.006939090208172706,1297
9011001051900000,19,0.0,1175
9011001051900000,20,0.0,1567
9011001051900000,21,0.0,1671
9011001051900000,22,0.0,1046
9011001051900000,23,0.0,162
9011001052000000,0,0.0,162
9011001052000000,3,0.0,405
9011001052000000,4,0.0,1303
9011001052000000,5,0.0,1568
9011001052000000,6,0.0,1682
9011001052000000,7,0.0,1242
9011001052000000,8,0.0,900
9011001052000000,9,0.0,958
9011001052000000,10,0.0,890
9011001052000000,11,0.0,1166
9011001052000000,12,0.0,1233
9011001052000000,13,0.0,1343
9011001052000000,14,0.0,1505
9011001052000000,15,0.005531653349723417,1627
9011001052000000,16,0.0,1349
9011001052000000,17,0.0,1235
9011001052000000,18,0.0,1036
9011001052000000,19,0.0,1017
9011001052000000,20,0.0,1178
9011001052000000,21,0.0,1183
9011001052000000,22,0.0,911
9011001052000000,23,0.0,205
9011001052300000,3,0.0,257
9011001052300000,4,0.0,1103
9011001052300000,5,0.0,1621
9011001052300000,6,0.0,1749
9011001052300000,7,0.0,1024
9011001052300000,8,0.0,1044
9011001052300000,9,0.0,998
9011001052300000,10,0.0,884
9011001052300000,11,0.0,860
9011001052300000,12,0.0,940
9011001052300000,13,0.0,946
9011001052300000,14,0.0,1644
9011001052300000,15,0.0,1813
9011001052300000,16,0.0,1020
9011001052300000,17,0.0,993
9011001052300000,18,0.0,606
9011001052300000,19,0.0,636
9011001052300000,20,0.0,663
9011001052300000,21,0.0,783
9011001052300000,22,0.0,550
9011001052300000,23,0.0,218
9011001052400000,3,0.0,806
9011001052400000,4,0.0,1767
9011001052400000,5,0.0,2275
9011001052400000,6,0.0,2604
9011001052400000,7,0.0,2789
9011001052400000,8,0.0,2693
9011001052400000,9,0.0,2698
9011001052400000,10,0.0,2719
9011001052400000,11,0.0,2892
9011001052400000,12,0.0,3129
9011001052400000,13,0.008826413860738803,3059
9011001052400000,14,0.0003614022406938923,2767
9011001052400000,15,0.0,2613
9011001052400000,16,0.0,2388
9011001052400000,17,0.0,2437
9011001052400000,18,0.0,2620
9011001052400000,19,0.0,2816
9011001052400000,20,0.0,2585
9011001052400000,21,0.0,1524
9011001052400000,22,0.010869565217391304,184
9011001052500000,0,0.0,107
9011001052500000,3,0.0,405
9011001052500000,4,0.0,1588
9011001052500000,5,0.0,2272
9011001052500000,6,0.0,2138
9011001052500000,7,0.0,1241
9011001052500000,8,0.0,902
9011001052500000,9,0.0,986
9011001052500000,10,0.0,1015
9011001052500000,11,0.0,899
9011001052500000,12,0.0,905
9011001052500000,13,0.0,1316
9011001052500000,14,0.0,2129
9011001052500000,15,0.0,2203
9011001052500000,16,0.0,1756
9011001052500000,17,0.0,1398
9011001052500000,18,0.0,1107
9011001052500000,19,0.0,1273
9011001052500000,20,0.0,1358
9011001052500000,21,0.0,1163
9011001052500000,22,0.0,981
9011001052500000,23,0.0,131
9011001052500000-525X,5,0.0,40
9011001052500000-525X,6,0.0,167
9011001052600000,3,0.0,446
9011001052600000,4,0.0,1537
9011001052600000,5,0.0,1905
9011001052600000,6,0.0,1845
9011001052600000,7,0.0,1376
9011001052600000,8,0.0,1050
9011001052600000,9,0.0,1065
9011001052600000,10,0.0,965
9011001052600000,11,0.0,1017
9011001052600000,12,0.0,1430
9011001052600000,13,0.0,1700
9011001052600000,14,0.0,1897
9011001052600000,15,0.0,1923
9011001052600000,16,0.0,1761
9011001052600000,17,0.0,1104
9011001052600000,18,0.0,1173
9011001052600000,19,0.0,1159
9011001052600000,20,0.0,1241
9011001052600000,21,0.0,1280
9011001052600000,22,0.0,564
9011001052600000,23,0.0,40
9011001052700000,3,0.0,302
9011001052700000,4,0.0,722
9011001052700000,5,0.0,1343
9011001052700000,6,0.0,1373
9011001052700000,7,0.0,1352
9011001052700000,8,0.0,1369
9011001052700000,9,0.0,1375
9011001052700000,10,0.0,1250
9011001052700000,11,0.0,1292
9011001052700000,12,0.0,1295
9011001052700000,13,0.0,1314
9011001052700000,14,0.0,1500
9011001052700000,15,0.0,1479
9011001052700000,16,0.0,1241
9011001052700000,17,0.0,992
9011001052700000,18,0.0,966
9011001052700000,19,0.0,914
9011001052700000,20,0.0,714
9011001052700000,21,0.0,526
9011001052700000,22,0.0,222
9011001052700000,23,0.0,34
9011001052800000,3,0.0,379
9011001052800000,4,0.0,998
9011001052800000,5,0.0,1361
9011001052800000,6,0.0,1407
9011001052800000,7,0.0,813
9011001052800000,8,0.0,807
9011001052800000,9,0.0,785
9011001052800000,10,0.0,725
9011001052800000,11,0.0,675
9011001052800000,12,0.0,766
9011001052800000,13,0.0,920
9011001052800000,14,0.0015503875968992248,1290
9011001052800000,15,0.0,1584
9011001052800000,16,0.0,1223
9011001052800000,17,0.0,577
9011001052800000,18,0.0,424
9011001052800000,19,0.0,504
9011001052800000,20,0.0,566
9011001052800000,21,0.0,800
9011001052800000,22,0.0,695
9011001052800000,23,0.0,82
9011001052900000,3,0.0,240
9011001052900000,4,0.0,525
9011001052900000,5,0.0,1041
9011001052900000,6,0.0,629
9011001052900000,7,0.0,520
9011001052900000,8,0.0,674
9011001052900000,9,0.0,583
9011001052900000,10,0.0,579
9011001052900000,11,0.0,595
9011001052900000,12,0.0,578
9011001052900000,13,0.0,519
9011001052900000,14,0.0,579
9011001052900000,15,0.0,566
9011001052900000,16,0.0,598
9011001052900000,17,0.0,537
9011001052900000,18,0.0,329
9011001052900000,19,0.0,321
9011001052900000,20,0.0,263
9011001052900000,21,0.0,345
9011001052900000,22,0.0,288
9011001053000000,4,0.0,450
9011001053000000,5,0.0,760
9011001053000000,6,0.0,731
9011001053000000,7,0.0,222
9011001053000000,12,0.0,233
9011001053000000,13,0.0,676
9011001053000000,14,0.0,782
9011001053000000,15,0.0,778
9011001053000000,16,0.0,492
9011001053000000,17,0.0,10
9011001053100000,3,0.0,366
9011001053100000,4,0.0,1139
9011001053100000,5,0.0,1159
9011001053100000,6,0.0,778
9011001053100000,7,0.0,1385
9011001053100000,8,0.0,702
9011001053100000,9,0.0,581
9011001053100000,10,0.0,566
9011001053100000,11,0.0,550
9011001053100000,12,0.0,584
9011001053100000,13,0.0,721
9011001053100000,14,0.0,1278
9011001053100000,15,0.0,1761
9011001053100000,16,0.0,1622
9011001053100000,17,0.0,546
9011001053100000,18,0.0,353
9011001053100000,19,0.0,291
9011001053100000,20,0.0,318
9011001053100000,21,0.0,376
9011001053100000,22,0.0,114
9011001053200000,5,0.0,359
9011001053200000,6,0.0,385
9011001053200000,7,0.0,310
9011001053200000,8,0.0,130
9011001053200000,9,0.0,70
9011001053200000,10,0.0,566
9011001053200000,11,0.0,159
9011001053200000,12,0.0,566
9011001053200000,13,0.0,368
9011001053200000,14,0.0,492
9011001053200000,15,0.0,336
9011001053200000,16,0.0,241
9011001053200000,17,0.0,348
9011001053200000,18,0.0,234
9011001053200000,19,0.0,184
9011001053300000,3,0.0,640
9011001053300000,4,0.0,932
9011001053300000,5,0.0,1049
9011001053300000,6,0.0,1061
9011001053300000,7,0.0,1129
9011001053300000,8,0.0,1184
9011001053300000,9,0.0,1150
9011001053300000,10,0.0,1228
9011001053300000,11,0.0,1270
9011001053300000,12,0.0,1476
9011001053300000,13,0.0,1424
9011001053300000,14,0.0,1483
9011001053300000,15,0.0,1492
9011001053300000,16,0.0,1472
9011001053300000,17,0.0,1298
9011001053300000,18,0.0,694
9011001053300000,19,0.0,598
9011001053300000,20,0.0,735
9011001053300000,21,0.0,693
9011001053300000,22,0.0,154
9011001053300000,23,0.0,36
9011001053400000,3,0.0,734
9011001053400000,4,0.0,1112
9011001053400000,5,0.0,1168
9011001053400000,6,0.0,1186
9011001053400000,7,0.0,1245
9011001053400000,8,0.0,1132
9011001053400000,9,0.0,1124
9011001053400000,10,0.0,1275
9011001053400000,11,0.0,1203
9011001053400000,12,0.0,1209
9011001053400000,13,0.0,1246
9011001053400000,14,0.0,1180
9011001053400000,15,0.0,1309
9011001053400000,16,0.0,1326
9011001053400000,17,0.0,844
9011001053400000,18,0.0,874
9011001053400000,19,0.0,795
9011001053400000,20,0.0,798
9011001053400000,21,0.0,862
9011001053400000,22,0.0,209
9011001053400000,23,0.0,53
9011001053500000,2,0.0,229
9011001053500000,3,0.0,485
9011001053500000,4,0.0,216
9011001053500000,5,0.0,223
9011001053500000,6,0.0,367
9011001053500000,12,0.0,16
9011001053500000,13,0.0,346
9011001053500000,14,0.0,185
9011001053600000,0,0.0,22
9011001053600000,2,0.0,51
9011001053600000,3,0.0,898
9011001053600000,4,0.0,1676
9011001053600000,5,0.0,2126
9011001053600000,6,0.0,2081
9011001053600000,7,0.0,1755
9011001053600000,8,0.0,1800
9011001053600000,9,0.0,1759
9011001053600000,10,0.0,1840
9011001053600000,11,0.0,1917
9011001053600000,12,0.0,1895
9011001053600000,13,0.0,2023
9011001053600000,14,0.0,2403
9011001053600000,15,0.0,2330
9011001053600000,16,0.0,2095
9011001053600000,17,0.0,1533
9011001053600000,18,0.0,1304
9011001053600000,19,0.0,1440
9011001053600000,20,0.0,1430
9011001053600000,21,0.0,1512
9011001053600000,22,0.0,997
9011001053600000,23,0.0,337
9011001053700000,3,0.0,44
9011001053700000,4,0.0,1097
9011001053700000,5,0.0,2142
9011001053700000,6,0.0,1625
9011001053700000,7,0.0,165
9011001053700000,13,0.0,730
9011001053700000,14,0.0,1585
9011001053700000,15,0.0,1765
9011001053700000,16,0.0,1462
9011001053700000,17,0.0,458
9011001053800000,2,0.0,106
9011001053800000,3,0.0,985
9011001053800000,4,0.0,910
9011001053800000,5,0.0,923
9011001053800000,6,0.0,984
9011001053800000,7,0.0,132
9011001053800000,12,0.0,360
9011001053800000,13,0.0,1179
9011001053800000,14,0.0,1126
9011001053800000,15,0.0,1018
9011001053800000,16,0.0,1169
9011001053800000,17,0.0,191
9011001053800000-538H,4,0.0,21
9011001053800000-538H,5,0.0,243
9011001053800000-538H,6,0.0,237
9011001053800000-538H,7,0.0,235
9011001053800000-538H,8,0.0,131
9011001053800000-538H,9,0.0,145
9011001053800000-538H,10,0.0,145
9011001053800000-538H,11,0.0,143
9011001053800000-538H,12,0.0,134
9011001053800000-538H,13,0.0,162
9011001053800000-538H,14,0.0,245
9011001053800000-538H,15,0.0,244
9011001053800000-538H,16,0.0,227
9011001053800000-538H,17,0.0,163
9011001053800000-538H,18,0.0,170
9011001053800000-538H,19,0.0,147
9011001053800000-538H,20,0.0,127
9011001053800000-538H,21,0.0,183
9011001053800000-538V,4,0.0,503
9011001053800000-538V,5,0.0,239
9011001053800000-538V,6,0.0,199
9011001053800000-538V,7,0.0,176
9011001053800000-538V,8,0.0,132
9011001053800000-538V,9,0.0,123
9011001053800000-538V,10,0.0,124
9011001053800000-538V,11,0.0,136
9011001053800000-538V,12,0.0,132
9011001053800000-538V,13,0.0,233
9011001053800000-538V,14,0.0,248
9011001053800000-538V,15,0.0,125
9011001053800000-538V,16,0.0,112
9011001053800000-538V,17,0.0,173
9011001053800000-538V,18,0.0,152
9011001053800000-538V,19,0.0,121
9011001053800000-538V,20,0.0,36
9011001053900000,3,0.0,354
9011001053900000,4,0.0,889
9011001053900000,5,0.0,1054
9011001053900000,6,0.0,772
9011001053900000,7,0.0,165
9011001053900000,12,0.0,261
9011001053900000,13,0.0,807
9011001053900000,14,0.0,838
9011001053900000,15,0.0,832
9011001053900000,16,0.0,850
9011001053900000,17,0.0,235
9011001054000000,0,0.0,284
9011001054000000,3,0.0035046728971962616,1712
9011001054000000,4,0.003915171288743882,3065
9011001054000000,5,0.004605936540429887,3908
9011001054000000,6,0.0043859649122807015,3876
9011001054000000,7,0.0046111281893636644,3253
9011001054000000,8,0.004606879606879607,3256
9011001054000000,9,0.005086182537439954,3539
9011001054000000,10,0.0038336773813034504,3391
9011001054000000,11,0.0049261083743842365,3248
9011001054000000,12,0.004507211538461538,3328
9011001054000000,13,0.005044510385756677,3370
9011001054000000,14,0.008018327605956471,3492
9011001054000000,15,0.0072666294019005035,3578
9011001054000000,16,0.008926000575871005,3473
9011001054000000,17,0.009631922944616443,2907
9011001054000000,18,0.008882655446470314,2139
9011001054000000,19,0.009672961768770152,2171
9011001054000000,20,0.007887817703768623,2282
9011001054000000,21,0.010416666666666666,2496
9011001054000000,22,0.007945516458569807,1762
9011001054000000,23,0.008373205741626795,836
9011001054100000,0,0.0,212
9011001054100000,2,0.0,70
9011001054100000,3,0.0,2558
9011001054100000,4,0.0,4227
9011001054100000,5,0.0,5040
9011001054100000,6,0.0,5819
9011001054100000,7,0.0,5031
9011001054100000,8,0.0,4675
9011001054100000,9,0.0,4551
9011001054100000,10,0.0,4531
9011001054100000,11,0.0,4702
9011001054100000,12,0.0,4836
9011001054100000,13,0.0,6509
9011001054100000,14,0.0,6729
9011001054100000,15,0.0,6897
9011001054100000,16,0.0,6290
9011001054100000,17,0.0,5879
9011001054100000,18,0.0,5205
9011001054100000,19,0.0,5254
9011001054100000,20,0.0,5412
9011001054100000,21,0.0,5852
9011001054100000,22,0.0,3239
9011001054100000,23,0.0,865
9011001054200000,0,0.0,17
9011001054200000,3,0.0,325
9011001054200000,4,0.0,584
9011001054200000,5,0.0,639
9011001054200000,6,0.0,657
9011001054200000,7,0.0,684
9011001054200000,8,0.0,623
9011001054200000,9,0.0,655
9011001054200000,10,0.0,669
9011001054200000,11,0.0,690
9011001054200000,12,0.0,711
9011001054200000,13,0.0,739
9011001054200000,14,0.0,801
9011001054200000,15,0.0,730
9011001054200000,16,0.0,727
9011001054200000,17,0.0,651
9011001054200000,18,0.0,727
9011001054200000,19,0.0,724
9011001054200000,20,0.0,759
9011001054200000,21,0.0,914
9011001054200000,22,0.0,570
9011001054200000,23,0.0,186
9011001054300000,4,0.0,349
9011001054300000,5,0.0,1260
9011001054300000,6,0.0,889
9011001054300000,12,0.0,27
9011001054300000,13,0.0,1014
9011001054300000,14,0.0,1341
9011001054300000,15,0.0,1436
9011001054300000,16,0.0,888
9011001054300000,17,0.0,104
9011001054400000,0,0.0,46
9011001054400000,2,0.0,101
9011001054400000,3,0.0,349
9011001054400000,4,0.0,1021
9011001054400000,5,0.0,1264
9011001054400000,6,0.0,1136
9011001054400000,7,0.0,819
9011001054400000,8,0.0,788
9011001054400000,9,0.0,739
9011001054400000,10,0.0,798
9011001054400000,11,0.0,912
9011001054400000,12,0.0,1137
9011001054400000,13,0.0,1433
9011001054400000,14,0.0,1338
9011001054400000,15,0.0,1322
9011001054400000,16,0.0,995
9011001054400000,17,0.0,702
9011001054400000,18,0.0,738
9011001054400000,19,0.0,588
9011001054400000,20,0.0,436
9011001054400000,21,0.0,533
9011001054400000,22,0.0,437
9011001054400000,23,0.0,256
9011001054500000,3,0.0,523
9011001054500000,4,0.0,1111
9011001054500000,5,0.0,1161
9011001054500000,6,0.0,1328
9011001054500000,7,0.0,1153
9011001054500000,8,0.0,1246
9011001054500000,9,0.0,1393
9011001054500000,10,0.0,1330
9011001054500000,11,0.0,1395
9011001054500000,12,0.0,1316
9011001054500000,13,0.0,1361
9011001054500000,14,0.0,1353
9011001054500000,15,0.0,1417
9011001054500000,16,0.0,1435
9011001054500000,17,0.0,1407
9011001054500000,18,0.0,822
9011001054500000,19,0.0,852
9011001054500000,20,0.0,865
9011001054500000,21,0.0,829
9011001054500000,22,0.0,109
9011001054500000,23,0.0,23
9011001054600000,11,0.0,444
9011001054600000,12,0.0,478
9011001054600000,13,0.0,507
9011001054600000,14,0.0,514
9011001054600000,15,0.0,500
9011001054600000,16,0.0,521
9011001054600000,17,0.0,526
9011001054600000,18,0.0,514
9011001054600000,19,0.0,551
9011001054600000,20,0.0,155
9011001054600000-546V,4,0.0,307
9011001054600000-546V,5,0.0,368
9011001054600000-546V,6,0.0,395
9011001054600000-546V,7,0.0,493
9011001054600000-546V,8,0.0,481
9011001054600000-546V,9,0.0,493
9011001054600000-546V,10,0.0,465
9011001054600000-546V,11,0.0,142
9011001054700000,0,0.0,101
9011001054700000,3,0.0,635
9011001054700000,4,0.0,1116
9011001054700000,5,0.0,1083
9011001054700000,6,0.0,1089
9011001054700000,7,0.0,859
9011001054700000,8,0.0,619
9011001054700000,9,0.0,603
9011001054700000,10,0.0,1015
9011001054700000,11,0.0,1067
9011001054700000,12,0.0,1195
9011001054700000,13,0.0,1074
9011001054700000,14,0.0,1289
9011001054700000,15,0.0,1187
9011001054700000,16,0.0,1192
9011001054700000,17,0.0,916
9011001054700000,18,0.0,670
9011001054700000,19,0.0,669
9011001054700000,20,0.0,750
9011001054700000,21,0.0,897
9011001054700000,22,0.0,513
9011001054700000,23,0.0,310
9011001054800000,0,0.0,60
9011001054800000,3,0.0,401
9011001054800000,4,0.0,973
9011001054800000,5,0.0,1137
9011001054800000,6,0.0,888
9011001054800000,7,0.0,932
9011001054800000,8,0.0,958
9011001054800000,9,0.0,897
9011001054800000,10,0.0,1097
9011001054800000,11,0.0,1046
9011001054800000,12,0.0,1041
9011001054800000,13,0.0,1101
9011001054800000,14,0.0,1095
9011001054800000,15,0.0,1084
9011001054800000,16,0.0,936
9011001054800000,17,0.0,1107
9011001054800000,18,0.0,855
9011001054800000,19,0.0,981
9011001054800000,20,0.0,1169
9011001054800000,21,0.0,1099
9011001054800000,22,0.0,511
9011001054800000,23,0.0,255
9011001055000000,0,0.0,22
9011001055000000,2,0.0,32
9011001055000000,3,0.0,194
9011001055000000,4,0.0,1138
9011001055000000,5,0.0,1199
9011001055000000,6,0.0,1145
9011001055000000,7,0.0,700
9011001055000000,8,0.0,765
9011001055000000,9,0.0,844
9011001055000000,10,0.0,936
9011001055000000,11,0.0,956
9011001055000000,12,0.0,955
9011001055000000,13,0.0,1067
9011001055000000,14,0.0,1466
9011001055000000,15,0.0,1400
9011001055000000,16,0.0,949
9011001055000000,17,0.0,797
9011001055000000,18,0.0,829
9011001055000000,19,0.0,812
9011001055000000,20,0.0,417
9011001055000000,21,0.0,495
9011001055000000,22,0.0,272
9011001055000000,23,0.0,125
9011001055200000,0,0.0,80
9011001055200000,4,0.0,647
9011001055200000,5,0.0,698
9011001055200000,6,0.0,743
9011001055200000,7,0.0,643
9011001055200000,8,0.0,651
9011001055200000,9,0.0,738
9011001055200000,10,0.0,684
9011001055200000,11,0.0,695
9011001055200000,12,0.0,726
9011001055200000,13,0.0,754
9011001055200000,14,0.0,706
9011001055200000,15,0.0,825
9011001055200000,16,0.0,759
9011001055200000,17,0.0,843
9011001055200000,18,0.0,774
9011001055200000,19,0.0,740
9011001055200000,20,0.0,875
9011001055200000,21,0.0,950
9011001055200000,22,0.0,609
9011001055200000,23,0.0,492
9011001055200000-552V,0,0.0,74
9011001055200000-552V,3,0.0,88
9011001055200000-552V,4,0.0,642
9011001055200000-552V,5,0.0,771
9011001055200000-552V,6,0.0,713
9011001055200000-552V,7,0.0,692
9011001055200000-552V,8,0.0,725
9011001055200000-552V,9,0.0,764
9011001055200000-552V,10,0.0,741
9011001055200000-552V,11,0.0,764
9011001055200000-552V,12,0.0,776
9011001055200000-552V,13,0.0,812
9011001055200000-552V,14,0.0,778
9011001055200000-552V,15,0.0,789
9011001055200000-552V,16,0.0,720
9011001055200000-552V,17,0.0,693
9011001055200000-552V,18,0.0,687
9011001055200000-552V,19,0.0,793
9011001055200000-552V,20,0.0,869
9011001055200000-552V,21,0.0,897
9011001055200000-552V,22,0.0,532
9011001055200000-552V,23,0.0,316
9011001055300000,0,0.0,74
9011001055300000,2,0.0,392
9011001055300000,3,0.0,964
9011001055300000,4,0.0,1106
9011001055300000,5,0.0,1249
9011001055300000,6,0.0,1226
9011001055300000,7,0.0,1115
9011001055300000,8,0.0,1207
9011001055300000,9,0.0,1167
9011001055300000,10,0.0,1112
9011001055300000,11,0.0,1192
9011001055300000,12,0.0,1187
9011001055300000,13,0.0,1213
9011001055300000,14,0.0,1307
9011001055300000,15,0.0,1166
9011001055300000,16,0.0,1248
9011001055300000,17,0.0,1194
9011001055300000,18,0.0,1309
9011001055300000,19,0.0,1405
9011001055300000,20,0.0,969
9011001055300000,21,0.0,911
9011001055300000,22,0.0,681
9011001055300000,23,0.0,363
9011001055300000-553V,0,0.0,69
9011001055300000-553V,2,0.0,290
9011001055300000-553V,3,0.0,1157
9011001055300000-553V,4,0.0,1152
9011001055300000-553V,5,0.0,1261
9011001055300000-553V,6,0.0,1062
9011001055300000-553V,7,0.0,1191
9011001055300000-553V,8,0.0,1111
9011001055300000-553V,9,0.0,1083
9011001055300000-553V,10,0.0,1146
9011001055300000-553V,11,0.0,1268
9011001055300000-553V,12,0.0,1128
9011001055300000-553V,13,0.0,1327
9011001055300000-553V,14,0.0,1253
9011001055300000-553V,15,0.0,1362
9011001055300000-553V,16,0.0,1227
9011001055300000-553V,17,0.0,1429
9011001055300000-553V,18,0.0,1358
9011001055300000-553V,19,0.0,1343
9011001055300000-553V,20,0.0,1231
9011001055300000-553V,21,0.0,985
9011001055300000-553V,22,0.0,550
9011001055300000-553V,23,0.0,432
9011001055500000,0,0.0,118
9011001055500000,1,0.0,1
9011001055500000,2,0.0,342
9011001055500000,3,0.0,1683
9011001055500000,4,0.0,1609
9011001055500000,5,0.0,1740
9011001055500000,6,0.0,1954
9011001055500000,7,0.0,1650
9011001055500000,8,0.0,1578
9011001055500000,9,0.0,1482
9011001055500000,10,0.0,1508
9011001055500000,11,0.0,1587
9011001055500000,12,0.0,1735
9011001055500000,13,0.0,1855
9011001055500000,14,0.0,1960
9011001055500000,15,0.0,1963
9011001055500000,16,0.0,1920
9011001055500000,17,0.0,1727
9011001055500000,18,0.0,1740
9011001055500000,19,0.0,1734
9011001055500000,20,0.0,1816
9011001055500000,21,0.0,2103
9011001055500000,22,0.0,1513
9011001055500000,23,0.0,805
9011001055600000,4,0.0,501
9011001055600000,5,0.0,295
9011001055600000,6,0.0,450
9011001055600000,7,0.0,244
9011001055600000,8,0.0,112
9011001055600000,9,0.0,144
9011001055600000,10,0.0,11
9011001055600000,12,0.0,36
9011001055600000,13,0.0,584
9011001055600000,14,0.0,204
9011001055600000,15,0.0,540
9011001055600000,16,0.0,607
9011001055600000,17,0.0,21
9011001055700000,4,0.0,1133
9011001055700000,5,0.0,1188
9011001055700000,6,0.0,1188
9011001055700000,7,0.0,696
9011001055700000,8,0.0,431
9011001055700000,9,0.0,564
9011001055700000,10,0.0,632
9011001055700000,11,0.0,701
9011001055700000,12,0.0,1111
9011001055700000,13,0.0,1287
9011001055700000,14,0.0,1267
9011001055700000,15,0.0,1315
9011001055700000,16,0.0,1137
9011001055700000,17,0.0,921
9011001055700000,18,0.0,999
9011001055700000,19,0.0,25
9011001055800000,2,0.0,129
9011001055800000,3,0.0,452
9011001055800000,4,0.0,720
9011001055800000,5,0.0,872
9011001055800000,6,0.0,916
9011001055800000,7,0.0,760
9011001055800000,8,0.0,494
9011001055800000,9,0.0,564
9011001055800000,10,0.0,505
9011001055800000,11,0.0,609
9011001055800000,12,0.0,906
9011001055800000,13,0.0,1083
9011001055800000,14,0.0,924
9011001055800000,15,0.0,975
9011001055800000,16,0.0,916
9011001055800000,17,0.0,1034
9011001055800000,18,0.0,519
9011001055800000,19,0.0,645
9011001055800000,20,0.0,499
9011001055800000,21,0.0,386
9011001055800000-558X,4,0.0,188
9011001055800000-558X,5,0.0,205
9011001055800000-558X,6,0.0,84
9011001055800000-558X,12,0.0,55
9011001055800000-558X,13,0.0,186
9011001055800000-558X,14,0.0,197
9011001055800000-558X,15,0.0,35
9011001055900000,0,0.0,19
9011001055900000,2,0.0,326
9011001055900000,3,0.0,864
9011001055900000,4,0.0,1486
9011001055900000,5,0.0,1523
9011001055900000,6,0.0,1602
9011001055900000,7,0.0,1612
9011001055900000,8,0.0,1590
9011001055900000,9,0.0,1669
9011001055900000,10,0.0,1666
9011001055900000,11,0.0,1758
9011001055900000,12,0.0,1776
9011001055900000,13,0.0,1858
9011001055900000,14,0.0,1926
9011001055900000,15,0.0,1851
9011001055900000,16,0.0,1798
9011001055900000,17,0.0,1812
9011001055900000,18,0.0,1783
9011001055900000,19,0.0,1784
9011001055900000,20,0.0,1992
9011001055900000,21,0.0,2155
9011001055900000,22,0.0,844
9011001055900000,23,0.0,132
9011001056000000,3,0.0,448
9011001056000000,4,0.0,1655
9011001056000000,5,0.0,1869
9011001056000000,6,0.0,1992
9011001056000000,7,0.0,1787
9011001056000000,8,0.0,1498
9011001056000000,9,0.0,1482
9011001056000000,10,0.0,1464
9011001056000000,11,0.0,1733
9011001056000000,12,0.0,1851
9011001056000000,13,0.0,1649
9011001056000000,14,0.0,1939
9011001056000000,15,0.0,2103
9011001056000000,16,0.0,1978
9011001056000000,17,0.0,1556
9011001056000000,18,0.0,1188
9011001056000000,19,0.0,1043
9011001056000000,20,0.0,638
9011001056000000-560X,3,0.0,49
9011001056000000-560X,4,0.0,554
9011001056000000-560X,5,0.0,710
9011001056000000-560X,6,0.0,398
9011001056000000-560X,13,0.0,298
9011001056000000-560X,14,0.0,782
9011001056000000-560X,15,0.0,728
9011001056000000-560X,16,0.0,405
9011001056200000,3,0.0,84
9011001056200000,4,0.0,619
9011001056200000,5,0.0,1001
9011001056200000,6,0.0,1010
9011001056200000,7,0.0,766
9011001056200000,8,0.0,793
9011001056200000,9,0.0,841
9011001056200000,10,0.0,831
9011001056200000,11,0.0,838
9011001056200000,12,0.0,782
9011001056200000,13,0.0,1123
9011001056200000,14,0.0,1381
9011001056200000,15,0.0,1291
9011001056200000,16,0.0,785
9011001056200000,17,0.0,698
9011001056200000,18,0.0,745
9011001056200000,19,0.0,769
9011001056200000,20,0.0,495
9011001056200000,21,0.0,495
9011001056200000,22,0.0,256
9011001056400000,0,0.0,103
9011001056400000,1,0.0,2
9011001056400000,2,0.0,208
9011001056400000,3,0.0,743
9011001056400000,4,0.0,975
9011001056400000,5,0.0,1639
9011001056400000,6,0.0,1594
9011001056400000,7,0.0,1206
9011001056400000,8,0.0,899
9011001056400000,9,0.0,979
9011001056400000,10,0.0,809
9011001056400000,11,0.0,992
9011001056400000,12,0.0,1279
9011001056400000,13,0.0,1844
9011001056400000,14,0.0,1797
9011001056400000,15,0.0,1798
9011001056400000,16,0.0,1611
9011001056400000,17,0.0,1087
9011001056400000,18,0.0,1101
9011001056400000,19,0.0,1117
9011001056400000,20,0.0,929
9011001056400000,21,0.0,1219
9011001056400000,22,0.0,989
9011001056400000,23,0.0,590
9011001056400000-564V,0,0.0,47
9011001056400000-564V,2,0.0,353
9011001056400000-564V,3,0.0,759
9011001056400000-564V,4,0.0,983
9011001056400000-564V,5,0.0,1641
9011001056400000-564V,6,0.0,1578
9011001056400000-564V,7,0.0,981
9011001056400000-564V,8,0.0,881
9011001056400000-564V,9,0.0,920
9011001056400000-564V,10,0.0,861
9011001056400000-564V,11,0.0,918
9011001056400000-564V,12,0.0,1008
9011001056400000-564V,13,0.0,1580
9011001056400000-564V,14,0.0,1540
9011001056400000-564V,15,0.0,1670
9011001056400000-564V,16,0.0,1782
9011001056400000-564V,17,0.0,1058
9011001056400000-564V,18,0.0,891
9011001056400000-564V,19,0.0,953
9011001056400000-564V,20,0.0,1152
9011001056400000-564V,21,0.0,1252
9011001056400000-564V,22,0.0,711
9011001056400000-564V,23,0.0,408
9011001056400000-564Y,8,0.0,145
9011001056400000-564Y,9,0.0,128
9011001056400000-564Y,10,0.0,140
9011001056400000-564Y,11,0.0,135
9011001056400000-564Y,12,0.0,159
9011001056400000-564Y,13,0.0,154
9011001056400000-564Y,14,0.0,132
9011001056400000-564Y,15,0.0,143
9011001056400000-564Y,16,0.0,162
9011001056700000,3,0.0,337
9011001056700000,4,0.0,1096
9011001056700000,5,0.0,1225
9011001056700000,6,0.0,1196
9011001056700000,7,0.0,1210
9011001056700000,8,0.0,1240
9011001056700000,9,0.0,1273
9011001056700000,10,0.0,1200
9011001056700000,11,0.0,1216
9011001056700000,12,0.0,1245
9011001056700000,13,0.0,1153
9011001056700000,14,0.0,1252
9011001056700000,15,0.0,1366
9011001056700000,16,0.0,1327
9011001056700000,17,0.0,1286
9011001056700000,18,0.0,1196
9011001056700000,19,0.0,1077
9011001056700000,20,0.0,637
9011001056800000,3,0.0,404
9011001056800000,4,0.0,756
9011001056800000,5,0.0,1013
9011001056800000,6,0.0,1041
9011001056800000,7,0.0,938
9011001056800000,8,0.0,607
9011001056800000,9,0.0,681
9011001056800000,10,0.0,670
9011001056800000,11,0.0,636
9011001056800000,12,0.0,759
9011001056800000,13,0.0,897
9011001056800000,14,0.0,1049
9011001056800000,15,0.0,1032
9011001056800000,16,0.0,675
9011001056800000,17,0.0,613
9011001056800000,18,0.0,686
9011001056800000,19,0.0,589
9011001056800000,20,0.0,701
9011001056800000,21,0.0,597
9011001056800000,22,0.0,192
9011001056800000,23,0.0,41
9011001057000000,0,0.0,12
9011001057000000,2,0.0,423
9011001057000000,3,0.0,683
9011001057000000,4,0.0,1183
9011001057000000,5,0.0,1558
9011001057000000,6,0.0,1575
9011001057000000,7,0.0,1040
9011001057000000,8,0.0,1054
9011001057000000,9,0.0,1171
9011001057000000,10,0.0,1088
9011001057000000,11,0.0,1196
9011001057000000,12,0.0,1368
9011001057000000,13,0.0,1772
9011001057000000,14,0.0,1933
9011001057000000,15,0.0,1639
9011001057000000,16,0.0,1412
9011001057000000,17,0.0,1210
9011001057000000,18,0.0,1166
9011001057000000,19,0.0,1176
9011001057000000,20,0.0,1055
9011001057000000,21,0.0,929
9011001057000000,22,0.0,535
9011001057000000,23,0.0,348
9011001057100000,3,0.0,18
9011001057100000,4,0.0,470
9011001057100000,5,0.0,911
9011001057100000,6,0.0,941
9011001057100000,7,0.0,501
9011001057100000,8,0.0,281
9011001057100000,9,0.0,353
9011001057100000,10,0.0,370
9011001057100000,11,0.0,405
9011001057100000,12,0.0,301
9011001057100000,13,0.0,593
9011001057100000,14,0.0,621
9011001057100000,15,0.0,502
9011001057100000,16,0.0,494
9011001057100000,17,0.0,520
9011001057100000,18,0.0,413
9011001057100000,19,0.0,246
9011001057100000,20,0.0,202
9011001057100000,21,0.0,117
9011001057100000-571X,3,0.0,66
9011001057100000-571X,4,0.0,73
9011001057100000-571X,5,0.0,83
9011001057100000-571X,6,0.0,213
9011001057100000-571X,7,0.0,204
9011001057100000-571X,8,0.0,139
9011001057100000-571X,9,0.0,118
9011001057100000-571X,10,0.0,110
9011001057100000-571X,11,0.0,167
9011001057100000-571X,12,0.0,180
9011001057100000-571X,13,0.0,206
9011001057100000-571X,14,0.0,164
9011001057100000-571X,15,0.0,142
9011001057100000-571X,16,0.0,84
9011001057100000-571X,17,0.0,79
9011001057100000-571X,18,0.0,168
9011001057100000-571X,19,0.0,177
9011001057100000-571X,21,0.0,158
9011001057100000-571X,22,0.0,2
9011001057300000,7,0.0,420
9011001057300000,8,0.0,369
9011001057300000,9,0.0,404
9011001057300000,10,0.0,399
9011001057300000,11,0.0,376
9011001057300000,12,0.0,435
9011001057300000,13,0.0,407
9011001057300000,14,0.0,358
9011001057300000,15,0.0,455
9011001057300000,16,0.0,381
9011001057300000,17,0.0,186
9011001057400000,3,0.0,32
9011001057400000,4,0.0,418
9011001057400000,5,0.0,862
9011001057400000,6,0.0,296
9011001057400000,7,0.0,499
9011001057400000,8,0.0,433
9011001057400000,9,0.0,172
9011001057400000,10,0.0,492
9011001057400000,11,0.0,414
9011001057400000,12,0.0,758
9011001057400000,13,0.0,684
9011001057400000,14,0.0,538
9011001057400000,15,0.0,573
9011001057400000,16,0.0,930
9011001057400000,17,0.0,642
9011001057400000,18,0.0,579
9011001057400000,19,0.0,228
9011001057400000,20,0.0,525
9011001057400000,21,0.0,363
9011001057500000,2,0.0,387
9011001057500000,3,0.0,733
9011001057500000,4,0.0,1431
9011001057500000,5,0.0,2261
9011001057500000,6,0.0,2146
9011001057500000,7,0.0,1567
9011001057500000,8,0.0,1840
9011001057500000,9,0.0,1767
9011001057500000,10,0.0,1901
9011001057500000,11,0.0,1848
9011001057500000,12,0.0,2251
9011001057500000,13,0.0,1929
9011001057500000,14,0.0,1831
9011001057500000,15,0.0,1957
9011001057500000,16,0.0,1793
9011001057500000,17,0.0,1921
9011001057500000,18,0.0,1931
9011001057500000,19,0.0,1801
9011001057500000,20,0.0,1494
9011001057500000,21,0.0,1096
9011001057500000,22,0.0,634
9011001057500000,23,0.0,338
9011001057500000-575X,5,0.0,197
9011001057500000-575X,6,0.0,222
9011001057500000-575X,12,0.0,358
9011001057500000-575X,13,0.0,228
9011001057600000,3,0.0,17
9011001057600000,4,0.0,655
9011001057600000,5,0.0,665
9011001057600000,6,0.0,366
9011001057600000,7,0.0,252
9011001057600000,10,0.0,59
9011001057600000,11,0.0,264
9011001057600000,12,0.0,95
9011001057600000,13,0.0,178
9011001057600000,14,0.0,450
9011001057600000,15,0.0,702
9011001057600000,16,0.0,188
9011001057700000,4,0.0,89
9011001057700000,5,0.0,250
9011001057700000,6,0.0,12
9011001057700000,7,0.0,324
9011001057700000,8,0.0,87
9011001057700000,9,0.0,7
9011001057700000,10,0.0,51
9011001057700000,11,0.0,407
9011001057700000,13,0.0,392
9011001057700000,14,0.0,13
9011001057700000,15,0.0,338
9011001057700000,16,0.0,8
9011001057700000,17,0.0,384
9011001057700000,18,0.0,14
9011001057700000,19,0.0,112
9011001057900000,0,0.0,702
9011001057900000,1,0.0,568
9011001057900000,2,0.0,1276
9011001057900000,3,0.0,2681
9011001057900000,4,0.0,2421
9011001057900000,5,0.0,2540
9011001057900000,6,0.0,2438
9011001057900000,7,0.0,2205
9011001057900000,8,0.0,2142
9011001057900000,9,0.0,2116
9011001057900000,10,0.0,2229
9011001057900000,11,0.0,2257
9011001057900000,12,0.0,2281
9011001057900000,13,0.0,2503
9011001057900000,14,0.0,2715
9011001057900000,15,0.0,2872
9011001057900000,16,0.0,2790
9011001057900000,17,0.0,2297
9011001057900000,18,0.0,2392
9011001057900000,19,0.0,2377
9011001057900000,20,0.0,2573
9011001057900000,21,0.0,1705
9011001057900000,22,0.0,1179
9011001057900000,23,0.0,1092
9011001058000000,0,0.0,77
9011001058000000,1,0.0,4
9011001058000000,2,0.0,164
9011001058000000,3,0.0,830
9011001058000000,4,0.0,1538
9011001058000000,5,0.0,1910
9011001058000000,6,0.0,1745
9011001058000000,7,0.0,1705
9011001058000000,8,0.0,1701
9011001058000000,9,0.0,1754
9011001058000000,10,0.0,1717
9011001058000000,11,0.0,1937
9011001058000000,12,0.0,1790
9011001058000000,13,0.0,2115
9011001058000000,14,0.0,2212
9011001058000000,15,0.0,2123
9011001058000000,16,0.0,1885
9011001058000000,17,0.0,1768
9011001058000000,18,0.0,1829
9011001058000000,19,0.0,1335
9011001058000000,20,0.0,1223
9011001058000000,21,0.0,1177
9011001058000000,22,0.0,612
9011001058000000,23,0.0,312
9011001058100000,0,0.0,36
9011001058100000,3,0.0,261
9011001058100000,4,0.0,513
9011001058100000,5,0.0,1065
9011001058100000,6,0.0,611
9011001058100000,7,0.0,258
9011001058100000,8,0.0,314
9011001058100000,9,0.0,319
9011001058100000,10,0.0,349
9011001058100000,11,0.0,523
9011001058100000,12,0.0,609
9011001058100000,13,0.0,573
9011001058100000,14,0.0,582
9011001058100000,15,0.0,618
9011001058100000,16,0.0,565
9011001058100000,17,0.0,579
9011001058100000,18,0.0,337
9011001058100000,19,0.0,309
9011001058100000,20,0.0,154
9011001058100000,21,0.0,358
9011001058100000,22,0.0,279
9011001058100000,23,0.0,171
9011001058200000,0,0.0,94
9011001058200000,2,0.0,155
9011001058200000,3,0.0,779
9011001058200000,4,0.0,1070
9011001058200000,5,0.0,1240
9011001058200000,6,0.0,1280
9011001058200000,7,0.0,915
9011001058200000,8,0.0,796
9011001058200000,9,0.0,871
9011001058200000,10,0.0,815
9011001058200000,11,0.0,1061
9011001058200000,12,0.0,1305
9011001058200000,13,0.0,1339
9011001058200000,14,0.0,1400
9011001058200000,15,0.0,1396
9011001058200000,16,0.0,1047
9011001058200000,17,0.0,988
9011001058200000,18,0.0,876
9011001058200000,19,0.0,820
9011001058200000,20,0.0,1117
9011001058200000,21,0.0,979
9011001058200000,22,0.0,650
9011001058200000,23,0.0,426
9011001058300000,2,0.0,21
9011001058300000,3,0.0,194
9011001058300000,4,0.0,340
9011001058300000,5,0.0,367
9011001058300000,6,0.0,382
9011001058300000,7,0.0,354
9011001058300000,8,0.0,363
9011001058300000,9,0.0,392
9011001058300000,10,0.0,376
9011001058300000,11,0.0,368
9011001058300000,12,0.0,366
9011001058300000,13,0.0,413
9011001058300000,14,0.0,411
9011001058300000,15,0.0,398
9011001058300000,16,0.0,385
9011001058300000,17,0.0,389
9011001058300000,18,0.0,348
9011001058300000,19,0.0,215
9011001058300000,20,0.0,218
9011001058300000,21,0.0,162
9011001058300000,22,0.0,15
9011001058300000,23,0.0,11
9011001058400000,3,0.0,125
9011001058400000,4,0.0,595
9011001058400000,5,0.0,1081
9011001058400000,6,0.0,670
9011001058400000,7,0.0,569
9011001058400000,8,0.0,492
9011001058400000,9,0.0,592
9011001058400000,10,0.0,528
9011001058400000,11,0.0,539
9011001058400000,12,0.0,654
9011001058400000,13,0.0,663
9011001058400000,14,0.0,702
9011001058400000,15,0.0,663
9011001058400000,16,0.0,643
9011001058400000,17,0.0,658
9011001058400000,18,0.0,611
9011001058400000,19,0.0,498
9011001058400000,20,0.0,533
9011001058400000,21,0.0,643
9011001058400000,22,0.0,175
9011001058700000,4,0.0,340
9011001058700000,5,0.0,655
9011001058700000,6,0.0,763
9011001058700000,7,0.0,782
9011001058700000,8,0.0,728
9011001058700000,9,0.0,779
9011001058700000,10,0.0,771
9011001058700000,11,0.0,821
9011001058700000,12,0.0,808
9011001058700000,13,0.0,770
9011001058700000,14,0.0,866
9011001058700000,15,0.0,751
9011001058700000,16,0.0,788
9011001058700000,17,0.0,171
9011001058900000,3,0.0,423
9011001058900000,4,0.0,179
9011001058900000,14,0.0,64
9011001058900000,15,0.0,544
9011001058900000,16,0.0,3
9011001059000000,0,0.0,583
9011001059000000,1,0.0,754
9011001059000000,2,0.0,698
9011001059000000,3,0.0,715
9011001059000000,4,0.0,34
9011001059100000,0,0.0,3139
9011001059100000,1,0.0,2918
9011001059100000,2,0.0,3234
9011001059100000,3,0.0,1493
9011001059100000,4,0.0,15
9011001059100000,22,0.0,31
9011001059100000,23,0.0,2035
9011001059200000,0,0.0,3325
9011001059200000,1,0.0,3108
9011001059200000,2,0.0,3109
9011001059200000,3,0.0,639
9011001059200000,22,0.0,394
9011001059200000,23,0.0,2622
9011001059300000,0,0.0,378
9011001059300000,1,0.0,494
9011001059300000,2,0.0,393
9011001059300000,3,0.0,103
9011001059300000,22,0.0,15
9011001059300000,23,0.0,150
9011001059400000,0,0.0,1794
9011001059400000,1,0.0,1493
9011001059400000,2,0.0,1516
9011001059400000,3,0.0,1032
9011001059400000,22,0.0,607
9011001059400000,23,0.0,1534
9011001059500000,0,0.0,1355
9011001059500000,1,0.0,582
9011001059500000,2,0.0,480
9011001059500000,3,0.0,57
9011001059500000,22,0.0,311
9011001059500000,23,0.0,966
9011001059600000,0,0.0,561
9011001059600000,1,0.0,244
9011001059600000,2,0.0,499
9011001059600000,3,0.0,239
9011001059600000,23,0.0,321
9011001059700000,0,0.0,107
9011001059700000,1,0.0,142
9011001059700000,2,0.0,131
9011001059700000,3,0.0,8
9011001059800000,0,0.0,1840
9011001059800000,1,0.0,1678
9011001059800000,2,0.0,1376
9011001059800000,3,0.0,1333
9011001059800000,4,0.0,683
9011001059800000,22,0.0,599
9011001059800000,23,0.0,1668
9011001059900000,0,0.0,109
9011001059900000,23,0.0,10
9011001060100000,0,0.0,114
9011001060100000,1,0.0,106
9011001060100000,2,0.0,84
9011001060100000,3,0.0,310
9011001060100000,4,0.0,2016
9011001060100000,5,0.0,2294
9011001060100000,6,0.0,2644
9011001060100000,7,0.0,1973
9011001060100000,8,0.0,1970
9011001060100000,9,0.0,1893
9011001060100000,10,0.0020757654385054488,1927
9011001060100000,11,0.0,1919
9011001060100000,12,0.0,1912
9011001060100000,13,0.0,2667
9011001060100000,14,0.0,3052
9011001060100000,15,0.0,2974
9011001060100000,16,0.0,2489
9011001060100000,17,0.0,2027
9011001060100000,18,0.0,2090
9011001060100000,19,0.0,2167
9011001060100000,20,0.0,2165
9011001060100000,21,0.0,1851
9011001060100000,22,0.0,782
9011001060100000,23,0.0,114
9011001060200000,3,0.0,4
9011001060200000,4,0.0,909
9011001060200000,5,0.0,970
9011001060200000,6,0.0,1033
9011001060200000,7,0.0,987
9011001060200000,8,0.0,969
9011001060200000,9,0.0,958
9011001060200000,10,0.0,996
9011001060200000,11,0.0,1030
9011001060200000,12,0.0,1038
9011001060200000,13,0.0,971
9011001060200000,14,0.0,1056
9011001060200000,15,0.0,1097
9011001060200000,16,0.0,720
9011001060200000,17,0.0,625
9011001060200000,18,0.0,576
9011001060200000,19,0.0,578
9011001060200000,20,0.0,530
9011001060200000,21,0.0,564
9011001060200000,22,0.0,50
9011001060400000,3,0.0,583
9011001060400000,4,0.0,1358
9011001060400000,5,0.0,1712
9011001060400000,6,0.0,1645
9011001060400000,7,0.0,1551
9011001060400000,8,0.0,1600
9011001060400000,9,0.0,1649
9011001060400000,10,0.0,1639
9011001060400000,11,0.0,1761
9011001060400000,12,0.0,1899
9011001060400000,13,0.0,1927
9011001060400000,14,0.0,1795
9011001060400000,15,0.0,1774
9011001060400000,16,0.0,2098
9011001060400000,17,0.0,1769
9011001060400000,18,0.0,1636
9011001060400000,19,0.0,1427
9011001060400000,20,0.0,936
9011001060400000,21,0.0,1140
9011001060400000,22,0.0,324
9011001060400000-604X,4,0.0,220
9011001060400000-604X,5,0.0,581
9011001060400000-604X,6,0.0,404
9011001060400000-604X,13,0.0,36
9011001060400000-604X,14,0.0,571
9011001060400000-604X,15,0.0,645
9011001060400000-604X,16,0.0,45
9011001060500000,3,0.0,310
9011001060500000,4,0.0,1100
9011001060500000,5,0.0,1639
9011001060500000,6,0.0,1508
9011001060500000,7,0.0,1249
9011001060500000,8,0.0,1398
9011001060500000,9,0.0,1445
9011001060500000,10,0.0,1498
9011001060500000,11,0.0,1533
9011001060500000,12,0.0,1511
9011001060500000,13,0.0,1541
9011001060500000,14,0.0,1497
9011001060500000,15,0.0,1568
9011001060500000,16,0.0,1604
9011001060500000,17,0.0,1496
9011001060500000,18,0.0,1455
9011001060500000,19,0.0,1513
9011001060500000,20,0.0,1358
9011001060500000,21,0.0,1579
9011001060500000,22,0.0,300
9011001060600000,3,0.0,295
9011001060600000,4,0.0,697
9011001060600000,5,0.0,656
9011001060600000,6,0.0,617
9011001060600000,7,0.0,726
9011001060600000,8,0.0,679
9011001060600000,9,0.0,678
9011001060600000,10,0.0,744
9011001060600000,11,0.0,713
9011001060600000,12,0.0,720
9011001060600000,13,0.0,747
9011001060600000,14,0.0,751
9011001060600000,15,0.0,807
9011001060600000,16,0.0,764
9011001060600000,17,0.0,785
9011001060600000,18,0.0,829
9011001060600000,19,0.0,837
9011001060600000,20,0.0,852
9011001060600000,21,0.0,844
9011001060600000,22,0.0,701
9011001060600000,23,0.0,184
9011001060700000,2,0.0,33
9011001060700000,3,0.0,1300
9011001060700000,4,0.0,3101
9011001060700000,5,0.0,5418
9011001060700000,6,0.0,5291
9011001060700000,7,0.0,3657
9011001060700000,8,0.0,3104
9011001060700000,9,0.0,3272
9011001060700000,10,0.0,3471
9011001060700000,11,0.0,3430
9011001060700000,12,0.0,3785
9011001060700000,13,0.0,5199
9011001060700000,14,0.0,6085
9011001060700000,15,0.0,6296
9011001060700000,16,0.0,5819
9011001060700000,17,0.0,3885
9011001060700000,18,0.0,3192
9011001060700000,19,0.0,3182
9011001060700000,20,0.0,2528
9011001060700000,21,0.0,2092
9011001060700000,22,0.0,1027
9011001060800000,4,0.0,505
9011001060800000,5,0.0,686
9011001060800000,6,0.0,480
9011001060800000,7,0.0,52
9011001060800000,13,0.0,67
9011001060800000,14,0.0,454
9011001060800000,15,0.0,466
9011001060800000,16,0.0,487
9011001060800000,17,0.0,168
9011001060900000,3,0.0,48
9011001060900000,4,0.0,620
9011001060900000,5,0.0,1141
9011001060900000,6,0.0,920
9011001060900000,7,0.0,252
9011001060900000,13,0.0,215
9011001060900000,14,0.0,754
9011001060900000,15,0.0,991
9011001060900000,16,0.0,665
9011001060900000,17,0.0,46
9011001061000000,0,0.0,126
9011001061000000,1,0.0,141
9011001061000000,2,0.0,39
9011001061000000,3,0.0,617
9011001061000000,4,0.0,1936
9011001061000000,5,0.0,3278
9011001061000000,6,0.0,3119
9011001061000000,7,0.0,2942
9011001061000000,8,0.0,2827
9011001061000000,9,0.0,2807
9011001061000000,10,0.0,2899
9011001061000000,11,0.0,2891
9011001061000000,12,0.0,2871
9011001061000000,13,0.0,3441
9011001061000000,14,0.0,3174
9011001061000000,15,0.0,3422
9011001061000000,16,0.0,2919
9011001061000000,17,0.0,2835
9011001061000000,18,0.0,2577
9011001061000000,19,0.0,1993
9011001061000000,20,0.0,1833
9011001061000000,21,0.0,2269
9011001061000000,22,0.0,819
9011001061000000,23,0.0,164
9011001061000000-610E,4,0.0,202
9011001061000000-610E,5,0.0,303
9011001061000000-610E,6,0.0,295
9011001061000000-610E,7,0.0,136
9011001061000000-610E,12,0.0,76
9011001061000000-610E,13,0.0,322
9011001061000000-610E,14,0.0,238
9011001061000000-610E,15,0.0,310
9011001061000000-610E,16,0.0,286
9011001061100000,3,0.0,497
9011001061100000,4,0.0,2486
9011001061100000,5,0.0,3868
9011001061100000,6,0.0,4080
9011001061100000,7,0.0,2349
9011001061100000,8,0.0,1732
9011001061100000,9,0.0,1800
9011001061100000,10,0.0,1920
9011001061100000,11,0.0,1848
9011001061100000,12,0.0,2301
9011001061100000,13,0.0,3626
9011001061100000,14,0.0,4085
9011001061100000,15,0.0,4406
9011001061100000,16,0.0,3398
9011001061100000,17,0.0,2536
9011001061100000,18,0.0,2450
9011001061100000,19,0.0,2350
9011001061100000,20,0.0,2341
9011001061100000,21,0.0,2447
9011001061100000,22,0.0,1169
9011001061200000,3,0.0,88
9011001061200000,4,0.0,527
9011001061200000,5,0.0,759
9011001061200000,6,0.0,990
9011001061200000,7,0.0,819
9011001061200000,8,0.0,605
9011001061200000,9,0.0,543
9011001061200000,10,0.0,537
9011001061200000,11,0.0,560
9011001061200000,12,0.0,776
9011001061200000,13,0.0,1056
9011001061200000,14,0.0,1029
9011001061200000,15,0.0,1002
9011001061200000,16,0.0,1012
9011001061200000,17,0.0,869
9011001061200000,18,0.0,280
9011001061300000,4,0.0,589
9011001061300000,5,0.0,1291
9011001061300000,6,0.0,1399
9011001061300000,7,0.0,959
9011001061300000,8,0.0,556
9011001061300000,9,0.0,560
9011001061300000,10,0.0,547
9011001061300000,11,0.0,587
9011001061300000,12,0.0,533
9011001061300000,13,0.0,1047
9011001061300000,14,0.0,1654
9011001061300000,15,0.0,1854
9011001061300000,16,0.007561436672967864,1058
9011001061300000,17,0.0,304
9011001061400000,4,0.0,144
9011001061400000,5,0.0,163
9011001061400000,6,0.0,158
9011001061400000,7,0.0,188
9011001061400000,8,0.0,155
9011001061400000,9,0.0,165
9011001061400000,10,0.0,183
9011001061400000,11,0.0,160
9011001061400000,12,0.0,195
9011001061400000,13,0.0,164
9011001061400000,14,0.0,145
9011001061400000,15,0.0,205
9011001061400000,16,0.0,164
9011001061400000,17,0.0,20
9011001061500000,3,0.0,725
9011001061500000,4,0.0,1609
9011001061500000,5,0.0,1838
9011001061500000,6,0.0,1836
9011001061500000,7,0.0,1781
9011001061500000,8,0.0,1756
9011001061500000,9,0.0,1696
9011001061500000,10,0.0,1678
9011001061500000,11,0.0,1773
9011001061500000,12,0.0,1690
9011001061500000,13,0.0,2257
9011001061500000,14,0.0,1916
9011001061500000,15,0.0,1899
9011001061500000,16,0.0,1863
9011001061500000,17,0.0,1822
9011001061500000,18,0.0,1242
9011001061500000,19,0.0,1252
9011001061500000,20,0.0,1254
9011001061500000,21,0.0,1319
9011001061500000,22,0.0,915
9011001061500000,23,0.0,233
9011001061600000,4,0.0,828
9011001061600000,5,0.0,1022
9011001061600000,6,0.0,1128
9011001061600000,7,0.0,1555
9011001061600000,8,0.0,1812
9011001061600000,9,0.0,1987
9011001061600000,10,0.0,1982
9011001061600000,11,0.0,1993
9011001061600000,12,0.0,1973
9011001061600000,13,0.0,1981
9011001061600000,14,0.0,2060
9011001061600000,15,0.0,2034
9011001061600000,16,0.0,1840
9011001061600000,17,0.0,1282
9011001061600000,18,0.0,628
9011001061600000,19,0.0,721
9011001061600000,20,0.0,675
9011001061600000,21,0.0,672
9011001061600000,22,0.0,110
9011001061700000,4,0.0,532
9011001061700000,5,0.0,499
9011001061700000,6,0.0,589
9011001061700000,7,0.0,510
9011001061700000,8,0.0,469
9011001061700000,9,0.0,596
9011001061700000,10,0.0,669
9011001061700000,11,0.0,614
9011001061700000,12,0.0,613
9011001061700000,13,0.0,663
9011001061700000,14,0.0,546
9011001061700000,15,0.0,590
9011001061700000,16,0.0,541
9011001061700000,17,0.0,564
9011001061700000,18,0.0,492
9011001061700000,19,0.0,460
9011001061700000,20,0.0,387
9011001061700000,21,0.0,453
9011001061700000,22,0.0,272
9011001061700000-617H,4,0.0,159
9011001061700000-617H,5,0.0,145
9011001061700000-617H,6,0.0,172
9011001061700000-617H,7,0.0,149
9011001061700000-617H,8,0.0,147
9011001061700000-617H,9,0.0,157
9011001061700000-617H,10,0.0,149
9011001061700000-617H,11,0.0,152
9011001061700000-617H,12,0.0,157
9011001061700000-617H,13,0.0,176
9011001061700000-617H,14,0.0,163
9011001061700000-617H,15,0.0,225
9011001061700000-617H,16,0.0,163
9011001061700000-617H,17,0.0,190
9011001061700000-617H,18,0.0,96
9011001061700000-617H,19,0.0,95
9011001061700000-617H,20,0.0,103
9011001061700000-617H,21,0.0,94
9011001061700000-617H,22,0.0,95
9011001061700000-617V,3,0.0,42
9011001061700000-617V,4,0.0,345
9011001061700000-617V,5,0.0,370
9011001061700000-617V,6,0.0,417
9011001061700000-617V,7,0.0,397
9011001061700000-617V,8,0.0,391
9011001061700000-617V,9,0.0,401
9011001061700000-617V,10,0.0,398
9011001061700000-617V,11,0.0,454
9011001061700000-617V,12,0.0,459
9011001061700000-617V,13,0.0,477
9011001061700000-617V,14,0.0,437
9011001061700000-617V,15,0.0,386
9011001061700000-617V,16,0.0,422
9011001061700000-617V,17,0.0,390
9011001061700000-617V,18,0.0,369
9011001061700000-617V,19,0.0,275
9011001061700000-617V,20,0.0,262
9011001061700000-617V,21,0.0,244
9011001061700000-617V,22,0.0,236
9011001061900000,4,0.0,413
9011001061900000,5,0.0,431
9011001061900000,6,0.0,571
9011001061900000,7,0.0,547
9011001061900000,8,0.0,536
9011001061900000,9,0.0,513
9011001061900000,10,0.0,501
9011001061900000,11,0.0,534
9011001061900000,12,0.0,489
9011001061900000,13,0.0,587
9011001061900000,14,0.0,545
9011001061900000,15,0.0,555
9011001061900000,16,0.0,566
9011001061900000,17,0.0,146
9011001062000000,3,0.0,1229
9011001062000000,4,0.0,1210
9011001062000000,5,0.0,2046
9011001062000000,6,0.0,1195
9011001062000000,7,0.0,790
9011001062000000,8,0.0,847
9011001062000000,9,0.0,434
9011001062000000,10,0.0,434
9011001062000000,11,0.0,1540
9011001062000000,12,0.0,1143
9011001062000000,13,0.0,1824
9011001062000000,14,0.0,1984
9011001062000000,15,0.0,2254
9011001062000000,16,0.0,1520
9011001062000000,17,0.0,2085
9011001062000000,18,0.0,851
9011001062000000,19,0.0,50
9011001062000000-620X,6,0.0,327
9011001062000000-620X,12,0.0,54
9011001062000000-620X,13,0.0,321
9011001062100000,3,0.0,687
9011001062100000,4,0.0,1257
9011001062100000,5,0.0,1267
9011001062100000,6,0.0,1375
9011001062100000,7,0.0,1168
9011001062100000,8,0.0,1431
9011001062100000,9,0.0,1131
9011001062100000,10,0.0,1144
9011001062100000,11,0.0,995
9011001062100000,12,0.0,1095
9011001062100000,13,0.0,1674
9011001062100000,14,0.0,1863
9011001062100000,15,0.0,2040
9011001062100000,16,0.0,1450
9011001062100000,17,0.0,907
9011001062100000,18,0.0,1334
9011001062100000,19,0.0,1872
9011001062100000,20,0.0,1916
9011001062100000,21,0.0,968
9011001062200000,3,0.0,273
9011001062200000,4,0.0,642
9011001062200000,5,0.0,898
9011001062200000,6,0.0,1108
9011001062200000,7,0.0,735
9011001062200000,8,0.0,607
9011001062200000,9,0.0,696
9011001062200000,10,0.0,751
9011001062200000,11,0.0,951
9011001062200000,12,0.0,1194
9011001062200000,13,0.0,1321
9011001062200000,14,0.0,1091
9011001062200000,15,0.0,909
9011001062200000,16,0.0,1062
9011001062200000,17,0.0,1142
9011001062200000,18,0.0,1368
9011001062200000,19,0.0,611
9011001062200000,20,0.0,959
9011001062200000,21,0.0,1108
9011001062200000,22,0.0,601
9011001062200000,23,0.0,274
9011001062200000-622X,3,0.0,31
9011001062200000-622X,4,0.0,260
9011001062200000-622X,5,0.0,220
9011001062200000-622X,6,0.0,205
9011001062200000-622X,7,0.0,120
9011001062200000-622X,8,0.0,19
9011001062200000-622X,13,0.0,53
9011001062200000-622X,14,0.0,79
9011001062200000-622X,15,0.0,534
9011001062200000-622X,16,0.0,417
9011001062200000-622X,17,0.0,356
9011001062200000-622X,18,0.0,312
9011001062200000-622X,19,0.0,307
9011001062200000-622X,20,0.0,216
9011001062200000-622X,21,0.0,59
9011001062200000-622X,22,0.0,14
9011001062200000-622X,23,0.0,199
9011001062300000-623H,0,0.0,67
9011001062300000-623H,2,0.0,173
9011001062300000-623H,3,0.0,235
9011001062300000-623H,4,0.0,445
9011001062300000-623H,5,0.0,504
9011001062300000-623H,6,0.0,471
9011001062300000-623H,7,0.0,302
9011001062300000-623H,8,0.0,492
9011001062300000-623H,9,0.0,458
9011001062300000-623H,10,0.0,475
9011001062300000-623H,11,0.0,470
9011001062300000-623H,12,0.0,459
9011001062300000-623H,13,0.0,352
9011001062300000-623H,14,0.0,462
9011001062300000-623H,15,0.0,383
9011001062300000-623H,16,0.0,388
9011001062300000-623H,17,0.0,425
9011001062300000-623H,18,0.0,426
9011001062300000-623H,19,0.0,534
9011001062300000-623H,20,0.0,383
9011001062300000-623H,21,0.0,354
9011001062300000-623H,22,0.0,284
9011001062300000-623H,23,0.0,279
9011001062300000-623V,0,0.0,207
9011001062300000-623V,3,0.0,225
9011001062300000-623V,4,0.0,309
9011001062300000-623V,5,0.0,450
9011001062300000-623V,6,0.0,274
9011001062300000-623V,7,0.0,486
9011001062300000-623V,8,0.0,359
9011001062300000-623V,9,0.0,473
9011001062300000-623V,10,0.0,454
9011001062300000-623V,11,0.0,471
9011001062300000-623V,12,0.0,486
9011001062300000-623V,13,0.0,464
9011001062300000-623V,14,0.0,365
9011001062300000-623V,15,0.0,476
9011001062300000-623V,16,0.0,338
9011001062300000-623V,17,0.0,400
9011001062300000-623V,18,0.0,500
9011001062300000-623V,19,0.0,405
9011001062300000-623V,20,0.0,353
9011001062300000-623V,21,0.0,332
9011001062300000-623V,22,0.0,326
9011001062300000-623V,23,0.0,75
9011001062400000,2,0.0,372
9011001062400000,3,0.0,325
9011001062400000,4,0.0,697
9011001062400000,5,0.0,1074
9011001062400000,6,0.0,611
9011001062400000,7,0.0,51
9011001062400000,13,0.0,302
9011001062400000,14,0.0,518
9011001062400000,15,0.002638522427440633,758
9011001062400000,16,0.0,640
9011001062400000,17,0.0,474
9011001062500000,4,0.0,435
9011001062500000,5,0.0,560
9011001062500000,6,0.0,256
9011001062500000,7,0.0,124
9011001062500000,14,0.0,202
9011001062500000,15,0.0,379
9011001062500000,16,0.0,436
9011001062500000,17,0.0,47
9011001062600000,3,0.0,245
9011001062600000,4,0.0,1510
9011001062600000,5,0.0,1865
9011001062600000,6,0.0,1655
9011001062600000,7,0.0,1679
9011001062600000,8,0.0,1527
9011001062600000,9,0.0,1017
9011001062600000,10,0.0,1426
9011001062600000,11,0.0,1181
9011001062600000,12,0.0,2027
9011001062600000,13,0.0,2118
9011001062600000,14,0.0,2234
9011001062600000,15,0.0,2200
9011001062600000,16,0.0,2405
9011001062600000,17,0.0,1446
9011001062600000,18,0.0,1537
9011001062600000,19,0.0,1797
9011001062600000,20,0.06204379562043796,274
9011001062600000,21,0.0,94
9011001062700000,3,0.0,829
9011001062700000,4,0.0,1458
9011001062700000,5,0.0,2076
9011001062700000,6,0.0,2232
9011001062700000,7,0.0,1467
9011001062700000,8,0.0,1765
9011001062700000,9,0.0,1849
9011001062700000,10,0.0,1956
9011001062700000,11,0.0,1806
9011001062700000,12,0.0,1878
9011001062700000,13,0.0,1889
9011001062700000,14,0.0,1850
9011001062700000,15,0.0,1856
9011001062700000,16,0.0,1847
9011001062700000,17,0.0,1633
9011001062700000,18,0.0,516
9011001062800000,2,0.0,74
9011001062800000,3,0.0,586
9011001062800000,4,0.0,1631
9011001062800000,5,0.0,2361
9011001062800000,6,0.0,1358
9011001062800000,7,0.0,431
9011001062800000,8,0.0,4
9011001062800000,12,0.0,172
9011001062800000,13,0.0,665
9011001062800000,14,0.0,1293
9011001062800000,15,0.0,1681
9011001062800000,16,0.0030120481927710845,1328
9011001062800000,17,0.0,338
9011001062900000,3,0.0,195
9011001062900000,4,0.0,847
9011001062900000,5,0.0,1085
9011001062900000,6,0.0,949
9011001062900000,7,0.0,1125
9011001062900000,8,0.0,821
9011001062900000,9,0.0,862
9011001062900000,10,0.0,901
9011001062900000,11,0.0,910
9011001062900000,12,0.0,907
9011001062900000,13,0.0,1221
9011001062900000,14,0.0,985
9011001062900000,15,0.0,1293
9011001062900000,16,0.0,1178
9011001062900000,17,0.0,1023
9011001062900000,18,0.0,768
9011001062900000,19,0.0,601
9011001062900000,20,0.0,655
9011001062900000,21,0.0,646
9011001062900000,22,0.0,354
9011001062900000,23,0.0,14
9011001063000000,4,0.0,82
9011001063000000,5,0.0,635
9011001063000000,7,0.0,498
9011001063000000,8,0.0,238
9011001063000000,10,0.0,121
9011001063000000,11,0.0,445
9011001063000000,12,0.0,452
9011001063000000,13,0.0,845
9011001063000000,14,0.0,554
9011001063000000,15,0.0,800
9011001063000000,16,0.0,502
9011001063000000,17,0.0,794
9011001063000000,18,0.0,296
9011001063100000,5,0.0,434
9011001063100000,6,0.0,1328
9011001063100000,7,0.0,280
9011001063100000,8,0.0,296
9011001063100000,10,0.0,151
9011001063100000,11,0.0,814
9011001063100000,12,0.0,160
9011001063100000,13,0.0,1019
9011001063100000,14,0.0,747
9011001063100000,15,0.0,954
9011001063100000,16,0.0,931
9011001063100000,17,0.0,910
9011001063100000,18,0.0,403
9011001063100000,19,0.0,667
9011001063100000,20,0.0,1286
9011001063100000,21,0.0,12
9011001063100000-631X,3,0.0,650
9011001063100000-631X,4,0.0,706
9011001063100000-631X,5,0.0,1289
9011001063100000-631X,6,0.0,395
9011001063100000-631X,7,0.0,383
9011001063100000-631X,8,0.0,467
9011001063100000-631X,12,0.0,57
9011001063100000-631X,13,0.0,139
9011001063100000-631X,14,0.0,49
9011001063100000-631X,15,0.0,111
9011001063100000-631X,16,0.0,128
9011001063100000-631X,17,0.0,112
9011001063200000,4,0.0,267
9011001063200000,5,0.0,673
9011001063200000,6,0.0,529
9011001063200000,7,0.0,571
9011001063200000,8,0.0,701
9011001063200000,9,0.0,827
9011001063200000,10,0.0,3
9011001063200000,11,0.0,124
9011001063200000,12,0.0,242
9011001063200000,13,0.0,706
9011001063200000,14,0.0,892
9011001063200000,15,0.0,1527
9011001063200000,16,0.0,919
9011001063200000,17,0.0,1351
9011001063200000,18,0.0,178
9011001063300000,0,0.0,202
9011001063300000,3,0.0,422
9011001063300000,4,0.0,743
9011001063300000,5,0.0,1222
9011001063300000,6,0.0,1266
9011001063300000,7,0.0,1189
9011001063300000,8,0.0,1090
9011001063300000,9,0.0,1097
9011001063300000,10,0.0,1242
9011001063300000,11,0.0,1218
9011001063300000,12,0.0,1219
9011001063300000,13,0.008058017727639,1241
9011001063300000,14,0.0,1310
9011001063300000,15,0.0,1195
9011001063300000,16,0.0,1206
9011001063300000,17,0.0,1243
9011001063300000,18,0.0,1147
9011001063300000,19,0.0,682
9011001063300000,20,0.0,556
9011001063300000,21,0.0,652
9011001063300000,22,0.0,469
9011001063300000,23,0.0,258
9011001063400000,3,0.0,382
9011001063400000,4,0.0,948
9011001063400000,5,0.0,1169
9011001063400000,6,0.0,1242
9011001063400000,7,0.0,825
9011001063400000,8,0.0,1201
9011001063400000,9,0.0,788
9011001063400000,10,0.0,1062
9011001063400000,11,0.0,844
9011001063400000,12,0.0,1033
9011001063400000,13,0.0,1245
9011001063400000,14,0.0,1577
9011001063400000,15,0.0,1897
9011001063400000,16,0.0,1942
9011001063400000,17,0.0,1206
9011001063400000,18,0.0,1524
9011001063400000,19,0.0,1463
9011001063400000,20,0.0,1636
9011001063400000,21,0.0,270
9011001063500000,4,0.0,319
9011001063500000,5,0.0,254
9011001063500000,7,0.0,311
9011001063500000,8,0.0,30
9011001063500000,9,0.0,30
9011001063500000,10,0.0,203
9011001063500000,11,0.0,51
9011001063500000,12,0.0,152
9011001063500000,13,0.0,149
9011001063500000,14,0.0,18
9011001063500000,15,0.0,278
9011001063500000,17,0.0,359
9011001063600000,3,0.0,403
9011001063600000,4,0.0,1144
9011001063600000,5,0.0,1000
9011001063600000,6,0.0,920
9011001063600000,7,0.0,984
9011001063600000,8,0.0,1536
9011001063600000,9,0.0,1675
9011001063600000,10,0.0,1400
9011001063600000,11,0.0,1760
9011001063600000,12,0.0,1725
9011001063600000,13,0.0,2224
9011001063600000,14,0.0,1742
9011001063600000,15,0.0,1827
9011001063600000,16,0.0,1174
9011001063600000,17,0.0,1746
9011001063600000,18,0.0,1463
9011001063600000,19,0.0,879
9011001063600000,20,0.0,293
9011001063700000,0,0.0,81
9011001063700000,2,0.0,12
9011001063700000,3,0.0,1224
9011001063700000,4,0.0,2248
9011001063700000,5,0.0,2493
9011001063700000,6,0.0,2492
9011001063700000,7,0.0,2151
9011001063700000,8,0.0,1817
9011001063700000,9,0.0,1583
9011001063700000,10,0.0,1457
9011001063700000,11,0.0,1549
9011001063700000,12,0.0,3008
9011001063700000,13,0.0,2408
9011001063700000,14,0.0,4296
9011001063700000,15,0.0,4500
9011001063700000,16,0.0,3691
9011001063700000,17,0.0,3197
9011001063700000,18,0.0,1729
9011001063700000,19,0.0,1347
9011001063700000,20,0.0,1721
9011001063700000,21,0.0,1501
9011001063700000,22,0.0,1136
9011001063700000,23,0.0,179
9011001063800000,4,0.0,876
9011001063800000,5,0.0,1342
9011001063800000,6,0.0,620
9011001063800000,7,0.0,974
9011001063800000,8,0.0,793
9011001063800000,9,0.0,58
9011001063800000,10,0.0,541
9011001063800000,11,0.0,901
9011001063800000,12,0.0,272
9011001063800000,13,0.0,1161
9011001063800000,14,0.0,462
9011001063800000,15,0.0,1000
9011001063800000,16,0.0,848
9011001063800000,17,0.0,1097
9011001063800000,18,0.0,444
9011001063800000,19,0.0,1091
9011001063800000,20,0.0,421
9011001063900000,2,0.0,176
9011001063900000,3,0.0,1222
9011001063900000,4,0.0,3400
9011001063900000,5,0.0,4781
9011001063900000,6,0.0,3022
9011001063900000,7,0.0,2418
9011001063900000,8,0.0,2237
9011001063900000,9,0.0,1323
9011001063900000,10,0.0,2022
9011001063900000,11,0.0,1834
9011001063900000,12,0.0,1578
9011001063900000,13,0.0,2353
9011001063900000,14,0.0,4028
9011001063900000,15,0.0,4685
9011001063900000,16,0.0,4313
9011001063900000,17,0.0,3073
9011001063900000,18,0.0,3102
9011001063900000,19,0.0,1798
9011001063900000,20,0.0,1894
9011001063900000,21,0.0,1691
9011001063900000,22,0.0,877
9011001063900000,23,0.0,725
9011001064100000,3,0.0,733
9011001064100000,4,0.0,1179
9011001064100000,5,0.0,1861
9011001064100000,6,0.0,2697
9011001064100000,7,0.0,1578
9011001064100000,8,0.0,1342
9011001064100000,9,0.0,1510
9011001064100000,10,0.0,1354
9011001064100000,11,0.0,1530
9011001064100000,12,0.0,1356
9011001064100000,13,0.0,1910
9011001064100000,14,0.0,2033
9011001064100000,15,0.0,2314
9011001064100000,16,0.0,1924
9011001064100000,17,0.0,1461
9011001064100000,18,0.0,1271
9011001064100000,19,0.0,1079
9011001064100000,20,0.0,1765
9011001064100000,21,0.0,708
9011001064100000,22,0.0,922
9011001064100000,23,0.0,161
9011001064100000-641X,12,0.0,30
9011001064100000-641X,13,0.0,196
9011001064200000,2,0.0,4
9011001064200000,3,0.0,493
9011001064200000,4,0.0,858
9011001064200000,5,0.0,904
9011001064200000,6,0.0,135
9011001064200000,7,0.0,139
9011001064200000,8,0.0,333
9011001064200000,9,0.0,175
9011001064200000,10,0.0,348
9011001064200000,11,0.0,349
9011001064200000,12,0.0,260
9011001064200000,13,0.0,649
9011001064200000,14,0.0,999
9011001064200000,15,0.0,931
9011001064200000,16,0.0,847
9011001064200000,17,0.0,296
9011001064200000,18,0.0,546
9011001064200000,19,0.0,302
9011001064200000,21,0.0,534
9011001064300000,3,0.0,291
9011001064300000,4,0.0,915
9011001064300000,5,0.0,1236
9011001064300000,8,0.0,141
9011001064300000,9,0.0,695
9011001064300000,10,0.0,551
9011001064300000,11,0.0,549
9011001064300000,12,0.0,522
9011001064300000,13,0.0,1108
9011001064300000,14,0.0,809
9011001064300000,15,0.0,325
9011001064300000,16,0.0,841
9011001064300000,17,0.0,79
9011001064400000,3,0.0,439
9011001064400000,4,0.0,816
9011001064400000,5,0.0,241
9011001064400000,15,0.0,583
9011001064400000,16,0.0,562
9011001064400000,17,0.0,566
9011001064500000,4,0.0,102
9011001064500000,5,0.0,747
9011001064500000,6,0.0,370
9011001064500000,7,0.0,48
9011001064500000,8,0.0,439
9011001064500000,9,0.0,418
9011001064500000,10,0.0,200
9011001064500000,11,0.0,91
9011001064500000,12,0.0,136
9011001064500000,13,0.0,268
9011001064500000,14,0.0,509
9011001064500000,15,0.0,512
9011001064500000,16,0.0,776
9011001064500000,17,0.0,363
9011001064500000,18,0.0,228
9011001064600000,4,0.0,66
9011001064600000,5,0.02546296296296296,432
9011001064600000,6,0.0,177
9011001064600000,7,1.0,13
9011001064600000,8,0.819672131147541,122
9011001064600000,11,0.0,155
9011001064600000,12,0.0,266
9011001064600000,13,0.0,276
9011001064600000,14,0.0,172
9011001064600000,15,0.7790697674418605,258
9011001064600000,16,0.9642857142857143,28
9011001064700000,3,0.0,277
9011001064700000,4,0.0,137
9011001064700000,5,0.0,384
9011001064700000,6,0.0,1020
9011001064700000,7,0.0,211
9011001064700000,8,0.0,252
9011001064700000,9,0.0,414
9011001064700000,10,0.0,410
9011001064700000,11,0.0,305
9011001064700000,12,0.0,229
9011001064700000,13,0.0,482
9011001064700000,14,0.0,904
9011001064700000,15,0.0,4
9011001064700000,16,0.0,178
9011001064700000,17,0.0,77
9011001064700000,21,0.0,63
9011001064700000,22,0.0,244
9011001064800000,3,0.0,305
9011001064800000,4,0.0,327
9011001064800000,5,0.0,752
9011001064800000,6,0.0,1389
9011001064800000,7,0.0,128
9011001064800000,8,0.0,457
9011001064800000,9,0.0,244
9011001064800000,10,0.0,291
9011001064800000,11,0.0,254
9011001064800000,12,0.0,673
9011001064800000,13,0.0,981
9011001064800000,14,0.0,71
9011001064800000,15,0.0,867
9011001064800000,16,0.0,824
9011001064800000,17,0.0,642
9011001064800000,18,0.0,67
9011001064800000,19,0.0,621
9011001064800000,20,0.0,11
9011001064800000-648Y,4,0.0,209
9011001064800000-648Y,5,0.0,434
9011001064800000-648Y,6,0.0,62
9011001064800000-648Y,13,0.0,347
9011001064800000-648Y,14,0.0,361
9011001064900000,5,0.0,96
9011001064900000,6,0.0,128
9011001064900000,11,0.0,222
9011001064900000,12,0.0,127
9011001064900000,13,0.0,247
9011001065000000,5,0.0,231
9011001065000000,12,0.0,189
9011001065000000,13,0.0,71
9011001065100000,3,0.0,84
9011001065100000,4,0.0,204
9011001065100000,5,0.0,253
9011001065100000,6,0.0,459
9011001065100000,7,0.0,225
9011001065100000,8,0.0,187
9011001065100000,9,0.0,185
9011001065100000,10,0.0,228
9011001065100000,11,0.0,207
9011001065100000,12,0.0,241
9011001065100000,13,0.0,317
9011001065100000,14,0.0,288
9011001065100000,15,0.0,426
9011001065100000,16,0.0,388
9011001065100000,17,0.0,226
9011001065100000,18,0.0,218
9011001065100000,19,0.0,121
9011001065100000,20,0.0,96
9011001065200000,6,0.0,119
9011001065200000,7,0.0,822
9011001065200000,8,0.0,146
9011001065200000,12,0.0,204
9011001065200000,13,0.0,902
9011001065200000,14,0.0,45
9011001065200000,15,0.0,106
9011001065200000,16,0.0,105
9011001065200000,17,0.0,118
9011001065200000,18,0.0,114
9011001065300000,7,0.0,134
9011001065300000,8,0.0,374
9011001065300000,9,0.0,146
9011001065300000,10,0.0,423
9011001065300000-653V,8,0.5365853658536586,123
9011001065300000-653V,9,0.95,20
9011001065300000-653V,10,0.69375,160
9011001065300000-653V,12,0.0,67
9011001065300000-653V,13,0.9661016949152542,59
9011001065400000,4,0.0,32
9011001065400000,5,0.0,474
9011001065400000,6,0.0,132
9011001065400000,7,0.0,396
9011001065400000,8,0.0,60
9011001065400000,9,0.0,62
9011001065400000,12,0.0,269
9011001065400000,13,0.0,335
9011001065400000,14,0.0,600
9011001065400000,15,0.0,530
9011001065400000,16,0.0,562
9011001065400000-654Y,6,0.0,401
9011001065400000-654Y,12,0.0,173
9011001065400000-654Y,13,0.0,249
9011001065500000,3,0.0,421
9011001065500000,4,0.0,1001
9011001065500000,5,0.0,770
9011001065500000,6,0.0,196
9011001065500000,7,0.0,247
9011001065500000,8,0.0,862
9011001065500000,9,0.0,49
9011001065500000,10,0.0,86
9011001065500000,11,0.0,885
9011001065500000,12,0.0,769
9011001065500000,13,0.0,717
9011001065500000,14,0.0,1022
9011001065500000,15,0.0,1078
9011001065500000,16,0.0,758
9011001065500000,17,0.0,600
9011001065500000,18,0.0,714
9011001065500000,19,0.0,545
9011001065500000,20,0.0,492
9011001065500000,21,0.0,136
9011001065600000,0,0.0,40
9011001065600000,2,0.0,217
9011001065600000,3,0.0,619
9011001065600000,4,0.0,1045
9011001065600000,5,0.0,960
9011001065600000,6,0.0,987
9011001065600000,7,0.0,576
9011001065600000,8,0.0,531
9011001065600000,9,0.0,637
9011001065600000,10,0.0,650
9011001065600000,11,0.0,711
9011001065600000,12,0.0,916
9011001065600000,13,0.0,926
9011001065600000,14,0.0,1004
9011001065600000,15,0.0,860
9011001065600000,16,0.0,933
9011001065600000,17,0.0,1016
9011001065600000,18,0.0,522
9011001065600000,19,0.0,637
9011001065600000,20,0.0,708
9011001065600000,21,0.0,461
9011001065600000,22,0.0,516
9011001065600000,23,0.0,296
9011001065700000,2,0.0,183
9011001065700000,3,0.0,438
9011001065700000,4,0.0,607
9011001065700000,5,0.0,605
9011001065700000,6,0.0,586
9011001065700000,7,0.0,495
9011001065700000,8,0.0,486
9011001065700000,9,0.0,501
9011001065700000,10,0.0,506
9011001065700000,11,0.0,536
9011001065700000,12,0.0,608
9011001065700000,13,0.0,668
9011001065700000,14,0.0,682
9011001065700000,15,0.0,734
9011001065700000,16,0.0,713
9011001065700000,17,0.0,565
9011001065700000,18,0.0,437
9011001065700000,19,0.0,350
9011001065700000,20,0.0,208
9011001065700000,21,0.0,222
9011001065700000,22,0.0,120
9011001065700000,23,0.0,18
9011001065800000,2,0.0,100
9011001065800000,3,0.0,466
9011001065800000,4,0.0,646
9011001065800000,5,0.0,545
9011001065800000,6,0.0,673
9011001065800000,7,0.0,321
9011001065800000,8,0.0,312
9011001065800000,9,0.0,352
9011001065800000,10,0.0,303
9011001065800000,11,0.0,316
9011001065800000,12,0.0,541
9011001065800000,13,0.0,622
9011001065800000,14,0.0,657
9011001065800000,15,0.0,549
9011001065800000,16,0.0,574
9011001065800000,17,0.0,552
9011001065800000,18,0.0,440
9011001065800000,19,0.0,226
9011001065800000,20,0.0,297
9011001065900000,3,0.0,114
9011001065900000,4,0.0,363
9011001065900000,5,0.0,327
9011001065900000,6,0.0,372
9011001065900000,7,0.0,431
9011001065900000,8,0.0,466
9011001065900000,9,0.0,326
9011001065900000,10,0.0,416
9011001065900000,11,0.0,420
9011001065900000,12,0.0,401
9011001065900000,13,0.0,435
9011001065900000,14,0.0,399
9011001065900000,15,0.0,389
9011001065900000,16,0.0,498
9011001065900000,17,0.0,437
9011001065900000,18,0.0,321
9011001065900000,19,0.0,242
9011001065900000,20,0.0,167
9011001066000000,3,0.0,47
9011001066000000,4,0.0,462
9011001066000000,5,0.0,471
9011001066000000,6,0.0,511
9011001066000000,7,0.0,592
9011001066000000,8,0.0,570
9011001066000000,9,0.0,536
9011001066000000,10,0.0,555
9011001066000000,11,0.0,584
9011001066000000,12,0.0,622
9011001066000000,13,0.0,624
9011001066000000,14,0.0,644
9011001066000000,15,0.0,641
9011001066000000,16,0.0,633
9011001066000000,17,0.0,456
9011001066000000,18,0.0,386
9011001066000000,19,0.0,169
9011001066000000,20,0.0,292
9011001066000000,21,0.0,281
9011001066100000,4,0.0,50
9011001066100000,5,0.0,430
9011001066100000,6,0.0,205
9011001066100000,7,0.0,528
9011001066100000,10,0.0,335
9011001066100000,11,0.0,401
9011001066100000,12,0.0,476
9011001066100000,13,0.0,659
9011001066100000,14,0.0,487
9011001066100000,15,0.0,720
9011001066100000,16,0.0,399
9011001066200000,4,0.0,217
9011001066200000,5,0.0,252
9011001066200000,6,0.9238095238095239,105
9011001066200000,7,0.7741935483870968,31
9011001066200000,10,1.0,14
9011001066200000,11,0.9090909090909091,11
9011001066200000,12,0.0,270
9011001066200000,13,0.0,359
9011001066200000,14,0.0,479
9011001066200000,15,0.0,224
9011001066200000-662Y,4,0.0,94
9011001066200000-662Y,5,0.0,255
9011001066200000-662Y,6,0.0,27
9011001066200000-662Y,13,0.0,129
9011001066200000-662Y,14,0.0,292
9011001066300000,5,0.0,146
9011001066300000,6,0.0,54
9011001066300000,11,0.9545454545454546,22
9011001066300000,12,0.0,90
9011001066300000,13,0.5411764705882353,170
9011001066300000,14,0.8571428571428571,14
9011001066300000,15,0.8764044943820225,89
9011001066300000,16,0.8181818181818182,22
9011001066400000,3,0.0,165
9011001066400000,4,0.0,772
9011001066400000,5,0.0,843
9011001066400000,6,0.0,660
9011001066400000,7,0.0,667
9011001066400000,8,0.0,514
9011001066400000,9,0.0,475
9011001066400000,10,0.0,478
9011001066400000,11,0.0,492
9011001066400000,12,0.0,637
9011001066400000,13,0.0,762
9011001066400000,14,0.0,867
9011001066400000,15,0.0,831
9011001066400000,16,0.0,864
9011001066400000,17,0.0,496
9011001066400000,18,0.0,511
9011001066400000,19,0.0,516
9011001066400000,20,0.0,507
9011001066400000,21,0.0,389
9011001066500000,3,0.0,38
9011001066500000,4,0.0,1060
9011001066500000,5,0.0,1388
9011001066500000,6,0.0,1169
9011001066500000,7,0.0,614
9011001066500000,8,0.0,684
9011001066500000,9,0.0,599
9011001066500000,10,0.0,724
9011001066500000,11,0.0,836
9011001066500000,12,0.0,1000
9011001066500000,13,0.0,1297
9011001066500000,14,0.0,1303
9011001066500000,15,0.0,1230
9011001066500000,16,0.0,1129
9011001066500000,17,0.0,1095
9011001066500000,18,0.0,914
9011001066500000,19,0.0,1258
9011001066500000,20,0.0,644
9011001066500000,21,0.0,798
9011001066500000,22,0.0,410
9011001066600000,5,0.0,121
9011001066600000,10,0.0,47
9011001066600000,11,0.0,285
9011001066600000,12,0.0,170
9011001066600000,13,0.0,430
9011001066600000,14,0.0,32
9011001066600000,15,0.0,246
9011001066700000,4,0.0,21
9011001066700000,5,0.0,153
9011001066700000,8,0.0,8
9011001066700000,11,0.6666666666666666,12
9011001066700000,12,0.0,76
9011001066700000,13,0.049586776859504134,121
9011001066700000,14,0.8260869565217391,23
9011001066800000,5,0.0,75
9011001066800000,12,0.0,63
9011001066800000,13,0.0,80
9011001066800000,14,0.0,154
9011001066800000,15,0.0,82
9011001066800000,16,0.0,37
9011001067000000,0,0.0,20
9011001067000000,2,0.0,74
9011001067000000,3,0.0010559662090813093,947
9011001067000000,4,0.0,2099
9011001067000000,5,0.0,2797
9011001067000000,6,0.0,2566
9011001067000000,7,0.0,2758
9011001067000000,8,0.0,2795
9011001067000000,9,0.0,2865
9011001067000000,10,0.0,3061
9011001067000000,11,0.0,3077
9011001067000000,12,0.0,3109
9011001067000000,13,0.0,3675
9011001067000000,14,0.0,4034
9011001067000000,15,0.0,4107
9011001067000000,16,0.0,3839
9011001067000000,17,0.0,3164
9011001067000000,18,0.0,2576
9011001067000000,19,0.0,1774
9011001067000000,20,0.0,1766
9011001067000000,21,0.0,1500
9011001067000000,22,0.0,1054
9011001067000000,23,0.0,543
9011001067000000-670X,4,0.0,310
9011001067000000-670X,5,0.0,732
9011001067000000-670X,6,0.0,773
9011001067000000-670X,7,0.0,459
9011001067600000,2,0.0,141
9011001067600000,3,0.0,820
9011001067600000,4,0.0,1508
9011001067600000,5,0.0,1801
9011001067600000,6,0.0,1791
9011001067600000,7,0.0,1870
9011001067600000,8,0.0037735849056603774,1855
9011001067600000,9,0.0,1881
9011001067600000,10,0.0,1937
9011001067600000,11,0.004014049172102358,1993
9011001067600000,12,0.003567787971457696,1962
9011001067600000,13,0.0,2178
9011001067600000,14,0.0,2107
9011001067600000,15,0.008976660682226212,2228
9011001067600000,16,0.0,2423
9011001067600000,17,0.0,2146
9011001067600000,18,0.0,1832
9011001067600000,19,0.0,1447
9011001067600000,20,0.0,1284
9011001067600000,21,0.0,1337
9011001067600000,22,0.0,862
9011001067600000,23,0.0,271
9011001067600000-676X,4,0.0,116
9011001067600000-676X,5,0.0,406
9011001067600000-676X,6,0.0,305
9011001067600000-676X,7,0.0,6
9011001067600000-676X,8,0.0,3
9011001067600000-676X,13,0.0,58
9011001067600000-676X,14,0.0,249
9011001067600000-676X,15,0.0,317
9011001067600000-676X,16,0.0,94
9011001067700000,2,0.0,238
9011001067700000,3,0.0,1440
9011001067700000,4,0.0,2447
9011001067700000,5,0.0,2799
9011001067700000,6,0.0,2699
9011001067700000,7,0.0,2631
9011001067700000,8,0.0,2195
9011001067700000,9,0.0,2033
9011001067700000,10,0.0,2096
9011001067700000,11,0.0,2061
9011001067700000,12,0.0,2614
9011001067700000,13,0.0,2985
9011001067700000,14,0.0,2972
9011001067700000,15,0.0,3125
9011001067700000,16,0.0,2492
9011001067700000,17,0.0,2312
9011001067700000,18,0.0,2076
9011001067700000,19,0.0,1877
9011001067700000,20,0.0,2430
9011001067700000,21,0.0,1226
9011001067700000,22,0.0,729
9011001068000000,4,0.0,515
9011001068000000,5,0.0,1063
9011001068000000,6,0.0,1077
9011001068000000,7,0.0,482
9011001068000000,12,0.0,50
9011001068000000,13,0.0,415
9011001068000000,14,0.0,717
9011001068000000,15,0.0,763
9011001068000000,16,0.0,709
9011001068000000,17,0.0,116
9011001068100000,4,0.0,93
9011001068100000,5,0.0,376
9011001068100000,6,0.0,84
9011001068100000,7,0.0,260
9011001068100000,9,0.0,380
9011001068100000,10,0.0,45
9011001068100000,11,0.0,10
9011001068100000,12,0.0,190
9011001068100000,13,0.0,432
9011001068100000,14,0.0,206
9011001068100000,15,0.0,299
9011001068100000,16,0.0,187
9011001068100000,17,0.0,422
9011001068100000,18,0.0,1
9011001068200000,2,0.0,46
9011001068200000,3,0.0,304
9011001068200000,4,0.0,240
9011001068200000,5,0.0,301
9011001068200000,6,0.0,513
9011001068200000,7,0.0,358
9011001068200000,8,0.0,384
9011001068200000,9,0.0,378
9011001068200000,10,0.0,354
9011001068200000,11,0.0,394
9011001068200000,12,0.0,422
9011001068200000,13,0.0,521
9011001068200000,14,0.0,645
9011001068200000,15,0.0,467
9011001068200000,16,0.0,411
9011001068200000,17,0.0,412
9011001068200000,18,0.0,411
9011001068200000,19,0.0,450
9011001068200000,20,0.0,403
9011001068200000,21,0.0,504
9011001068200000,22,0.0,377
9011001068200000,23,0.0,12
9011001068300000,3,0.0,403
9011001068300000,4,0.0,1334
9011001068300000,5,0.0,1622
9011001068300000,6,0.0,1962
9011001068300000,7,0.0,1528
9011001068300000,8,0.0,1407
9011001068300000,9,0.0,1410
9011001068300000,10,0.0,1445
9011001068300000,11,0.0,1432
9011001068300000,12,0.0,1766
9011001068300000,13,0.0,1923
9011001068300000,14,0.0,1815
9011001068300000,15,0.0,1585
9011001068300000,16,0.0,1462
9011001068300000,17,0.0,1364
9011001068300000,18,0.0,855
9011001068300000,19,0.0,836
9011001068300000,20,0.0,941
9011001068300000,21,0.0,1157
9011001068300000,22,0.0,652
9011001068400000,2,0.0,246
9011001068400000,3,0.0,926
9011001068400000,4,0.0,1389
9011001068400000,5,0.0,2109
9011001068400000,6,0.0,1996
9011001068400000,7,0.0,1602
9011001068400000,8,0.0,1091
9011001068400000,9,0.0,1056
9011001068400000,10,0.0,1138
9011001068400000,11,0.0,1153
9011001068400000,12,0.0,1183
9011001068400000,13,0.0,1444
9011001068400000,14,0.0,1956
9011001068400000,15,0.001189767995240928,1681
9011001068400000,16,0.0,1140
9011001068400000,17,0.0,1154
9011001068400000,18,0.0,1168
9011001068400000,19,0.0,1177
9011001068400000,20,0.0,798
9011001068400000,21,0.0,810
9011001068400000,22,0.0,622
9011001068400000,23,0.006230529595015576,321
9011001068500000,3,0.0,58
9011001068500000,4,0.0,371
9011001068500000,5,0.0,424
9011001068500000,6,0.0,422
9011001068500000,7,0.0,462
9011001068500000,8,0.0,428
9011001068500000,9,0.0,411
9011001068500000,10,0.0,434
9011001068500000,11,0.0,420
9011001068500000,12,0.0,471
9011001068500000,13,0.0,458
9011001068500000,14,0.0,424
9011001068500000,15,0.0,433
9011001068500000,16,0.0,425
9011001068500000,17,0.0,376
9011001068500000,18,0.0,85
9011001068700000,3,0.0,76
9011001068700000,4,0.0,957
9011001068700000,5,0.0,1062
9011001068700000,6,0.0,1425
9011001068700000,7,0.0,1430
9011001068700000,8,0.0,1243
9011001068700000,9,0.0,1149
9011001068700000,10,0.0,1075
9011001068700000,11,0.003404255319148936,1175
9011001068700000,12,0.010861132660977503,1289
9011001068700000,13,0.0,1392
9011001068700000,14,0.0,1399
9011001068700000,15,0.0,1537
9011001068700000,16,0.0,1166
9011001068700000,17,0.0,538
9011001068800000,3,0.0,174
9011001068800000,4,0.0,809
9011001068800000,5,0.0,610
9011001068800000,6,0.0,860
9011001068800000,7,0.0,586
9011001068800000,8,0.0,589
9011001068800000,9,0.0,629
9011001068800000,10,0.0,649
9011001068800000,11,0.0,716
9011001068800000,12,0.0,735
9011001068800000,13,0.0,814
9011001068800000,14,0.0,899
9011001068800000,15,0.0,940
9011001068800000,16,0.0,780
9011001068800000,17,0.0,505
9011001068800000,18,0.0,654
9011001068800000,19,0.0,709
9011001068800000,20,0.0,738
9011001068800000,21,0.0,660
9011001068900000,4,0.0,44
9011001068900000,5,0.0,133
9011001068900000,6,0.0,97
9011001068900000,7,0.0,88
9011001068900000,8,0.0,76
9011001068900000,9,0.0,138
9011001068900000,10,0.0,145
9011001068900000,11,0.0,115
9011001068900000,12,0.0,16
9011001068900000,13,0.0,122
9011001068900000,14,0.0,115
9011001068900000,15,0.0,95
9011001068900000,16,0.0,100
9011001068900000,17,0.0,70
9011001068900000,18,0.0,2
9011001069000000,0,0.0,1639
9011001069000000,1,0.0,1374
9011001069000000,2,0.0,1410
9011001069000000,3,0.0,1299
9011001069000000,4,0.0,194
9011001069000000,22,0.0,636
9011001069000000,23,0.0,1824
9011001069100000,0,0.0,1545
9011001069100000,1,0.0,1343
9011001069100000,2,0.0,1326
9011001069100000,3,0.0,1276
9011001069100000,4,0.0,231
9011001069100000,22,0.0,586
9011001069100000,23,0.0,1600
9011001069400000,0,0.0,624
9011001069400000,1,0.0,414
9011001069400000,2,0.0,491
9011001069400000,3,0.0,166
9011001069400000,23,0.0,10
9011001069500000,0,0.0,1513
9011001069500000,1,0.0,1355
9011001069500000,2,0.0,1092
9011001069500000,3,0.0,845
9011001069500000,4,0.0,97
9011001069500000,22,0.0,94
9011001069500000,23,0.0,1392
9011001069600000,0,0.0,1094
9011001069600000,1,0.0,694
9011001069600000,2,0.0,228
9011001069600000,3,0.0,89
9011001069600000,22,0.0,45
9011001069600000,23,0.0,750
9011001069700000,0,0.001459321415541773,2741
9011001069700000,1,0.0013805798435342844,2173
9011001069700000,2,0.002054442732408834,1947
9011001069700000,3,0.0,552
9011001069700000,22,0.0,737
9011001069700000,23,0.0049362402303578775,2431
9011001069800000,0,0.0,400
9011001069800000,1,0.0,166
9011001069800000,2,0.0,56
9011001069900000,0,0.0,381
9011001069900000,1,0.0,314
9011001069900000,2,0.0,90
9011001069900000,3,0.0,41
9011001069900000,23,0.0,331
9011001070200000,3,0.0,718
9011001070200000,4,0.0,1708
9011001070200000,5,0.0,2695
9011001070200000,6,0.0,2669
9011001070200000,7,0.0,1823
9011001070200000,8,0.0,1649
9011001070200000,9,0.0,1631
9011001070200000,10,0.0,1679
9011001070200000,11,0.0,1915
9011001070200000,12,0.0,2257
9011001070200000,13,0.023544520547945206,2336
9011001070200000,14,0.0,2981
9011001070200000,15,0.01099236641221374,3275
9011001070200000,16,0.007836990595611285,2552
9011001070200000,17,0.00909090909090909,1760
9011001070200000,18,0.0,1722
9011001070200000,19,0.0,1634
9011001070200000,20,0.0,1801
9011001070200000,21,0.0,1282
9011001070200000,22,0.0,431
9011001070300000,3,0.0,533
9011001070300000,4,0.0,1141
9011001070300000,5,0.0,1351
9011001070300000,6,0.0,1274
9011001070300000,7,0.0,740
9011001070300000,11,0.0,301
9011001070300000,12,0.0,976
9011001070300000,13,0.0,1160
9011001070300000,14,0.0,1254
9011001070300000,15,0.0,1372
9011001070300000,16,0.0,1231
9011001070300000,17,0.0,467
9011001070400000,0,0.0,12
9011001070400000,3,0.0,457
9011001070400000,4,0.0,2079
9011001070400000,5,0.0,2589
9011001070400000,6,0.0,2242
9011001070400000,7,0.0,1598
9011001070400000,8,0.0,1240
9011001070400000,9,0.0,1242
9011001070400000,10,0.0,1329
9011001070400000,11,0.0,1717
9011001070400000,12,0.0,2171
9011001070400000,13,0.0,2202
9011001070400000,14,0.0,2437
9011001070400000,15,0.0,2423
9011001070400000,16,0.0,2292
9011001070400000,17,0.0,1392
9011001070400000,18,0.0,1480
9011001070400000,19,0.0,1447
9011001070400000,20,0.0,1433
9011001070400000,21,0.0,1627
9011001070400000,22,0.0,1339
9011001070400000,23,0.0,420
9011001070500000,3,0.0,129
9011001070500000,4,0.0,1094
9011001070500000,5,0.0,1104
9011001070500000,6,0.0,1208
9011001070500000,7,0.0,827
9011001070500000,8,0.0,755
9011001070500000,9,0.0,770
9011001070500000,10,0.0,874
9011001070500000,11,0.0,862
9011001070500000,12,0.0,995
9011001070500000,13,0.0,1466
9011001070500000,14,0.0,1526
9011001070500000,15,0.0,1471
9011001070500000,16,0.0,1040
9011001070500000,17,0.0,965
9011001070500000,18,0.0,918
9011001070500000,19,0.0,835
9011001070500000,20,0.0,448
9011001070600000,4,0.0,295
9011001070600000,5,0.0,338
9011001070600000,6,0.0,384
9011001070600000,7,0.0,312
9011001070600000,8,0.0,264
9011001070600000,9,0.0,267
9011001070600000,10,0.0,249
9011001070600000,11,0.0,246
9011001070600000,12,0.0,371
9011001070600000,13,0.0,434
9011001070600000,14,0.0,446
9011001070600000,15,0.0,379
9011001070600000,16,0.0,371
9011001070600000,17,0.0,223
9011001070600000,18,0.0,201
9011001070600000,19,0.0,56
9011001070700000,3,0.0,834
9011001070700000,4,0.0,2305
9011001070700000,5,0.0,2531
9011001070700000,6,0.0,2622
9011001070700000,7,0.0,2539
9011001070700000,8,0.0,2577
9011001070700000,9,0.0,2565
9011001070700000,10,0.0,2715
9011001070700000,11,0.0,2661
9011001070700000,12,0.0,2894
9011001070700000,13,0.0,2799
9011001070700000,14,0.0,2601
9011001070700000,15,0.005880191106210952,2721
9011001070700000,16,0.01594780717651323,2759
9011001070700000,17,0.0,2711
9011001070700000,18,0.0,2587
9011001070700000,19,0.0,2490
9011001070700000,20,0.0,2662
9011001070700000,21,0.0,2313
9011001070700000,22,0.0,1283
9011001070700000,23,0.0,1
9011001070800000,2,0.0,171
9011001070800000,3,0.0,1325
9011001070800000,4,0.0,1817
9011001070800000,5,0.0,2609
9011001070800000,6,0.0,2850
9011001070800000,7,0.010048055919615552,2289
9011001070800000,8,0.0,1949
9011001070800000,9,0.0,1991
9011001070800000,10,0.0,1932
9011001070800000,11,0.0,2318
9011001070800000,12,0.0,2842
9011001070800000,13,0.0,2994
9011001070800000,14,0.0,2752
9011001070800000,15,0.005043227665706052,2776
9011001070800000,16,0.0,3008
9011001070800000,17,0.0,2418
9011001070800000,18,0.0,2037
9011001070800000,19,0.0,2340
9011001070800000,20,0.0,2440
9011001070800000,21,0.0,2712
9011001070800000,22,0.0,979
9011001070800000,23,0.0,57
9011001070800000-708Y,11,0.0,74
9011001070800000-708Y,12,0.0,68
9011001070900000,3,0.0,242
9011001070900000,4,0.0,595
9011001070900000,5,0.0,498
9011001070900000,7,0.0,520
9011001070900000,8,0.0,585
9011001070900000,9,0.0,22
9011001070900000,10,0.0,66
9011001070900000,11,0.0,221
9011001070900000,12,0.0,536
9011001070900000,13,0.0,573
9011001070900000,14,0.0,352
9011001070900000,15,0.0,544
9011001070900000,16,0.0,643
9011001070900000,17,0.0,398
9011001071000000,3,0.0,769
9011001071000000,4,0.0,1791
9011001071000000,5,0.0,1992
9011001071000000,6,0.0,2150
9011001071000000,7,0.0,2175
9011001071000000,8,0.0,2207
9011001071000000,9,0.0,2058
9011001071000000,10,0.0,2093
9011001071000000,11,0.0,2206
9011001071000000,12,0.0028155795401220087,2131
9011001071000000,13,0.011652999568407424,2317
9011001071000000,14,0.0,2148
9011001071000000,15,0.0,2246
9011001071000000,16,0.0,2346
9011001071000000,17,0.0,2242
9011001071000000,18,0.0,2337
9011001071000000,19,0.0,2322
9011001071000000,20,0.0,1098
9011001071000000,21,0.0,1473
9011001071000000,22,0.0,646
9011001071000000,23,0.0,8
9011001071100000,4,0.0,132
9011001071100000,5,0.0,833
9011001071100000,6,0.0,835
9011001071100000,7,0.0,219
9011001071100000,12,0.0,149
9011001071100000,13,0.0,804
9011001071100000,14,0.0,895
9011001071100000,15,0.0,873
9011001071100000,16,0.0,190
9011001071300000,2,0.0,131
9011001071300000,3,0.0,1315
9011001071300000,4,0.0,3034
9011001071300000,5,0.0,3398
9011001071300000,6,0.0,3291
9011001071300000,7,0.0,2123
9011001071300000,8,0.0,2028
9011001071300000,9,0.0,2021
9011001071300000,10,0.0,2087
9011001071300000,11,0.0,2052
9011001071300000,12,0.0,2407
9011001071300000,13,0.0,3559
9011001071300000,14,0.0,3835
9011001071300000,15,0.0,3759
9011001071300000,16,0.0,3172
9011001071300000,17,0.0,2295
9011001071300000,18,0.0,2196
9011001071300000,19,0.0,2284
9011001071300000,20,0.0,1838
9011001071300000,21,0.0,1419
9011001071300000,22,0.0,852
9011001071400000,3,0.0,161
9011001071400000,4,0.0,538
9011001071400000,5,0.0,1179
9011001071400000,6,0.0,1081
9011001071400000,7,0.0,795
9011001071400000,8,0.0,817
9011001071400000,9,0.0,721
9011001071400000,10,0.0,810
9011001071400000,11,0.0,838
9011001071400000,12,0.0,983
9011001071400000,13,0.0,1066
9011001071400000,14,0.0,1318
9011001071400000,15,0.004357298474945534,1377
9011001071400000,16,0.0,1312
9011001071400000,17,0.0,804
9011001071400000,18,0.0,793
9011001071400000,19,0.0,778
9011001071400000,20,0.0,553
9011001071400000,21,0.0,460
9011001071400000,22,0.0,187
9011001071500000,2,0.0,33
9011001071500000,3,0.0,414
9011001071500000,4,0.0,490
9011001071500000,5,0.0,598
9011001071500000,6,0.0,535
9011001071500000,7,0.0,317
9011001071500000,8,0.0,335
9011001071500000,9,0.0,341
9011001071500000,10,0.0,187
9011001071500000-715V,0,0.0,82
9011001071500000-715V,10,0.0,166
9011001071500000-715V,11,0.0,365
9011001071500000-715V,12,0.0,329
9011001071500000-715V,13,0.0,422
9011001071500000-715V,14,0.0,584
9011001071500000-715V,15,0.0,531
9011001071500000-715V,16,0.0,456
9011001071500000-715V,17,0.0,349
9011001071500000-715V,18,0.0,329
9011001071500000-715V,19,0.0,344
9011001071500000-715V,20,0.0,411
9011001071500000-715V,21,0.0,273
9011001071500000-715V,22,0.0,185
9011001071500000-715V,23,0.0,151
9011001071600000,0,0.0,80
9011001071600000,2,0.0,14
9011001071600000,3,0.0,285
9011001071600000,4,0.0,603
9011001071600000,5,0.0,655
9011001071600000,6,0.0,994
9011001071600000,7,0.0,1029
9011001071600000,8,0.0,876
9011001071600000,9,0.0,822
9011001071600000,10,0.0,825
9011001071600000,11,0.0,995
9011001071600000,12,0.0,1103
9011001071600000,13,0.0,846
9011001071600000,14,0.0,646
9011001071600000,15,0.0,706
9011001071600000,16,0.0,1015
9011001071600000,17,0.0,898
9011001071600000,18,0.0,910
9011001071600000,19,0.0,893
9011001071600000,20,0.0,1061
9011001071600000,21,0.0,1067
9011001071600000,22,0.0,784
9011001071600000,23,0.0,857
9011001071700000,2,0.0,15
9011001071700000,3,0.0,168
9011001071700000,4,0.0,444
9011001071700000,5,0.0,525
9011001071700000,6,0.0,346
9011001071700000,12,0.0,199
9011001071700000,13,0.0,379
9011001071700000,14,0.0,593
9011001071700000,15,0.0,542
9011001071700000,16,0.0,419
9011001071700000,17,0.0,182
9011001071800000,0,0.0,36
9011001071800000,3,0.0,188
9011001071800000,4,0.0,333
9011001071800000,5,0.0,416
9011001071800000,6,0.0,393
9011001071800000,7,0.0,282
9011001071800000,8,0.0,258
9011001071800000,9,0.0,255
9011001071800000,10,0.0,236
9011001071800000,11,0.0,306
9011001071800000,12,0.0,432
9011001071800000,13,0.0,410
9011001071800000,14,0.0,467
9011001071800000,15,0.0,444
9011001071800000,16,0.0,453
9011001071800000,17,0.0,356
9011001071800000,18,0.0,284
9011001071800000,19,0.0,323
9011001071800000,20,0.0,253
9011001071800000,21,0.0,365
9011001071800000,22,0.0,254
9011001071800000,23,0.0,268
9011001071900000,3,0.0,197
9011001071900000,4,0.0,230
9011001071900000,5,0.0,486
9011001071900000,6,0.0,296
9011001071900000,9,0.0,41
9011001071900000,10,0.0,36
9011001071900000,11,0.0,28
9011001071900000,12,0.0,211
9011001071900000,13,0.0,388
9011001071900000,14,0.0,485
9011001071900000,15,0.0,369
9011001071900000,16,0.0,321
9011001071900000,17,0.0,87
9011001072100000,0,0.0,56
9011001072100000,3,0.0,377
9011001072100000,4,0.03597122302158273,834
9011001072100000,5,0.007936507936507936,1008
9011001072100000,6,0.0,1061
9011001072100000,7,0.0,635
9011001072100000,8,0.0,569
9011001072100000,9,0.0,582
9011001072100000,10,0.0,633
9011001072100000,11,0.0,634
9011001072100000,12,0.0,694
9011001072100000,13,0.0,1008
9011001072100000,14,0.0,1115
9011001072100000,15,0.0,1233
9011001072100000,16,0.0,916
9011001072100000,17,0.0,653
9011001072100000,18,0.0,666
9011001072100000,19,0.0,639
9011001072100000,20,0.0,662
9011001072100000,21,0.0,727
9011001072100000,22,0.0,308
9011001072100000,23,0.0,53
9011001072100000-721X,4,0.02280130293159609,307
9011001072100000-721X,5,0.0,376
9011001072100000-721X,6,0.0,403
9011001072100000-721X,7,0.0,431
9011001072100000-721X,8,0.0,387
9011001072100000-721X,9,0.0,227
9011001072100000-721X,10,0.0,389
9011001072100000-721X,11,0.0,226
9011001072100000-721X,12,0.0,358
9011001072100000-721X,13,0.0,450
9011001072100000-721X,14,0.0,561
9011001072100000-721X,15,0.0,500
9011001072100000-721X,16,0.0,459
9011001072100000-721X,17,0.0,255
9011001072100000-721X,18,0.0,341
9011001072100000-721X,19,0.0,413
9011001072100000-721X,20,0.0,281
9011001072100000-721X,21,0.0,344
9011001072100000-721X,22,0.0,159
9011001072300000,0,0.0,99
9011001072300000,3,0.0,454
9011001072300000,4,0.0,1022
9011001072300000,5,0.0,1051
9011001072300000,6,0.0,1044
9011001072300000,7,0.0,1052
9011001072300000,8,0.0,721
9011001072300000,9,0.0,711
9011001072300000,10,0.0,735
9011001072300000,11,0.0,746
9011001072300000,12,0.0,768
9011001072300000,13,0.0,1017
9011001072300000,14,0.0,1292
9011001072300000,15,0.0,1251
9011001072300000,16,0.0,919
9011001072300000,17,0.0,729
9011001072300000,18,0.0,859
9011001072300000,19,0.0,794
9011001072300000,20,0.0,846
9011001072300000,21,0.0,659
9011001072300000,22,0.0,535
9011001072300000,23,0.0,322
9011001072500000,0,0.0,190
9011001072500000,1,0.0,132
9011001072500000,2,0.0,156
9011001072500000,3,0.0,878
9011001072500000,4,0.0,1569
9011001072500000,5,0.0,1982
9011001072500000,6,0.0,2037
9011001072500000,7,0.0,976
9011001072500000,8,0.0,911
9011001072500000,9,0.0,1006
9011001072500000,10,0.0,914
9011001072500000,11,0.0,1357
9011001072500000,12,0.0,1606
9011001072500000,13,0.0,1654
9011001072500000,14,0.0,2048
9011001072500000,15,0.0,2051
9011001072500000,16,0.0,1781
9011001072500000,17,0.0,1241
9011001072500000,18,0.0,1050
9011001072500000,19,0.0,1061
9011001072500000,20,0.0,1044
9011001072500000,21,0.0,1274
9011001072500000,22,0.0,938
9011001072500000,23,0.0,340
9011001072600000,4,0.0,709
9011001072600000,5,0.0,1442
9011001072600000,6,0.0,1297
9011001072600000,7,0.0,280
9011001072600000,10,0.0,124
9011001072600000,11,0.0,149
9011001072600000,13,0.0,322
9011001072600000,14,0.0,1120
9011001072600000,15,0.0,1147
9011001072600000,16,0.0,497
9011001072600000,17,0.0,14
9011001072600000,18,0.0,189
9011001072600000,19,0.0,65
9011001072600000,20,0.0,171
9011001072700000,3,0.0,230
9011001072700000,4,0.0,841
9011001072700000,5,0.0,469
9011001072700000,6,0.0,392
9011001072700000,7,0.0,464
9011001072700000,8,0.0,152
9011001072700000,9,0.0,549
9011001072700000,10,0.0,377
9011001072700000,11,0.0,627
9011001072700000,12,0.0,218
9011001072700000,13,0.0,677
9011001072700000,14,0.0,783
9011001072700000,15,0.0,887
9011001072700000,16,0.0,853
9011001072700000,17,0.0,749
9011001072700000,18,0.0,855
9011001072700000,19,0.0,415
9011001072700000,20,0.0,692
9011001072700000,21,0.0,572
9011001072700000,22,0.0,129
9011001072700000,23,0.0,77
9011001072900000,4,0.0,380
9011001072900000,5,0.0,556
9011001072900000,6,0.0,517
9011001072900000,7,0.0,730
9011001072900000,8,0.0,88
9011001072900000,9,0.0,7
9011001072900000,11,0.0,64
9011001072900000,12,0.0,192
9011001072900000,13,0.0,225
9011001072900000,14,0.0,584
9011001072900000,15,0.0,335
9011001072900000,16,0.0,565
9011001072900000,17,0.0,557
9011001072900000,18,0.0,123
9011001073100000,4,0.0,242
9011001073100000,5,0.0,426
9011001073100000,6,0.0,233
9011001073100000,7,0.0,343
9011001073100000,8,0.0,406
9011001073100000,9,0.0,434
9011001073100000,10,0.0,441
9011001073100000,11,0.0,297
9011001073100000,12,0.0,465
9011001073100000,13,0.0,261
9011001073100000,14,0.0,271
9011001073100000,15,0.0,481
9011001073100000,16,0.0,282
9011001073100000,17,0.0,147
9011001073700000,3,0.0,76
9011001073700000,4,0.0,556
9011001073700000,5,0.0,919
9011001073700000,6,0.0,740
9011001073700000,7,0.0,143
9011001073700000,12,0.12213740458015267,131
9011001073700000,13,0.0,677
9011001073700000,14,0.0,1018
9011001073700000,15,0.0,904
9011001073700000,16,0.0,81
9011001073800000,3,0.0,313
9011001073800000,4,0.0,568
9011001073800000,5,0.0,1141
9011001073800000,6,0.0,1197
9011001073800000,7,0.0,945
9011001073800000,8,0.0,925
9011001073800000,9,0.0,890
9011001073800000,10,0.0,1052
9011001073800000,11,0.0,1109
9011001073800000,12,0.0,1078
9011001073800000,13,0.0,1093
9011001073800000,14,0.0,970
9011001073800000,15,0.0,1373
9011001073800000,16,0.0,568
9011001073800000,17,0.0,269
9011001074000000,3,0.0,499
9011001074000000,4,0.0,2701
9011001074000000,5,0.0,3238
9011001074000000,6,0.0,3701
9011001074000000,7,0.0,3451
9011001074000000,8,0.0,3745
9011001074000000,9,0.0,3762
9011001074000000,10,0.0,3744
9011001074000000,11,0.0,3858
9011001074000000,12,0.0,3663
9011001074000000,13,0.0,3620
9011001074000000,14,0.0,3914
9011001074000000,15,0.0,3851
9011001074000000,16,0.0129174543163201,3174
9011001074000000,17,0.0,2557
9011001074000000,18,0.0,2512
9011001074000000,19,0.0,2089
9011001074000000,20,0.0,1974
9011001074000000,21,0.0,1492
9011001074000000,22,0.0,63
9011001074200000,2,0.0,98
9011001074200000,3,0.0,718
9011001074200000,4,0.0,2889
9011001074200000,5,0.0,3294
9011001074200000,6,0.0,3490
9011001074200000,7,0.0,3017
9011001074200000,8,0.0,2134
9011001074200000,9,0.0022036139268400176,2269
9011001074200000,10,0.00576241134751773,2256
9011001074200000,11,0.0,2429
9011001074200000,12,0.0,3336
9011001074200000,13,0.012910166756320602,3718
9011001074200000,14,0.0,3719
9011001074200000,15,0.0,3728
9011001074200000,16,0.0,2721
9011001074200000,17,0.0,2585
9011001074200000,18,0.0,2499
9011001074200000,19,0.0,2471
9011001074200000,20,0.0,2681
9011001074200000,21,0.0,1692
9011001074200000,22,0.0,93
9011001074300000,4,0.0,361
9011001074300000,5,0.0,388
9011001074300000,6,0.0,345
9011001074300000,7,0.0,75
9011001074300000,14,0.0,192
9011001074300000,15,0.0,374
9011001074300000,16,0.0022727272727272726,440
9011001074300000,17,0.054901960784313725,255
9011001074400000,3,0.0,580
9011001074400000,4,0.0,1767
9011001074400000,5,0.0,2504
9011001074400000,6,0.0,2650
9011001074400000,7,0.0,2032
9011001074400000,8,0.0,1805
9011001074400000,9,0.0,1858
9011001074400000,10,0.0,1952
9011001074400000,11,0.0,1974
9011001074400000,12,0.0,1915
9011001074400000,13,0.0,2622
9011001074400000,14,0.0,2735
9011001074400000,15,0.0,2775
9011001074400000,16,0.0,2454
9011001074400000,17,0.0,2056
9011001074400000,18,0.0,2079
9011001074400000,19,0.0,2000
9011001074400000,20,0.0,1281
9011001074400000,21,0.0,1383
9011001074400000,22,0.0,1052
9011001074400000,23,0.0,26
9011001074500000,3,0.0,7
9011001074500000,4,0.0,242
9011001074500000,5,0.0,204
9011001074500000,6,0.0,207
9011001074500000,7,0.0,26
9011001074500000,13,0.0,120
9011001074500000,14,0.0,229
9011001074500000,15,0.0,253
9011001074500000,16,0.007518796992481203,266
9011001074500000,17,0.0,133
9011001074700000,3,0.0,10
9011001074700000,4,0.0,490
9011001074700000,5,0.0,928
9011001074700000,6,0.0,951
9011001074700000,7,0.0,650
9011001074700000,8,0.0,562
9011001074700000,9,0.0,396
9011001074700000,10,0.0,393
9011001074700000,11,0.0,459
9011001074700000,12,0.0,491
9011001074700000,13,0.0,551
9011001074700000,14,0.0,633
9011001074700000,15,0.0,483
9011001074700000,16,0.0,440
9011001074700000,17,0.0,41
9011001074700000,18,0.0,1
9011001074800000,3,0.0,40
9011001074800000,4,0.0,511
9011001074800000,5,0.0,797
9011001074800000,6,0.0,621
9011001074800000,7,0.0,381
9011001074800000,8,0.0,171
9011001074800000,9,0.0,166
9011001074800000,10,0.0,177
9011001074800000,11,0.0,132
9011001074800000,12,0.0,159
9011001074800000,13,0.0,236
9011001074800000,14,0.0,619
9011001074800000,15,0.0,674
9011001074800000,16,0.0,470
9011001074800000,17,0.0,275
9011001074800000,18,0.0,174
9011001074800000,19,0.0,105
9011001074800000,20,0.0,97
9011001074800000,21,0.0,2
9011001074900000,4,0.0,145
9011001074900000,5,0.0,213
9011001074900000,6,0.0,164
9011001074900000,7,0.0,29
9011001074900000,13,0.0,46
9011001074900000,14,0.0,164
9011001074900000,15,0.0,239
9011001074900000,16,0.0,125
9011001074900000,17,0.0,24
9011001075000000,3,0.0,299
9011001075000000,4,0.0,344
9011001075000000,5,0.0,367
9011001075000000,6,0.0,665
9011001075000000,7,0.0,90
9011001075000000,8,0.0,175
9011001075000000,9,0.0,284
9011001075000000,10,0.0,40
9011001075000000,11,0.0,186
9011001075000000,12,0.0,657
9011001075000000,13,0.0,559
9011001075000000,14,0.0,463
9011001075000000,15,0.0,597
9011001075000000,16,0.0,535
9011001075000000,17,0.0,257
9011001075000000,19,0.0,588
9011001075000000,20,0.0,156
9011001075100000,0,0.0,38
9011001075100000,1,0.0,27
9011001075100000,2,0.0,49
9011001075100000,3,0.0,1019
9011001075100000,4,0.0,2239
9011001075100000,5,0.0,2652
9011001075100000,6,0.0,2737
9011001075100000,7,0.0,2563
9011001075100000,8,0.0,2503
9011001075100000,9,0.0,2544
9011001075100000,10,0.0,2554
9011001075100000,11,0.0,2592
9011001075100000,12,0.0,2859
9011001075100000,13,0.0,2894
9011001075100000,14,0.0,2695
9011001075100000,15,0.0,2611
9011001075100000,16,0.0,2309
9011001075100000,17,0.0,1510
9011001075100000,18,0.0,1285
9011001075100000,19,0.0,1316
9011001075100000,20,0.0,1440
9011001075100000,21,0.0,1377
9011001075100000,22,0.0,788
9011001075100000,23,0.0,267
9011001075200000,3,0.0,314
9011001075200000,4,0.0,869
9011001075200000,5,0.0,1627
9011001075200000,6,0.0,1462
9011001075200000,7,0.0,1129
9011001075200000,8,0.0,1096
9011001075200000,9,0.0,1076
9011001075200000,10,0.0,1048
9011001075200000,11,0.0,982
9011001075200000,12,0.0,979
9011001075200000,13,0.0,1497
9011001075200000,14,0.0,1599
9011001075200000,15,0.0,1727
9011001075200000,16,0.0,1538
9011001075200000,17,0.0,1011
9011001075200000,18,0.0,524
9011001075200000,19,0.0,565
9011001075200000,20,0.0,654
9011001075200000,21,0.0,611
9011001075200000,22,0.0,501
9011001075200000,23,0.0,104
9011001075300000,0,0.0,134
9011001075300000,1,0.0,10
9011001075300000,2,0.0,69
9011001075300000,3,0.0,1061
9011001075300000,4,0.0,2121
9011001075300000,5,0.0,2488
9011001075300000,6,0.0,2479
9011001075300000,7,0.0,2222
9011001075300000,8,0.0,2184
9011001075300000,9,0.0,2398
9011001075300000,10,0.0,2411
9011001075300000,11,0.0,2413
9011001075300000,12,0.0,2778
9011001075300000,13,0.0,2887
9011001075300000,14,0.0,2795
9011001075300000,15,0.0,2650
9011001075300000,16,0.0,2451
9011001075300000,17,0.0,2499
9011001075300000,18,0.0,2014
9011001075300000,19,0.0,1540
9011001075300000,20,0.0,1494
9011001075300000,21,0.0,1730
9011001075300000,22,0.0,1124
9011001075300000,23,0.0,312
9011001075400000,0,0.0,136
9011001075400000,3,0.0,901
9011001075400000,4,0.0,1833
9011001075400000,5,0.0,1871
9011001075400000,6,0.0,1801
9011001075400000,7,0.0,1592
9011001075400000,8,0.0,1007
9011001075400000,9,0.0,1058
9011001075400000,10,0.0,1053
9011001075400000,11,0.0,1051
9011001075400000,12,0.0,1512
9011001075400000,13,0.0,1842
9011001075400000,14,0.0,1849
9011001075400000,15,0.0,2075
9011001075400000,16,0.0,1990
9011001075400000,17,0.0,1783
9011001075400000,18,0.0,1147
9011001075400000,19,0.0,1056
9011001075400000,20,0.0,1084
9011001075400000,21,0.0,1055
9011001075400000,22,0.0,962
9011001075400000,23,0.0,649
9011001075600000,3,0.0,54
9011001075600000,4,0.0,373
9011001075600000,5,0.0,511
9011001075600000,6,0.0,535
9011001075600000,7,0.0,185
9011001075600000,8,0.0,184
9011001075600000,9,0.0,178
9011001075600000,10,0.0,215
9011001075600000,11,0.0,201
9011001075600000,12,0.0,291
9011001075600000,13,0.0,543
9011001075600000,14,0.0,439
9011001075600000,15,0.0,459
9011001075600000,16,0.0,492
9011001075600000,17,0.0,5
9011001075600000,19,0.0,172
9011001075600000,20,0.0,187
9011001075600000,21,0.0,165
9011001075800000,0,0.0,30
9011001075800000,2,0.0,142
9011001075800000,3,0.0,826
9011001075800000,4,0.0,1877
9011001075800000,5,0.0,2248
9011001075800000,6,0.0,2227
9011001075800000,7,0.0,2334
9011001075800000,8,0.0,2358
9011001075800000,9,0.0,2528
9011001075800000,10,0.0,2540
9011001075800000,11,0.0,3278
9011001075800000,12,0.0,3230
9011001075800000,13,0.0,3094
9011001075800000,14,0.0,2802
9011001075800000,15,0.0,2842
9011001075800000,16,0.0,2891
9011001075800000,17,0.0,2658
9011001075800000,18,0.0,2364
9011001075800000,19,0.0,1588
9011001075800000,20,0.0,748
9011001075800000,21,0.0,860
9011001075800000,22,0.0,575
9011001075800000,23,0.0,375
9011001075900000,0,0.0,129
9011001075900000,3,0.0,1005
9011001075900000,4,0.0,1496
9011001075900000,5,0.0,1543
9011001075900000,6,0.0,1643
9011001075900000,7,0.0,1533
9011001075900000,8,0.0,1497
9011001075900000,9,0.0,1471
9011001075900000,10,0.0,1436
9011001075900000,11,0.0,1493
9011001075900000,12,0.0,1569
9011001075900000,13,0.0,1654
9011001075900000,14,0.0,1512
9011001075900000,15,0.0,1647
9011001075900000,16,0.0,1476
9011001075900000,17,0.0,1089
9011001075900000,18,0.0,887
9011001075900000,19,0.0,906
9011001075900000,20,0.0,821
9011001075900000,21,0.0,1084
9011001075900000,22,0.0,734
9011001075900000,23,0.0,288
9011001076100000,2,0.0,141
9011001076100000,3,0.0,304
9011001076100000,4,0.0,825
9011001076100000,5,0.0,675
9011001076100000,6,0.0,862
9011001076100000,7,0.0,519
9011001076100000,8,0.0,464
9011001076100000,9,0.0,463
9011001076100000,10,0.0,524
9011001076100000,11,0.0,533
9011001076100000,12,0.0,494
9011001076100000,13,0.0,693
9011001076100000,14,0.0,775
9011001076100000,15,0.0,921
9011001076100000,16,0.0,920
9011001076100000,17,0.0,552
9011001076100000,18,0.0,119
9011001077600000,6,0.0,52
9011001077600000,7,0.0,3
9011001077600000,8,0.0,13
9011001077600000,12,0.0,10
9011001077600000,14,0.0,61
9011001077700000,0,0.0,101
9011001077700000,1,0.0,10
9011001077700000,2,0.0,154
9011001077700000,3,0.0,721
9011001077700000,4,0.0,1670
9011001077700000,5,0.0,2197
9011001077700000,6,0.0,2264
9011001077700000,7,0.0,2069
9011001077700000,8,0.0,1617
9011001077700000,9,0.0,1438
9011001077700000,10,0.0,1408
9011001077700000,11,0.0,1534
9011001077700000,12,0.0,1645
9011001077700000,13,0.0,2211
9011001077700000,14,0.0,2206
9011001077700000,15,0.0,2327
9011001077700000,16,0.0,1978
9011001077700000,17,0.0,1334
9011001077700000,18,0.0,1095
9011001077700000,19,0.0,1144
9011001077700000,20,0.0,1185
9011001077700000,21,0.0,1315
9011001077700000,22,0.0,817
9011001077700000,23,0.0,388
9011001077800000,4,0.0,236
9011001077800000,5,0.0,511
9011001077800000,6,0.0,45
9011001077800000,7,0.0,114
9011001077800000,8,0.0,26
9011001077800000,10,0.0,236
9011001077800000,11,0.0,223
9011001077800000,12,0.0,536
9011001077800000,13,0.0,603
9011001077800000,15,0.0,130
9011001077800000,16,0.0,204
9011001077800000,17,0.0,138
9011001077900000,5,0.0,244
9011001077900000,6,0.0,197
9011001077900000,7,0.0,144
9011001077900000,12,0.0,537
9011001077900000,13,0.0,413
9011001077900000,14,0.0,345
9011001077900000,15,0.0,5
9011001078000000,4,0.0,46
9011001078000000,5,0.0,578
9011001078000000,6,0.0,156
9011001078000000,8,0.0,117
9011001078000000,9,0.0,53
9011001078000000,11,0.0,108
9011001078000000,12,0.0,92
9011001078000000,13,0.0,309
9011001078000000,14,0.0,464
9011001078000000,15,0.0,225
9011001078000000-780X,0,0.0,42
9011001078000000-780X,3,0.0,152
9011001078000000-780X,4,0.0,331
9011001078000000-780X,5,0.0,372
9011001078000000-780X,6,0.0,585
9011001078000000-780X,7,0.0,684
9011001078000000-780X,8,0.0,577
9011001078000000-780X,9,0.0,571
9011001078000000-780X,10,0.0,757
9011001078000000-780X,11,0.0,723
9011001078000000-780X,12,0.0,682
9011001078000000-780X,13,0.0,431
9011001078000000-780X,14,0.0,554
9011001078000000-780X,15,0.0,406
9011001078000000-780X,16,0.0,573
9011001078000000-780X,17,0.0,601
9011001078000000-780X,18,0.0,617
9011001078000000-780X,19,0.0,468
9011001078000000-780X,20,0.0,432
9011001078000000-780X,21,0.0,500
9011001078000000-780X,22,0.0,386
9011001078000000-780X,23,0.0,344
9011001078100000,3,0.0,124
9011001078100000,4,0.0,99
9011001078100000,5,0.0,87
9011001078100000,14,0.0,58
9011001078100000,15,0.0,99
9011001078200000,3,0.0,142
9011001078200000,4,0.0,258
9011001078200000,5,0.0,624
9011001078200000,6,0.0,148
9011001078200000,7,0.0,471
9011001078200000,9,0.0,134
9011001078200000,10,0.0,689
9011001078200000,11,0.0,74
9011001078200000,12,0.0,423
9011001078200000,13,0.0,530
9011001078200000,14,0.0,412
9011001078200000,15,0.0,651
9011001078200000,16,0.0,612
9011001078200000,17,0.0,340
9011001078200000,18,0.0,392
9011001078200000,19,0.0,350
9011001078200000,20,0.0,365
9011001078300000,2,0.0,60
9011001078300000,3,0.0,1250
9011001078300000,4,0.0,2033
9011001078300000,5,0.0,1872
9011001078300000,6,0.0,2476
9011001078300000,7,0.0,1795
9011001078300000,8,0.0,2245
9011001078300000,9,0.0,1964
9011001078300000,10,0.0,2039
9011001078300000,11,0.0,2149
9011001078300000,12,0.0,2041
9011001078300000,13,0.0,2393
9011001078300000,14,0.0,2075
9011001078300000,15,0.0,2161
9011001078300000,16,0.0,2081
9011001078300000,17,0.0,2289
9011001078300000,18,0.0,1897
9011001078300000,19,0.0,951
9011001078300000,20,0.0,1819
9011001078300000,21,0.0,939
9011001078300000,22,0.0,510
9011001078300000,23,0.0,44
9011001078400000,0,0.0,50
9011001078400000,1,0.0,21
9011001078400000,3,0.0,285
9011001078400000,4,0.0,956
9011001078400000,5,0.0,1669
9011001078400000,6,0.0,1003
9011001078400000,7,0.0,1203
9011001078400000,8,0.0,859
9011001078400000,9,0.0,645
9011001078400000,10,0.0,458
9011001078400000,11,0.0,667
9011001078400000,12,0.0,1028
9011001078400000,13,0.0,1005
9011001078400000,14,0.0,1199
9011001078400000,15,0.0,1022
9011001078400000,16,0.0,841
9011001078400000,17,0.0,674
9011001078400000,18,0.0,879
9011001078400000,19,0.0,898
9011001078400000,20,0.0,485
9011001078400000,21,0.0,933
9011001078400000,22,0.0,179
9011001078400000-784X,4,0.0,163
9011001078400000-784X,5,0.0,265
9011001078400000-784X,6,0.0,143
9011001078400000-784X,14,0.0,123
9011001078400000-784X,15,0.0,311
9011001078400000-784X,16,0.0,115
9011001078600000,0,0.0,28
9011001078600000,4,0.0,189
9011001078600000,5,0.0,164
9011001078600000,6,0.0,119
9011001078600000,7,0.0,119
9011001078600000,9,0.0,3
9011001078600000,10,0.0,79
9011001078600000,12,0.0,73
9011001078600000,13,0.0,264
9011001078600000,14,0.0,108
9011001078600000,15,0.0,331
9011001078600000,16,0.0,317
9011001078600000,17,0.0,18
9011001078600000,18,0.0,58
9011001078600000,19,0.0,56
9011001078600000,23,0.0,24
9011001078700000,3,0.0,403
9011001078700000,4,0.0,980
9011001078700000,5,0.0,1368
9011001078700000,6,0.0,1140
9011001078700000,7,0.0,940
9011001078700000,8,0.0,1073
9011001078700000,9,0.0,1084
9011001078700000,10,0.0,979
9011001078700000,11,0.0,1111
9011001078700000,12,0.0,1380
9011001078700000,13,0.0,1338
9011001078700000,14,0.0,1374
9011001078700000,15,0.0,1271
9011001078700000,16,0.0,1304
9011001078700000,17,0.0,1262
9011001078700000,18,0.0,1351
9011001078700000,19,0.0,1394
9011001078700000,20,0.0,1407
9011001078700000,21,0.0,1265
9011001078700000,22,0.0,739
9011001078700000-787X,3,0.0,31
9011001078700000-787X,4,0.0,346
9011001078700000-787X,5,0.0,397
9011001078700000-787X,6,0.0,224
9011001078700000-787X,7,0.0,13
9011001078700000-787X,13,0.0,387
9011001078700000-787X,14,0.0,473
9011001078700000-787X,15,0.0,618
9011001078700000-787X,16,0.0,518
9011001078700000-787X,17,0.0,295
9011001078800000,4,0.0,295
9011001078800000,5,0.0,547
9011001078800000,6,0.0,604
9011001078800000,7,0.0,523
9011001078800000,8,0.0,290
9011001078800000,9,0.0,298
9011001078800000,10,0.0,119
9011001078800000,11,0.0,422
9011001078800000,12,0.0,341
9011001078800000,13,0.0,551
9011001078800000,14,0.0,760
9011001078800000,15,0.0,822
9011001078800000,16,0.0,742
9011001078800000,17,0.0,791
9011001078800000,18,0.0,417
9011001078800000,19,0.0,533
9011001078800000,20,0.0,515
9011001078800000,21,0.0,1
9011001078800000,23,0.0,89
9011001078900000,4,0.0,177
9011001078900000,6,0.0,96
9011001078900000,7,0.0,71
9011001078900000,8,0.0,79
9011001078900000,9,0.0,40
9011001078900000,10,0.0,68
9011001078900000,11,0.0,29
9011001078900000,12,0.0,147
9011001078900000,13,0.0,84
9011001078900000,14,0.0,67
9011001078900000,15,0.0,94
9011001078900000,16,0.0,69
9011001079100000,0,0.0,1873
9011001079100000,1,0.002136752136752137,1404
9011001079100000,2,0.0,1419
9011001079100000,3,0.0,498
9011001079100000,22,0.0,155
9011001079100000,23,0.0,1733
9011001079200000,0,0.0,197
9011001079200000,1,0.0,290
9011001079200000,2,0.0,277
9011001079200000,3,0.0,58
9011001079200000,23,0.0,126
9011001079400000,0,0.0,171
9011001079400000,1,0.0,174
9011001079400000,2,0.0,181
9011001079400000,3,0.0,69
9011001079400000,22,0.0,106
9011001079400000,23,0.0,211
9011001079500000,0,0.0,1204
9011001079500000,1,0.0,981
9011001079500000,2,0.0,1456
9011001079500000,3,0.0,1030
9011001079500000,4,0.0,50
9011001079500000,22,0.0,393
9011001079500000,23,0.0,1828
9011001079600000,0,0.0,463
9011001079600000,1,0.0,362
9011001079600000,2,0.0,498
9011001079600000,3,0.0,133
9011001079700000,0,0.0,328
9011001079700000,1,0.0,304
9011001079700000,2,0.0,456
9011001079700000,3,0.0,218
9011001079700000,4,0.0,4
9011001079700000,23,0.0,34
9011001079800000,0,0.0,296
9011001079800000,1,0.0,320
9011001079800000,2,0.0,139
9011001079800000,3,0.0,262
9011001079800000,4,0.0,53
9011001080100000,4,0.0,737
9011001080100000,5,0.0,1672
9011001080100000,6,0.0,1447
9011001080100000,7,0.0,810
9011001080100000,8,0.0,623
9011001080100000,9,0.0,626
9011001080100000,10,0.0,687
9011001080100000,11,0.0,686
9011001080100000,12,0.0,667
9011001080100000,13,0.0,952
9011001080100000,14,0.0,1187
9011001080100000,15,0.0,1389
9011001080100000,16,0.0,1194
9011001080100000,17,0.0,710
9011001080100000,18,0.0,706
9011001080100000,19,0.0,741
9011001080100000,20,0.0,811
9011001080100000,21,0.0,722
9011001080100000,22,0.0,228
9011001080200000,3,0.0,644
9011001080200000,4,0.0,1455
9011001080200000,5,0.0,2332
9011001080200000,6,0.0,2117
9011001080200000,7,0.0,1962
9011001080200000,8,0.0,1719
9011001080200000,9,0.0,1648
9011001080200000,10,0.0,1669
9011001080200000,11,0.0,1861
9011001080200000,12,0.0,1769
9011001080200000,13,0.0,2005
9011001080200000,14,0.0,2254
9011001080200000,15,0.0,2086
9011001080200000,16,0.0,2062
9011001080200000,17,0.0,1651
9011001080200000,18,0.0,1456
9011001080200000,19,0.0,1429
9011001080200000,20,0.0,1244
9011001080200000,21,0.0,1277
9011001080200000,22,0.0,876
9011001080200000,23,0.0,232
9011001080300000,3,0.0,188
9011001080300000,4,0.0,716
9011001080300000,5,0.0,746
9011001080300000,6,0.0,726
9011001080300000,7,0.0,306
9011001080300000,13,0.0,387
9011001080300000,14,0.0,800
9011001080300000,15,0.0,905
9011001080300000,16,0.0,307
9011001080400000,4,0.0,364
9011001080400000,5,0.0,482
9011001080400000,6,0.0,325
9011001080400000,7,0.0,125
9011001080400000,13,0.0,88
9011001080400000,14,0.0,252
9011001080400000,15,0.0,303
9011001080400000,16,0.0,438
9011001080500000,3,0.0,245
9011001080500000,4,0.0,1103
9011001080500000,5,0.0,1709
9011001080500000,6,0.0,1600
9011001080500000,7,0.0,814
9011001080500000,13,0.0,225
9011001080500000,14,0.0,848
9011001080500000,15,0.0,1469
9011001080500000,16,0.0,1492
9011001080500000,17,0.0,374
9011001080600000,3,0.0,30
9011001080600000,4,0.0,607
9011001080600000,5,0.0,1082
9011001080600000,6,0.0,880
9011001080600000,7,0.0,4
9011001080600000,12,0.0,476
9011001080600000,13,0.0,1019
9011001080600000,14,0.0,1096
9011001080600000,15,0.0,1199
9011001080600000,16,0.0,1164
9011001080600000,17,0.0,933
9011001080600000,18,0.0,853
9011001080600000,19,0.0,887
9011001080600000,20,0.0,305
9011001080700000,0,0.0,259
9011001080700000,3,0.0,984
9011001080700000,4,0.0,2502
9011001080700000,5,0.0,4085
9011001080700000,6,0.0,4069
9011001080700000,7,0.0,3359
9011001080700000,8,0.0,3610
9011001080700000,9,0.0,3853
9011001080700000,10,0.0,4113
9011001080700000,11,0.0,3968
9011001080700000,12,0.0,3744
9011001080700000,13,0.0,3858
9011001080700000,14,0.0,4211
9011001080700000,15,0.0,4243
9011001080700000,16,0.0,3678
9011001080700000,17,0.0,3066
9011001080700000,18,0.0,2772
9011001080700000,19,0.0,2967
9011001080700000,20,0.0,3632
9011001080700000,21,0.0,3370
9011001080700000,22,0.0,1603
9011001080700000,23,0.0,1111
9011001080900000,2,0.0,41
9011001080900000,3,0.0,638
9011001080900000,4,0.0,960
9011001080900000,5,0.0,1227
9011001080900000,6,0.0,1272
9011001080900000,7,0.0,731
9011001080900000,8,0.0,141
9011001080900000,11,0.0,342
9011001080900000,12,0.0,542
9011001080900000,13,0.0,605
9011001080900000,14,0.0,874
9011001080900000,15,0.0,1024
9011001080900000,16,0.002621231979030144,763
9011001080900000,17,0.0,672
9011001080900000,18,0.0,476
9011001080900000,19,0.0,431
9011001080900000-809C,4,0.0,434
9011001080900000-809C,5,0.0,446
9011001080900000-809C,6,0.0,370
9011001080900000-809C,7,0.0,6
9011001080900000-809C,13,0.0,115
9011001080900000-809C,14,0.0,451
9011001080900000-809C,15,0.0,470
9011001080900000-809C,16,0.0,466
9011001080900000-809C,17,0.0,174
9011001081000000,3,0.0,167
9011001081000000,4,0.0,761
9011001081000000,5,0.0,776
9011001081000000,6,0.0,702
9011001081000000,7,0.0,176
9011001081000000,13,0.0,354
9011001081000000,14,0.0,676
9011001081000000,15,0.0,793
9011001081000000,16,0.0,749
9011001081000000,17,0.0,348
9011001081000000,18,0.0,123
9011001081200000,4,0.0,473
9011001081200000,5,0.0,719
9011001081200000,6,0.0,419
9011001081200000,7,0.0,3
9011001081200000,13,0.0,173
9011001081200000,14,0.0,552
9011001081200000,15,0.0,561
9011001081200000,16,0.0,664
9011001081200000,17,0.0,122
9011001081300000,4,0.0,399
9011001081300000,5,0.0,596
9011001081300000,6,0.0,503
9011001081300000,7,0.0,48
9011001081300000,13,0.0,222
9011001081300000,14,0.0,558
9011001081300000,15,0.0,498
9011001081300000,16,0.0022222222222222222,450
9011001081300000,17,0.0,119
9011001081400000,3,0.0,5
9011001081400000,4,0.0,207
9011001081400000,5,0.0,252
9011001081400000,6,0.0,241
9011001081400000,7,0.0,42
9011001081400000,13,0.0,147
9011001081400000,14,0.0,152
9011001081400000,15,0.0,251
9011001081400000,16,0.0,223
9011001081500000,4,0.0,366
9011001081500000,5,0.0,685
9011001081500000,6,0.0,421
9011001081500000,7,0.0,4
9011001081500000,13,0.0,301
9011001081500000,14,0.0,636
9011001081500000,15,0.0,631
9011001081500000,16,0.0,712
9011001081500000,17,0.0,236
9011001081600000,3,0.0,615
9011001081600000,4,0.0,1333
9011001081600000,5,0.0,1797
9011001081600000,6,0.0,1551
9011001081600000,7,0.0,1628
9011001081600000,8,0.0,1607
9011001081600000,9,0.0,1581
9011001081600000,10,0.0,1668
9011001081600000,11,0.0,1706
9011001081600000,12,0.0,1685
9011001081600000,13,0.0,1637
9011001081600000,14,0.0,2117
9011001081600000,15,0.0,2086
9011001081600000,16,0.0,1990
9011001081600000,17,0.0,1802
9011001081600000,18,0.0,1738
9011001081600000,19,0.0,1638
9011001081600000,20,0.0,1922
9011001081600000,21,0.0,1541
9011001081600000,22,0.0,1041
9011001081600000,23,0.0,392
9011001081700000,4,0.0,84
9011001081700000,5,0.0,178
9011001081700000,6,0.0,120
9011001081700000,7,0.0,52
9011001081700000,8,0.0,108
9011001081700000,9,0.0,98
9011001081700000,10,0.0,96
9011001081700000,11,0.0,104
9011001081700000,12,0.0,146
9011001081700000,13,0.0,58
9011001081700000,14,0.0,136
9011001081700000,15,0.0,147
9011001081700000,16,0.0,107
9011001081700000,17,0.0,76
9011001081800000,3,0.0,326
9011001081800000,4,0.0,1124
9011001081800000,5,0.0,1241
9011001081800000,6,0.0,848
9011001081800000,7,0.0,13
9011001081800000,13,0.0,289
9011001081800000,14,0.0,1045
9011001081800000,15,0.004746835443037975,1264
9011001081800000,16,0.0,1375
9011001081800000,17,0.0,500
9011001081900000,0,0.0,156
9011001081900000,2,0.0,78
9011001081900000,3,0.0,385
9011001081900000,4,0.0,827
9011001081900000,5,0.0,1584
9011001081900000,6,0.0,1543
9011001081900000,7,0.0,1427
9011001081900000,8,0.0,1571
9011001081900000,9,0.0,1544
9011001081900000,10,0.0,1656
9011001081900000,11,0.0,1657
9011001081900000,12,0.0,1628
9011001081900000,13,0.0,1405
9011001081900000,14,0.0,1279
9011001081900000,15,0.0,1636
9011001081900000,16,0.0,1153
9011001081900000,17,0.0,1420
9011001081900000,18,0.0,1750
9011001081900000,19,0.0,1760
9011001081900000,20,0.0,1841
9011001081900000,21,0.0,2329
9011001081900000,22,0.0,1493
9011001081900000,23,0.0,871
9011001082000000,7,0.0,23
9011001082000000,8,0.0,439
9011001082000000,9,0.0,426
9011001082000000,10,0.0,457
9011001082000000,11,0.0,244
9011001082000000,12,0.0,255
9011001082000000,13,0.0,446
9011001082000000,14,0.0,397
9011001082000000,15,0.0,517
9011001082000000,16,0.0,306
9011001082100000,4,0.0,659
9011001082100000,5,0.0,1465
9011001082100000,6,0.0,1111
9011001082100000,7,0.0,1267
9011001082100000,8,0.0,1217
9011001082100000,9,0.0,1154
9011001082100000,10,0.0,1171
9011001082100000,11,0.0,1200
9011001082100000,12,0.0,1212
9011001082100000,13,0.0,1311
9011001082100000,14,0.0,1547
9011001082100000,15,0.0,1695
9011001082100000,16,0.0,1461
9011001082100000,17,0.0,1238
9011001082100000,18,0.0,1025
9011001082100000,19,0.0,1310
9011001082100000,20,0.0,718
9011001082200000,4,0.0,398
9011001082200000,5,0.0,422
9011001082200000,6,0.0,438
9011001082200000,7,0.0,213
9011001082200000,13,0.0,402
9011001082200000,14,0.0,330
9011001082200000,15,0.0,440
9011001082200000,16,0.0,513
9011001082200000,17,0.0,203
9011001082300000,3,0.0,179
9011001082300000,4,0.0,714
9011001082300000,5,0.0,818
9011001082300000,6,0.0,787
9011001082300000,7,0.0,93
9011001082300000,12,0.0,24
9011001082300000,13,0.0,501
9011001082300000,14,0.0,582
9011001082300000,15,0.0,584
9011001082300000,16,0.0,578
9011001082300000,17,0.0,251
9011001082400000,0,0.0,134
9011001082400000,3,0.0,1119
9011001082400000,4,0.0,2271
9011001082400000,5,0.0,2444
9011001082400000,6,0.0,2581
9011001082400000,7,0.0,2450
9011001082400000,8,0.0,2486
9011001082400000,9,0.0,2429
9011001082400000,10,0.0,2498
9011001082400000,11,0.0,2531
9011001082400000,12,0.007930214115781126,2522
9011001082400000,13,0.0,2828
9011001082400000,14,0.0,2598
9011001082400000,15,0.0,2723
9011001082400000,16,0.0,2874
9011001082400000,17,0.0,2509
9011001082400000,18,0.0,2407
9011001082400000,19,0.0,2426
9011001082400000,20,0.0,2088
9011001082400000,21,0.0,1621
9011001082400000,22,0.0,1086
9011001082400000,23,0.0,374
9011001082600000,3,0.0,65
9011001082600000,4,0.0,189
9011001082600000,5,0.0,231
9011001082600000,6,0.0,148
9011001082600000,7,0.0,130
9011001082600000,8,0.0,150
9011001082600000,9,0.0,72
9011001082600000,10,0.0,133
9011001082600000,11,0.0,151
9011001082600000,12,0.0,131
9011001082600000,13,0.0,276
9011001082600000,14,0.0,263
9011001082600000,15,0.0,160
9011001082600000,16,0.0,137
9011001082600000,17,0.0,143
9011001082600000,20,0.0,25
9011001082600000,21,0.0,95
9011001082700000,3,0.0,164
9011001082700000,4,0.0,577
9011001082700000,5,0.0,658
9011001082700000,6,0.0,618
9011001082700000,7,0.0,279
9011001082700000,8,0.0,303
9011001082700000,9,0.0,288
9011001082700000,10,0.0,291
9011001082700000,11,0.0,282
9011001082700000,12,0.0,455
9011001082700000,13,0.0,607
9011001082700000,14,0.0,656
9011001082700000,15,0.0,660
9011001082700000,16,0.0,393
9011001082800000,0,0.0,139
9011001082800000,1,0.0,55
9011001082800000,2,0.0,63
9011001082800000,3,0.0,300
9011001082800000,4,0.0,1073
9011001082800000,5,0.0,1162
9011001082800000,6,0.0,1134
9011001082800000,7,0.0,1102
9011001082800000,8,0.0,1124
9011001082800000,9,0.0,1118
9011001082800000,10,0.0,1184
9011001082800000,11,0.0,1171
9011001082800000,12,0.0,1197
9011001082800000,13,0.0,1178
9011001082800000,14,0.0,1206
9011001082800000,15,0.0,1194
9011001082800000,16,0.0,1180
9011001082800000,17,0.0,836
9011001082900000,0,0.0,28
9011001082900000,2,0.0,84
9011001082900000,3,0.0,325
9011001082900000,4,0.0,425
9011001082900000,5,0.0,387
9011001082900000,6,0.0,345
9011001082900000,7,0.0,572
9011001082900000,8,0.0,547
9011001082900000,9,0.0,533
9011001082900000,10,0.0,595
9011001082900000,11,0.0,600
9011001082900000,12,0.0,602
9011001082900000,13,0.0,604
9011001082900000,14,0.0,600
9011001082900000,15,0.0,606
9011001082900000,16,0.0,604
9011001082900000,17,0.0,429
9011001082900000,18,0.0,440
9011001082900000,19,0.0,419
9011001082900000,20,0.0,509
9011001082900000,21,0.0,464
9011001082900000,22,0.0,385
9011001082900000,23,0.0,175
9011001083000000,0,0.0,110
9011001083000000,3,0.0,1388
9011001083000000,4,0.0,2317
9011001083000000,5,0.0,3556
9011001083000000,6,0.0,3700
9011001083000000,7,0.0,2943
9011001083000000,8,0.0,2064
9011001083000000,9,0.0,2074
9011001083000000,10,0.0,2044
9011001083000000,11,0.0,2275
9011001083000000,12,0.0,3256
9011001083000000,13,0.0,3633
9011001083000000,14,0.0,3893
9011001083000000,15,0.0,3944
9011001083000000,16,0.0,3839
9011001083000000,17,0.0,2902
9011001083000000,18,0.0,2267
9011001083000000,19,0.0,2311
9011001083000000,20,0.0,2366
9011001083000000,21,0.0,2721
9011001083000000,22,0.0,1886
9011001083000000,23,0.0,805
9011001083100000,2,0.0,246
9011001083100000,3,0.0,1173
9011001083100000,4,0.0,1850
9011001083100000,5,0.0,2019
9011001083100000,6,0.0,2039
9011001083100000,7,0.0,2177
9011001083100000,8,0.0,2064
9011001083100000,9,0.0,1995
9011001083100000,10,0.0,2081
9011001083100000,11,0.0,2113
9011001083100000,12,0.0,2082
9011001083100000,13,0.0,2324
9011001083100000,14,0.0,2113
9011001083100000,15,0.0,2127
9011001083100000,16,0.0,2201
9011001083100000,17,0.0,2253
9011001083100000,18,0.0,2313
9011001083100000,19,0.0,2125
9011001083100000,20,0.0,1141
9011001083100000,21,0.0,919
9011001083100000,22,0.0,512
9011001083200000,0,0.0,93
9011001083200000,2,0.0,141
9011001083200000,3,0.0,940
9011001083200000,4,0.0,1246
9011001083200000,5,0.0,1666
9011001083200000,6,0.0,1647
9011001083200000,7,0.0,1664
9011001083200000,8,0.0,1433
9011001083200000,9,0.0,1444
9011001083200000,10,0.0,1430
9011001083200000,11,0.0,1458
9011001083200000,12,0.0,1487
9011001083200000,13,0.0,1544
9011001083200000,14,0.0,1499
9011001083200000,15,0.0,1539
9011001083200000,16,0.0,1544
9011001083200000,17,0.0,1535
9011001083200000,18,0.0,1568
9011001083200000,19,0.0,1620
9011001083200000,20,0.0,1769
9011001083200000,21,0.0,1901
9011001083200000,22,0.0,1399
9011001083200000,23,0.0,710
9011001083300000,3,0.0,126
9011001083300000,4,0.0,348
9011001083300000,5,0.0,376
9011001083300000,6,0.0,426
9011001083300000,7,0.0,503
9011001083300000,8,0.0,485
9011001083300000,9,0.0,495
9011001083300000,10,0.0,511
9011001083300000,11,0.0,503
9011001083300000,12,0.0,509
9011001083300000,13,0.0,480
9011001083300000,14,0.0,499
9011001083300000,15,0.0,500
9011001083300000,16,0.0,518
9011001083300000,17,0.0,398
9011001083300000,18,0.0,163
9011001083300000,19,0.0,360
9011001083300000,20,0.0,157
9011001083300000,21,0.0,405
9011001083400000,0,0.0,40
9011001083400000,2,0.0,121
9011001083400000,3,0.0,332
9011001083400000,4,0.0,809
9011001083400000,5,0.0,1053
9011001083400000,6,0.0,990
9011001083400000,7,0.0,675
9011001083400000,8,0.0,679
9011001083400000,9,0.0,798
9011001083400000,10,0.0,709
9011001083400000,11,0.0,715
9011001083400000,12,0.0,782
9011001083400000,13,0.0,1047
9011001083400000,14,0.0,1031
9011001083400000,15,0.0,979
9011001083400000,16,0.0,899
9011001083400000,17,0.0,735
9011001083400000,18,0.0,690
9011001083400000,19,0.0,744
9011001083400000,20,0.0,848
9011001083400000,21,0.0,773
9011001083400000,22,0.0,492
9011001083400000,23,0.0,169
9011001083500000,0,0.0,121
9011001083500000,2,0.0,75
9011001083500000,3,0.0,797
9011001083500000,4,0.0,2823
9011001083500000,5,0.0,3325
9011001083500000,6,0.0,3529
9011001083500000,7,0.002190580503833516,3652
9011001083500000,8,0.0,3563
9011001083500000,9,0.0,3559
9011001083500000,10,0.0,3669
9011001083500000,11,0.0,3656
9011001083500000,12,0.0,3703
9011001083500000,13,0.0,3712
9011001083500000,14,0.006322444678609062,3796
9011001083500000,15,0.006456611570247934,3872
9011001083500000,16,0.0,3219
9011001083500000,17,0.0,2378
9011001083500000,18,0.0,1986
9011001083500000,19,0.0,2071
9011001083500000,20,0.0,2226
9011001083500000,21,0.0,2490
9011001083500000,22,0.0,1730
9011001083500000,23,0.0,804
9011001083600000,3,0.0,105
9011001083600000,4,0.0,252
9011001083600000,5,0.0,247
9011001083600000,6,0.0,210
9011001083600000,7,0.0,224
9011001083600000,8,0.0,246
9011001083600000,9,0.0,218
9011001083600000,10,0.0,255
9011001083600000,11,0.0,238
9011001083600000,12,0.0,227
9011001083600000,13,0.0,236
9011001083600000,14,0.0,216
9011001083600000,15,0.0,226
9011001083600000,16,0.0,226
9011001083600000,17,0.0,246
9011001083600000,18,0.0,245
9011001083600000,19,0.0,248
9011001083600000,20,0.0,261
9011001083600000,21,0.0,307
9011001083600000,22,0.0,212
9011001083600000,23,0.0,22
9011001083700000,0,0.0,74
9011001083700000,2,0.0,147
9011001083700000,3,0.0,1141
9011001083700000,4,0.0,2285
9011001083700000,5,0.0,2547
9011001083700000,6,0.0,2505
9011001083700000,7,0.0,2331
9011001083700000,8,0.0,2109
9011001083700000,9,0.0,2167
9011001083700000,10,0.0,2258
9011001083700000,11,0.0,2280
9011001083700000,12,0.0,2269
9011001083700000,13,0.0,2313
9011001083700000,14,0.0,2514
9011001083700000,15,0.0,2583
9011001083700000,16,0.0,2603
9011001083700000,17,0.0,2406
9011001083700000,18,0.0,1622
9011001083700000,19,0.0,1572
9011001083700000,20,0.0,1502
9011001083700000,21,0.0,1262
9011001083700000,22,0.0,1005
9011001083700000,23,0.0,405
9011001083800000,0,0.0,30
9011001083800000,3,0.0,234
9011001083800000,4,0.0,736
9011001083800000,5,0.0,1127
9011001083800000,6,0.0,1159
9011001083800000,7,0.0,1418
9011001083800000,8,0.0,1574
9011001083800000,9,0.0,1593
9011001083800000,10,0.0,1593
9011001083800000,11,0.0,1619
9011001083800000,12,0.0,1664
9011001083800000,13,0.0,1715
9011001083800000,14,0.0,1602
9011001083800000,15,0.01588235294117647,1700
9011001083800000,16,0.0,1732
9011001083800000,17,0.0,1748
9011001083800000,18,0.0,1241
9011001083800000,19,0.0,1338
9011001083800000,20,0.0,950
9011001083800000,21,0.0,657
9011001083800000,22,0.0,386
9011001083800000,23,0.0,80
9011001083900000,2,0.0,35
9011001083900000,3,0.0,481
9011001083900000,4,0.0,1360
9011001083900000,5,0.0,1834
9011001083900000,6,0.0,1965
9011001083900000,7,0.0,1724
9011001083900000,8,0.0,1256
9011001083900000,9,0.0,1440
9011001083900000,10,0.0,1414
9011001083900000,11,0.0,1592
9011001083900000,12,0.0,1444
9011001083900000,13,0.0,2012
9011001083900000,14,0.0,2003
9011001083900000,15,0.0,2001
9011001083900000,16,0.0,1733
9011001083900000,17,0.0,1888
9011001083900000,18,0.0,1237
9011001083900000,19,0.0,1389
9011001083900000,20,0.0,1372
9011001083900000,21,0.0,1791
9011001083900000,22,0.0,988
9011001083900000,23,0.0,202
9011001084000000,3,0.0,143
9011001084000000,4,0.0,944
9011001084000000,5,0.0,2173
9011001084000000,6,0.0,2282
9011001084000000,7,0.0,1845
9011001084000000,8,0.0,1409
9011001084000000,9,0.0,1427
9011001084000000,10,0.0,1481
9011001084000000,11,0.0,1599
9011001084000000,12,0.0,2125
9011001084000000,13,0.0,2520
9011001084000000,14,0.0,2401
9011001084000000,15,0.0,2034
9011001084000000,16,0.0,1435
9011001084000000,17,0.0,513
9011001084200000,3,0.0,344
9011001084200000,4,0.0,649
9011001084200000,5,0.0,18
9011001084200000,13,0.0,38
9011001084200000,14,0.0,665
9011001084200000,15,0.0,77
9011001084300000,0,0.0,12
9011001084300000,3,0.0,12
9011001084300000,4,0.0,225
9011001084300000,5,0.0,363
9011001084300000,6,0.0,133
9011001084300000,7,0.0,80
9011001084300000,8,0.0,19
9011001084300000,10,0.0,18
9011001084300000,12,0.0,78
9011001084300000,13,0.0,39
9011001084300000,14,0.0,120
9011001084300000,15,0.0,499
9011001084300000,16,0.0,81
9011001084300000,17,0.0,30
9011001084300000,18,0.0,27
9011001084300000,19,0.0,95
9011001084300000,20,0.0,12
9011001084300000,21,0.0,48
9011001084300000,22,0.0,170
9011001084300000,23,0.0,21
9011001084400000,2,0.0,90
9011001084400000,3,0.0,123
9011001084400000,4,0.0,669
9011001084400000,5,0.0,861
9011001084400000,6,0.0,881
9011001084400000,7,0.0,610
9011001084400000,8,0.0,492
9011001084400000,9,0.0,521
9011001084400000,10,0.0,479
9011001084400000,11,0.0,537
9011001084400000,12,0.0,792
9011001084400000,13,0.0,903
9011001084400000,14,0.0,894
9011001084400000,15,0.0,914
9011001084400000,16,0.0,842
9011001084400000,17,0.0,476
9011001084400000,18,0.0,455
9011001084400000,19,0.0,492
9011001084400000,20,0.0,478
9011001084400000,21,0.0,462
9011001084400000,22,0.0,105
9011001084400000,23,0.0,35
9011001084500000,4,0.0,369
9011001084500000,5,0.0,207
9011001084500000,6,0.0,102
9011001084500000,7,0.0,128
9011001084500000,8,0.0,149
9011001084500000,9,0.0,192
9011001084500000,10,0.0,149
9011001084500000,11,0.0,368
9011001084500000,12,0.0,383
9011001084500000,13,0.0,169
9011001084500000,14,0.0,445
9011001084500000,15,0.0,493
9011001084500000,16,0.0,659
9011001084500000,17,0.0,158
9011001084600000,3,0.0,478
9011001084600000,4,0.0,919
9011001084600000,5,0.0,1105
9011001084600000,6,0.0,1218
9011001084600000,7,0.0,1103
9011001084600000,8,0.0,790
9011001084600000,9,0.0,816
9011001084600000,10,0.0,818
9011001084600000,11,0.0,823
9011001084600000,12,0.0,773
9011001084600000,13,0.0,1304
9011001084600000,14,0.0,1216
9011001084600000,15,0.0,1171
9011001084600000,16,0.0,1259
9011001084600000,17,0.0,1094
9011001084600000,18,0.0,721
9011001084600000,19,0.0,658
9011001084600000,20,0.0,792
9011001084600000,21,0.0,707
9011001084600000,22,0.0,285
9011001084600000,23,0.0,268
9011001084700000,3,0.0,380
9011001084700000,4,0.0,763
9011001084700000,5,0.0,945
9011001084700000,6,0.0,1139
9011001084700000,7,0.0,1011
9011001084700000,8,0.0,862
9011001084700000,9,0.0,932
9011001084700000,10,0.0,870
9011001084700000,11,0.0,953
9011001084700000,12,0.0,683
9011001084700000,13,0.0,990
9011001084700000,14,0.0,1226
9011001084700000,15,0.0,954
9011001084700000,16,0.0,928
9011001084700000,17,0.0,883
9011001084700000,18,0.0,662
9011001084700000,19,0.0,404
9011001084700000,20,0.0,786
9011001084700000,21,0.0,449
9011001084700000,22,0.0,109
9011001084700000,23,0.0,74
9011001084800000,0,0.0,118
9011001084800000,3,0.0,372
9011001084800000,4,0.0,1639
9011001084800000,5,0.0,2131
9011001084800000,6,0.0,1150
9011001084800000,7,0.0,1533
9011001084800000,8,0.0,650
9011001084800000,9,0.0,1537
9011001084800000,10,0.0,692
9011001084800000,11,0.0,1756
9011001084800000,12,0.0,1555
9011001084800000,13,0.0,2081
9011001084800000,14,0.0,2674
9011001084800000,15,0.0,2954
9011001084800000,16,0.0,2356
9011001084800000,17,0.0,2141
9011001084800000,18,0.0,1257
9011001084800000,19,0.0,2576
9011001084800000,20,0.0,1248
9011001084800000,21,0.0,784
9011001084800000,22,0.0,169
9011001084800000,23,0.0,156
9011001084900000,3,0.0,982
9011001084900000,4,0.0,1162
9011001084900000,5,0.0,820
9011001084900000,6,0.0,30
9011001084900000,7,0.0,534
9011001084900000,8,0.0,507
9011001084900000,9,0.0,301
9011001084900000,10,0.0,623
9011001084900000,11,0.0,771
9011001084900000,12,0.0,997
9011001084900000,13,0.0,1027
9011001084900000,14,0.0,1013
9011001084900000,15,0.0,977
9011001084900000,16,0.0,1076
9011001084900000,17,0.0,1049
9011001084900000,18,0.0,1098
9011001084900000,19,0.0,1130
9011001084900000,20,0.0,858
9011001084900000,21,0.0,780
9011001084900000,22,0.0,53
9011001084900000,23,0.0,75
9011001085000000,3,0.0,99
9011001085000000,4,0.0,214
9011001085000000,5,0.0,159
9011001085000000,15,0.0,149
9011001085000000,16,0.0,175
9011001085000000,17,0.0,84
9011001085200000,3,0.0,27
9011001085200000,4,0.0,652
9011001085200000,5,0.0,703
9011001085200000,6,0.0,43
9011001085200000,7,0.0,611
9011001085200000,8,0.0,663
9011001085200000,9,0.0,615
9011001085200000,10,0.0,585
9011001085200000,11,0.0,204
9011001085200000,12,0.0,973
9011001085200000,13,0.0,911
9011001085200000,14,0.0,930
9011001085200000,15,0.0,1170
9011001085200000,16,0.0,1043
9011001085200000,17,0.0,933
9011001085200000,18,0.0,339
9011001085200000,19,0.0,81
9011001085200000,20,0.0,186
9011001085200000,21,0.0,123
9011001085400000,2,0.0,286
9011001085400000,3,0.0,1025
9011001085400000,4,0.0,1407
9011001085400000,5,0.0,1561
9011001085400000,6,0.0,1482
9011001085400000,7,0.0,1591
9011001085400000,8,0.0,1666
9011001085400000,9,0.0,1732
9011001085400000,10,0.0,1692
9011001085400000,11,0.0,1817
9011001085400000,12,0.0,1891
9011001085400000,13,0.0,1875
9011001085400000,14,0.0,1862
9011001085400000,15,0.0,1756
9011001085400000,16,0.0,1754
9011001085400000,17,0.011734028683181226,1534
9011001085400000,18,0.0,822
9011001085400000,19,0.0,857
9011001085400000,20,0.0,879
9011001085400000,21,0.0,905
9011001085400000,22,0.0,28
9011001085600000,4,0.0,354
9011001085600000,5,0.0,114
9011001085600000,6,0.0,344
9011001085600000,7,0.0,161
9011001085600000,8,0.0,167
9011001085600000,9,0.0,94
9011001085600000,10,0.0,154
9011001085600000,11,0.0,280
9011001085600000,12,0.0,557
9011001085600000,13,0.0,516
9011001085600000,14,0.0,366
9011001085600000,15,0.0,381
9011001085600000,16,0.0,70
9011001085600000,17,0.0,389
9011001085600000,18,0.0,136
9011001085800000,2,0.0,229
9011001085800000,3,0.0,1106
9011001085800000,4,0.0,1822
9011001085800000,5,0.0,1657
9011001085800000,6,0.0,1350
9011001085800000,7,0.0,1434
9011001085800000,8,0.0,1408
9011001085800000,9,0.0,1523
9011001085800000,10,0.0,1571
9011001085800000,11,0.010520163646990065,1711
9011001085800000,12,0.0,1552
9011001085800000,13,0.0,1790
9011001085800000,14,0.0,2347
9011001085800000,15,0.0,2171
9011001085800000,16,0.0,2153
9011001085800000,17,0.0,1463
9011001085800000,18,0.0,1559
9011001085800000,19,0.0,848
9011001085800000,20,0.0,1709
9011001085800000,21,0.0,1070
9011001085800000,22,0.0,259
9011001086100000,3,0.0,100
9011001086100000,4,0.0,282
9011001086100000,5,0.0,243
9011001086100000,6,0.0,180
9011001086100000,7,0.0,21
9011001086100000,12,0.0,11
9011001086100000,13,0.0,105
9011001086100000,14,0.0,178
9011001086100000,15,0.0,233
9011001086100000,16,0.010101010101010102,198
9011001086100000,17,0.0,57
9011001086200000,4,0.0,117
9011001086200000,5,0.0,13
9011001086500000,3,0.0,39
9011001086500000,4,0.0,1162
9011001086500000,5,0.0,1724
9011001086500000,6,0.0,1751
9011001086500000,7,0.0,1473
9011001086500000,8,0.0,1418
9011001086500000,9,0.0,1447
9011001086500000,10,0.0,1422
9011001086500000,11,0.0,1503
9011001086500000,12,0.0,1577
9011001086500000,13,0.0,1737
9011001086500000,14,0.0,1746
9011001086500000,15,0.0,1598
9011001086500000,16,0.0,1228
9011001086500000,17,0.0,1172
9011001086500000,18,0.0,1182
9011001086500000,19,0.0,733
9011001086500000,20,0.0,98
9011001086900000,4,0.0,384
9011001086900000,5,0.0,418
9011001086900000,6,0.0,302
9011001086900000,7,0.0,105
9011001086900000,13,0.0,25
9011001086900000,14,0.0,326
9011001086900000,15,0.0,341
9011001086900000,16,0.0,322
9011001086900000,17,0.0398406374501992,251
9011001087300000,3,0.0,399
9011001087300000,4,0.0,779
9011001087300000,5,0.0,1575
9011001087300000,6,0.0039011703511053317,1538
9011001087300000,7,0.0,1240
9011001087300000,8,0.0,1282
9011001087300000,9,0.0,1306
9011001087300000,10,0.0,1364
9011001087300000,11,0.0,1400
9011001087300000,12,0.0,1416
9011001087300000,13,0.0,1634
9011001087300000,14,0.0,1706
9011001087300000,15,0.0,1680
9011001087300000,16,0.0,1680
9011001087300000,17,0.0,1396
9011001087300000,18,0.0,1298
9011001087300000,19,0.0,1100
9011001087300000,20,0.0,1156
9011001087300000,21,0.0,992
9011001087300000,22,0.0,653
9011001087300000,23,0.0,226
9011001087500000,2,0.0,22
9011001087500000,3,0.0,392
9011001087500000,4,0.0,1211
9011001087500000,5,0.0,2022
9011001087500000,6,0.0,2081
9011001087500000,7,0.0,1788
9011001087500000,8,0.0,1720
9011001087500000,9,0.0,1792
9011001087500000,10,0.0,1930
9011001087500000,11,0.0,1835
9011001087500000,12,0.0,1910
9011001087500000,13,0.0,2220
9011001087500000,14,0.0,2336
9011001087500000,15,0.0,2255
9011001087500000,16,0.0,2150
9011001087500000,17,0.0,1992
9011001087500000,18,0.0,1637
9011001087500000,19,0.0,1548
9011001087500000,20,0.0,1439
9011001087500000,21,0.0,1275
9011001087500000,22,0.0,670
9011001087500000,23,0.0,244
9011001088900000,4,0.0,19
9011001088900000,7,0.0,20
9011001088900000,8,0.0,13
9011001088900000,9,0.0,17
9011001088900000,11,0.0,14
9011001088900000,13,0.0,22
9011001088900000,14,0.0,33
9011001088900000,15,0.0,26
9011001088900000,17,0.0,24
9011001089000000,0,0.0,1384
9011001089000000,1,0.0,1129
9011001089000000,2,0.0,903
9011001089000000,3,0.0,559
9011001089000000,4,0.0,90
9011001089000000,22,0.0,275
9011001089000000,23,0.0,1000
9011001089200000,0,0.0,1368
9011001089200000,1,0.0,1590
9011001089200000,2,0.0,1493
9011001089200000,3,0.0,434
9011001089200000,4,0.0,15
9011001089200000,22,0.0,90
9011001089200000,23,0.0,993
9011001089300000,0,0.0,2545
9011001089300000,1,0.0,2092
9011001089300000,2,0.0,2035
9011001089300000,3,0.0,768
9011001089300000,4,0.0,111
9011001089300000,22,0.0,39
9011001089300000,23,0.0,1574
9011001089800000,0,0.0,724
9011001089800000,1,0.0,823
9011001089800000,2,0.0,810
9011001089800000,3,0.0,77
9011001089800000,22,0.0,298
9011001089800000,23,0.0,611
9011001090800000,7,0.0,456
9011001090800000,8,0.034666666666666665,375
9011001090800000,9,0.0,470
9011001090800000,10,0.0,442
9011001090800000,11,0.0,39
9011001090800000,12,0.0,578
9011001090800000,13,0.0,419
9011001090800000,14,0.0,246
9011001091800000,2,0.0,9
9011001091800000,3,0.0,33
9011001091800000,4,0.0,48
9011001091800000,5,0.0,75
9011001091800000,6,0.0,59
9011001091800000,7,0.0,66
9011001091800000,8,0.0,64
9011001091800000,9,0.0,75
9011001091800000,10,0.0,67
9011001091800000,11,0.0,54
9011001091800000,12,0.0,54
9011001091800000,13,0.0,56
9011001091800000,14,0.0,86
9011001091800000,15,0.0,57
9011001091800000,16,0.0,74
9011001091800000,17,0.0,42
9011001091800000,18,0.0,42
9011001091800000,19,0.0,72
9011001091800000,20,0.0,57
9011001091800000,21,0.0,74
9011001091800000,22,0.0,12
9011001091800000,23,0.0,6
9011001092000000,4,0.0,44
9011001092000000,5,0.0,309
9011001092000000,6,0.0,298
9011001092000000,7,0.0,44
9011001092000000,13,0.0,159
9011001092000000,14,0.0,282
9011001092000000,15,0.0,258
9011001092000000,16,0.0,278
9011001092000000,17,0.0,17
9011001092100000,6,0.0,228
9011001092100000,7,0.0,228
9011001092100000,8,0.0,475
9011001092100000,9,0.0,388
9011001092100000,10,0.0,370
9011001092100000,11,0.0,404
9011001092100000,12,0.0,313
9011001092100000,13,0.0,326
9011001092100000,14,0.0,352
9011001092100000,15,0.0,24
9011001092300000,6,0.0,14
9011001092300000,7,0.0,389
9011001092300000,8,0.0,399
9011001092300000,9,0.0,481
9011001092300000,10,0.0,513
9011001092300000,11,0.0,372
9011001092300000,12,0.0,473
9011001092300000,13,0.0,477
9011001092300000,14,0.0,388
9011001092300000,15,0.0,146
9011001092500000,2,0.0,39
9011001092500000,3,0.0,594
9011001092500000,4,0.0,953
9011001092500000,5,0.0,1381
9011001092500000,6,0.0,1514
9011001092500000,7,0.0,888
9011001092500000,8,0.0,819
9011001092500000,9,0.0,814
9011001092500000,10,0.0,863
9011001092500000,11,0.0,823
9011001092500000,12,0.0,846
9011001092500000,13,0.0,1251
9011001092500000,14,0.0,1628
9011001092500000,15,0.0025889967637540453,1545
9011001092500000,16,0.0,1409
9011001092500000,17,0.007157464212678937,978
9011001092500000,18,0.0,876
9011001092500000,19,0.0,730
9011001092500000,20,0.0,677
9011001092500000,21,0.0170316301703163,822
9011001092500000,22,0.0,578
9011001092500000,23,0.0,232
9011001092600000,4,0.0,61
9011001092600000,5,0.0,520
9011001092600000,6,0.0,499
9011001092600000,7,0.0,56
9011001092600000-26M,3,0.0,346
9011001092600000-26M,4,0.0,831
9011001092600000-26M,5,0.0,491
9011001092600000-26M,6,0.0,465
9011001092600000-26M,7,0.0,698
9011001092600000-26M,8,0.0,741
9011001092600000-26M,9,0.0,692
9011001092600000-26M,10,0.0,700
9011001092600000-26M,11,0.0,680
9011001092600000-26M,12,0.0,751
9011001092600000-26M,13,0.0,1035
9011001092600000-26M,14,0.0032976092333058533,1213
9011001092600000-26M,15,0.0,1086
9011001092600000-26M,16,0.0,956
9011001092600000-26M,17,0.002442002442002442,819
9011001092600000-26M,18,0.0,704
9011001092600000-26M,19,0.0,643
9011001092600000-26M,20,0.0,666
9011001092600000-26M,21,0.0,653
9011001092600000-26M,22,0.0,510
9011001092600000-26M,23,0.0,127
9011001095200000,6,0.0,62
9011001095200000,7,0.0,637
9011001095200000,8,0.0,549
9011001095200000,9,0.0,121
9011001095200000,10,0.0,530
9011001095200000,11,0.0,419
9011001095200000,12,0.0,299
9011001095200000,13,0.0,641
9011001095200000,14,0.0,6
9011001095300000,7,0.0,244
9011001095300000,8,0.0,213
9011001095300000,9,0.0,250
9011001095300000,10,0.0,260
9011001095300000,11,0.0,246
9011001095300000,12,0.0,191
9011001095300000,13,0.0,78
9011001095500000,6,0.0,243
9011001095500000,7,0.0,221
9011001095500000,8,0.0,208
9011001095500000,9,0.0,363
9011001095500000,10,0.0,107
9011001095500000,11,0.0,251
9011001095500000,12,0.0,131
9011001095500000,13,0.0,245
9011001095500000,14,0.0,67
9011001095500000,15,0.0,24
9011001096100000,7,0.0,411
9011001096100000,8,0.0,427
9011001096100000,9,0.0,304
9011001096100000,10,0.0,428
9011001096100000,11,0.0,149
9011001096100000,12,0.0,442
9011001096100000,13,0.0,418
9011001096100000,14,0.0,441
9011001096800000,6,0.0,124
9011001096800000,7,0.0,351
9011001096800000,8,0.0,215
9011001096800000,9,0.0,322
9011001096800000,10,0.0,127
9011001096800000,11,0.0,337
9011001096800000,12,0.0,365
9011001096800000,13,0.0,267
9011001096800000,14,0.0,303
9011001096900000,6,0.0,36
9011001096900000,7,0.0,561
9011001096900000,8,0.0,611
9011001096900000,9,0.0,345
9011001096900000,10,0.0,563
9011001096900000,11,0.0,490
9011001096900000,12,0.0,303
9011001096900000,13,0.0,505
9011001096900000,14,0.0,478
9011001097800000,6,0.0,92
9011001097800000,7,0.0,420
9011001097800000,8,0.0,385
9011001097800000,9,0.0,294
9011001097800000,10,0.0,292
9011001097800000,11,0.0,274
9011001097800000,12,0.0,429
9011001097800000,13,0.0,404
9011001097800000,14,0.0,159
9011001097900000,6,0.0,126
9011001097900000,7,0.0,388
9011001097900000,8,0.0,433
9011001097900000,9,0.0,286
9011001097900000,10,0.0,270
9011001097900000,11,0.0,305
9011001097900000,12,0.0,455
9011001097900000,13,0.0,353
9011001097900000,14,0.0,169
9011001098100000,6,0.0,31
9011001098100000,7,0.014925373134328358,134
9011001098100000,8,0.0,164
9011001098100000,9,0.0,172
9011001098100000,10,0.0,174
9011001098100000,11,0.0,174
9011001098100000,12,0.0,168
9011001098100000,13,0.0,196
9011001098100000,14,0.0,111
9011001098300000,3,0.0,2
9011001098300000,4,0.0,8
9011001098300000,5,0.0,2
9011001098300000,22,0.0,7
9011001098300000,23,0.0,11
9011001098700000-40K,0,0.0,33
9011001098700000-40K,23,0.0,25
9011008000200000,4,0.0,19
9011008000200000,5,0.0,178
9011008000200000,6,0.0,82
9011008000200000,7,0.0,14
9011008000200000,8,0.0,15
9011008000200000,9,0.0,13
9011008000200000,10,0.0,8
9011008000200000,11,0.0,38
9011008000200000,12,0.0,40
9011008000200000,13,0.0,19
9011008000200000,14,0.0,6
9011008000200000,15,0.0,27
9011008000200000,16,0.0,41
9011008000200000,17,0.0,9
9011008000200000,18,0.0,21
9011008000200000,19,0.0,24
9011008000300000,3,0.0,23
9011008000300000,4,0.0,111
9011008000300000,5,0.0,121
9011008000300000,6,0.0,248
9011008000300000,7,0.0,226
9011008000300000,8,0.0,77
9011008000300000,9,0.0,90
9011008000300000,10,0.0,36
9011008000300000,11,0.0,9
9011008000300000,12,0.0,122
9011008000300000,13,0.0,209
9011008000300000,14,0.0,162
9011008000300000,15,0.0,35
9011008000300000,16,0.0,290
9011008000300000,17,0.0,221
9011008000300000,18,0.0,114
9011008000300000,19,0.0,172
9011008000300000,20,0.0,19
9011008000400000,4,0.0,180
9011008000400000,5,0.0,373
9011008000400000,6,0.0,257
9011008000400000,7,0.0,155
9011008000400000,8,0.0,159
9011008000400000,9,0.0,200
9011008000400000,10,0.0,251
9011008000400000,11,0.0,449
9011008000400000,12,0.0,340
9011008000400000,13,0.0,166
9011008000400000,14,0.0,317
9011008000400000,15,0.0,426
9011008000400000,16,0.0,426
9011008000400000,17,0.0,366
9011008000400000,18,0.0,272
9011008000400000,19,0.0,63
9011008000500000,4,0.0,49
9011008000500000,5,0.0,176
9011008000500000,7,0.0,13
9011008000500000,8,0.0,62
9011008000500000,10,0.0,87
9011008000500000,13,0.0,2
9011008000500000,14,0.0,57
9011008000500000,15,0.0,125
9011008000500000,16,0.0,161
9011008000500000,17,0.0,15
9011008000700000,4,0.0,13
9011008000800000,8,0.0,21
9011008000800000,9,0.0,46
9011008000800000,10,0.0,12
9011008000800000,11,0.0,29
9011008000800000,12,0.0,24
9011008000800000,13,0.0,10
9011008000800000,15,0.0,8
9011008000800000,16,0.0,14
9011008000800000,17,0.0,53
9011008000800000,18,0.0,30
9011008000800000,19,0.0,10
9011008000900000,3,0.0,6
9011008000900000,4,0.0,37
9011008000900000,5,0.0,19
9011008000900000,6,0.0,22
9011008000900000,7,0.0,79
9011008000900000,8,0.0,93
9011008000900000,9,0.0,118
9011008000900000,10,0.0,110
9011008000900000,11,0.0,106
9011008000900000,12,0.0,87
9011008000900000,13,0.0,101
9011008000900000,14,0.0,97
9011008000900000,15,0.0,149
9011008000900000,16,0.0,176
9011008000900000,17,0.0,180
9011008000900000,18,0.0,158
9011008000900000,19,0.0,69
9011008000900000,20,0.0,7
9011008001000000,3,0.0,4
9011008001000000,4,0.0,89
9011008001000000,5,0.0,100
9011008001000000,6,0.0,66
9011008001000000,7,0.0,100
9011008001000000,8,0.0,35
9011008001000000,9,0.0,45
9011008001000000,10,0.0,28
9011008001000000,11,0.0,79
9011008001000000,12,0.0,74
9011008001000000,13,0.0,141
9011008001000000,14,0.0,82
9011008001000000,15,0.0,167
9011008001000000,16,0.0,123
9011008001000000,17,0.0,45
9011008001000000,18,0.0,35
9011008001100000,7,0.0,36
9011008001100000,8,0.0,91
9011008001100000,9,0.0,99
9011008001100000,10,0.0,83
9011008001100000,11,0.0,79
9011008001100000,12,0.0,95
9011008001100000,13,0.0,94
9011008001100000,14,0.0,61
9011008001100000,15,0.0,41
9011008001100000,16,0.0,7
9011008001100000,17,0.0,23
9011008001100000,18,0.0,2
9011008001200000,6,0.0,11
9011008001200000,7,0.0,67
9011008001200000,8,0.0,144
9011008001200000,9,0.0,142
9011008001200000,10,0.0,132
9011008001200000,11,0.0,173
9011008001200000,12,0.0,129
9011008001200000,13,0.0,154
9011008001200000,14,0.0,63
9011008001200000,15,0.0,116
9011008001200000,16,0.0,128
9011008001200000,17,0.0,102
9011008001200000,18,0.0,65
9011008001200000,19,0.0,19
9011008001300000,3,0.0,67
9011008001300000,4,0.0,191
9011008001300000,5,0.0,381
9011008001300000,6,0.0,205
9011008001300000,7,0.0,288
9011008001300000,8,0.0,178
9011008001300000,9,0.0,202
9011008001300000,10,0.0,250
9011008001300000,11,0.0,189
9011008001300000,12,0.0,232
9011008001300000,13,0.0,302
9011008001300000,14,0.0,379
9011008001300000,15,0.0,392
9011008001300000,16,0.0,600
9011008001300000,17,0.0,369
9011008001300000,18,0.0,174
9011008001300000,19,0.0,127
9011008001300000,20,0.0,56
9011008001300000,21,0.0,12
9011008001400000,4,0.0,98
9011008001400000,5,0.0,214
9011008001400000,6,0.0,277
9011008001400000,7,0.0,270
9011008001400000,8,0.0,229
9011008001400000,9,0.0,230
9011008001400000,10,0.0,289
9011008001400000,11,0.0,234
9011008001400000,12,0.0,218
9011008001400000,13,0.0,381
9011008001400000,14,0.0,401
9011008001400000,15,0.0,340
9011008001400000,16,0.0,397
9011008001400000,17,0.0,265
9011008001400000,18,0.0,182
9011008001400000,19,0.0,64
9011008001400000,20,0.0,11
9011008001500000,8,0.0,3
9011008001500000,9,0.0,1
9011008001500000,10,0.0,4
9011008001500000,11,0.0,1
9011008001500000,14,0.0,4
9011008001500000,15,0.0,2
9011008001500000,16,0.0,1
9011008001500000,17,0.0,5
9011008001600000,4,0.0,49
9011008001600000,5,0.0,236
9011008001600000,6,0.0,126
9011008001600000,7,0.0,79
9011008001600000,8,0.0,176
9011008001600000,9,0.0,123
9011008001600000,10,0.0,49
9011008001600000,11,0.0,168
9011008001600000,12,0.0,177
9011008001600000,13,0.0,183
9011008001600000,14,0.0,162
9011008001600000,15,0.0,211
9011008001600000,16,0.0,139
9011008001600000,17,0.0,187
9011008001600000,18,0.0,128
9011008001600000,19,0.0,55
9011008001600000,20,0.0,24
9011008001700000,4,0.0,51
9011008001700000,5,0.0,57
9011008001700000,6,0.0,88
9011008001700000,7,0.0,179
9011008001700000,8,0.0,134
9011008001700000,9,0.0,79
9011008001700000,10,0.0,124
9011008001700000,11,0.0,112
9011008001700000,12,0.0,165
9011008001700000,13,0.0,82
9011008001700000,14,0.0,102
9011008001700000,15,0.0,79
9011008001700000,16,0.0,159
9011008001700000,17,0.0,264
9011008001700000,18,0.0,69
9011008001700000,19,0.0,5
9011008001700000,20,0.0,6
9011008001800000,7,0.0,11
9011008001800000,8,0.0,11
9011008001800000,9,0.0,30
9011008001800000,10,0.0,16
9011008001800000,11,0.0,6
9011008001800000,12,0.0,5
9011008001800000,13,0.0,14
9011008001800000,14,0.0,17
9011008001800000,15,0.0,40
9011008001800000,16,0.0,26
9011008001800000,17,0.0,24
9011008001800000,18,0.0,12
9011008001900000,5,0.0,39
9011008001900000,6,0.0,3
9011008001900000,7,0.0,28
9011008001900000,8,0.0,35
9011008001900000,9,0.0,32
9011008001900000,10,0.0,46
9011008001900000,11,0.0,41
9011008001900000,12,0.0,15
9011008001900000,13,0.0,24
9011008001900000,14,0.0,44
9011008001900000,15,0.0,25
9011008001900000,16,0.0,8
9011008001900000,17,0.0,30
9011008001900000,18,0.0,16
9011008001900000,19,0.0,4
9011008002000000,6,0.0,11
9011008002000000,7,0.0,13
9011008002000000,8,0.0,30
9011008002000000,9,0.0,34
9011008002000000,10,0.0,4
9011008002000000,11,0.0,24
9011008002000000,12,0.0,28
9011008002000000,13,0.0,23
9011008002000000,14,0.0,22
9011008002000000,15,0.0,6
9011008002000000,16,0.0,14
9011008002000000,17,0.0,12
9011008002000000,18,0.0,1
9011008002100000,4,0.0,30
9011008002100000,5,0.0,24
9011008002100000,6,0.0,8
9011008002100000,7,0.0,57
9011008002100000,8,0.0,46
9011008002100000,9,0.0,67
9011008002100000,10,0.0,57
9011008002100000,11,0.0,40
9011008002100000,12,0.0,52
9011008002100000,13,0.0,45
9011008002100000,14,0.0,74
9011008002100000,15,0.0,57
9011008002100000,16,0.0,56
9011008002100000,17,0.0,33
9011008002100000,18,0.0,25
9011008002100000,19,0.0,16
9011008002200000,6,0.0,5
9011008002200000,7,0.0,15
9011008002200000,8,0.0,35
9011008002200000,9,0.0,39
9011008002200000,10,0.0,58
9011008002200000,11,0.0,21
9011008002200000,12,0.0,23
9011008002200000,13,0.0,48
9011008002200000,14,0.0,34
9011008002200000,15,0.0,32
9011008002200000,16,0.0,39
9011008002200000,17,0.0,44
9011008002200000,18,0.0,1
9011008002300000,4,0.0,74
9011008002300000,5,0.0,7
9011008002300000,7,0.0,1
9011008002300000,8,0.0,4
9011008002300000,9,0.0,20
9011008002300000,10,0.0,6
9011008002300000,11,0.0,8
9011008002300000,13,0.0,8
9011008002300000,14,0.0,42
9011008002300000,15,0.0,14
9011008002300000,16,0.0,2
9011008002300000,17,0.0,2
9011008002300000,18,0.0,24
9011008002300000,19,0.0,18
9011008002300000,20,0.0,4
9011008002400000,4,0.0,29
9011008002400000,5,0.0,20
9011008002400000,6,0.0,26
9011008002400000,7,0.0,21
9011008002500000,7,0.0,20
9011008002500000,8,0.0,31
9011008002500000,9,0.0,1
9011008002500000,12,0.0,7
9011008002500000,13,0.0,6
9011008002500000,14,0.0,1
9011008002500000,15,0.0,20
9011008002500000,16,0.0,13
9011008002600000,4,0.0,5
9011008002600000,5,0.0,4
9011008002600000,6,0.0,11
9011008002600000,7,0.0,79
9011008002600000,8,0.0,52
9011008002600000,9,0.0,158
9011008002600000,10,0.0,101
9011008002600000,11,0.0,75
9011008002600000,12,0.0,140
9011008002600000,13,0.0,72
9011008002600000,14,0.0,85
9011008002600000,15,0.0,45
9011008002600000,16,0.0,45
9011008002600000,17,0.0,54
9011008002600000,18,0.0,36
9011008002600000,19,0.0,24
9011008002600000,20,0.0,13
9011008002600000,21,0.0,25
9011008002700000,6,0.0,2
9011008002700000,7,0.0,6
9011008002700000,8,0.0,18
9011008002700000,9,0.0,23
9011008002700000,10,0.0,36
9011008002700000,11,0.0,28
9011008002700000,12,0.0,7
9011008002700000,13,0.0,2
9011008002700000,14,0.0,24
9011008002700000,15,0.0,39
9011008002700000,16,0.0,41
9011008002700000,17,0.0,17
9011008002700000,18,0.0,44
9011008002800000,4,0.0,29
9011008002800000,5,0.0,51
9011008002800000,6,0.0,41
9011008002800000,7,0.0,49
9011008002800000,8,0.0,74
9011008002800000,9,0.0,19
9011008002800000,10,0.0,29
9011008002800000,11,0.0,39
9011008002800000,12,0.0,33
9011008002800000,13,0.0,37
9011008002800000,14,0.0,83
9011008002800000,15,0.0,69
9011008002800000,16,0.0,94
9011008002800000,17,0.0,18
9011008002800000,18,0.0,7
9011008002800000,19,0.0,19
9011008002900000,4,0.0,31
9011008002900000,5,0.0,44
9011008002900000,7,0.0,47
9011008002900000,8,0.0,52
9011008002900000,9,0.0,15
9011008002900000,10,0.0,4
9011008002900000,11,0.0,12
9011008002900000,12,0.0,31
9011008002900000,13,0.0,16
9011008002900000,14,0.0,68
9011008002900000,15,0.0,20
9011008002900000,16,0.0,29
9011008002900000,17,0.0,16
9011008003000000,4,0.0,12
9011008003000000,5,0.0,24
9011008003000000,6,0.0,28
9011008003000000,7,0.0,16
9011008003000000,8,0.0,38
9011008003000000,9,0.0,12
9011008003000000,11,0.0,44
9011008003000000,12,0.0,22
9011008003000000,13,0.0,53
9011008003000000,14,0.0,13
9011008003000000,15,0.0,14
9011008003000000,16,0.0,74
9011008003000000,17,0.0,6
9011008003000000,21,0.0,4
9011008004000000,6,0.0,7
9011008004000000,7,0.0,34
9011008004000000,8,0.0,26
9011008004000000,9,0.0,31
9011008004000000,10,0.0,20
9011008004000000,11,0.0,23
9011008004000000,12,0.0,3
9011008004000000,13,0.0,9
9011008004000000,14,0.0,17
9011008004000000,15,0.0,29
9011008004000000,16,0.0,33
9011008004000000,17,0.0,33
9011008004000000,18,0.0,18
9011008004000000,19,0.0,6
