stop_id,stop_skip_rate,stop_count
9022001000101001,0.0,451
9022001000102001,0.0,386
9022001000103001,0.0,112
9022001000104001,0.0,77
9022001000105001,0.0,95
9022001000106001,0.0,90
9022001000107001,0.0,83
9022001000108001,0.0,81
9022001000109001,0.0,90
9022001000110001,0.0,76
9022001000111001,0.0,88
9022001000112001,0.0,93
9022001000113001,0.0,69
9022001000114001,0.0,75
9022001000115001,0.0,79
9022001000116001,0.0,70
9022001000117001,0.0,74
9022001000118001,0.0,183
9022001000119001,0.0,192
9022001000120001,0.0,163
9022001000121001,0.0,168
9022001000122001,0.0,168
9022001000123001,0.0,135
9022001000124001,0.0,139
9022001000125001,0.0,201
9022001000126001,0.0,118
9022001000127001,0.0,125
9022001000128001,0.0,79
9022001000129001,0.0,88
9022001000130001,0.0,81
9022001000131001,0.0,49
9022001000132001,0.0,63
9022001000133001,0.0,61
9022001000134001,0.0,68
9022001000135001,0.0,96
9022001000136001,0.0,92
9022001000137001,0.0,92
9022001000138001,0.0,95
9022001000139001,0.0,103
9022001000141001,0.0,121
9022001000142001,0.0,97
9022001000143001,0.0,105
9022001000144001,0.0,108
9022001000145001,0.0,133
9022001000146001,0.0,139
9022001000147001,0.0,172
9022001000148001,0.0,50
9022001000149001,0.0,109
9022001000150001,0.0,186
9022001000151001,0.0,186
9022001000152001,0.0,181
9022001000153001,0.0,179
9022001000154001,0.0,161
9022001000155001,0.0,165
9022001000156001,0.0,169
9022001000157001,0.0,192
9022001000158001,0.0,169
9022001000159001,0.0,169
9022001000160001,0.0,164
9022001000161001,0.0,177
9022001000162001,0.0,172
9022001000163001,0.0,234
9022001000164001,0.0,64
9022001000165001,0.0,89
9022001000166001,0.0,159
9022001000167001,0.0,36
9022001000168001,0.0,187
9022001000169001,0.0,167
9022001000170001,0.0,146
9022001000171001,0.0,137
9022001000172001,0.0,128
9022001000173001,0.0,132
9022001000174001,0.0,135
9022001000175001,0.0,137
9022001000176001,0.0,135
9022001000177001,0.0,136
9022001000178001,0.0,152
9022001000179001,0.0,167
9022001000180001,0.0,170
9022001000181001,0.0,155
9022001000182001,0.0,157
9022001000183001,0.0,152
9022001000184001,0.0,129
9022001000185001,0.0,48
9022001000187001,0.0,231
9022001000188001,0.0,134
9022001000193001,0.0,137
9022001000201001,0.0,196
9022001000202001,0.0,193
9022001000203001,0.0,166
9022001000204001,0.0,183
9022001000206001,0.0,39
9022001000207001,0.0,40
9022001000208001,0.0,41
9022001000209001,0.0,86
9022001000210001,0.0,42
9022001000211001,0.0,34
9022001000212001,0.0,32
9022001000213001,0.0,36
9022001000214001,0.0,38
9022001000215001,0.0,3
9022001000218001,0.0,17
9022001000219001,0.0,34
9022001000220001,0.0,90
9022001000221001,0.0,55
9022001000222001,0.0,60
9022001000223001,0.0,51
9022001000224001,0.0,63
9022001000225001,0.0,66
9022001000226001,0.0,53
9022001000227001,0.0,52
9022001000228001,0.0,53
9022001000229001,0.0,41
9022001000230001,0.0,41
9022001000231001,0.0,61
9022001000237001,0.0,94
9022001000243001,0.0,166
9022001000257001,0.0,6
9022001000269001,0.0,79
9022001000277001,0.0,136
9022001000279001,0.0,158
9022001000301001,0.0,349
9022001000301002,0.0,10
9022001000301003,0.0,54
9022001000301004,0.0,53
9022001000301005,0.0,37
9022001000301006,0.0,17
9022001000301007,0.0,26
9022001000301009,0.0,32
9022001000301010,0.0,32
9022001000301012,0.0,18
9022001000301014,0.0,33
9022001000301017,0.0,14
9022001000306001,0.0,398
9022001000401001,0.0,268
9022001000401004,0.0,260
9022001000401005,0.0,266
9022001000401006,0.0,251
9022001000401007,0.0,16
9022001000401008,0.0,48
9022001000401009,0.0,40
9022001000401010,0.0,45
9022001000402001,0.0,252
9022001000403001,0.0,246
9022001000404001,0.0,111
9022001000405001,0.0,90
9022001000406001,0.0,88
9022001000407001,0.0,267
9022001000408001,0.0,508
9022001000409001,0.0,188
9022001000410001,0.0,221
9022001000411001,0.0,450
9022001000413001,0.0,150
9022001000414001,0.0,471
9022001000418001,0.0,90
9022001000419001,0.0,532
9022001000420001,0.0,408
9022001000421001,0.0,165
9022001000422001,0.0,111
9022001000423001,0.0,105
9022001000424001,0.0,106
9022001000425001,0.0,107
9022001000426001,0.0,129
9022001000427001,0.0,138
9022001000428001,0.0,232
9022001000429001,0.0,422
9022001000430001,0.0,222
9022001000431001,0.0,211
9022001000432001,0.0,212
9022001000433001,0.0,281
9022001000440001,0.0,21
9022001000501001,0.0,47
9022001000502001,0.0,44
9022001000503001,0.0,47
9022001000504001,0.0,52
9022001000505001,0.0,42
9022001000506001,0.0,45
9022001000507001,0.0,52
9022001000508001,0.0,44
9022001000509001,0.0,44
9022001000510001,0.0,54
9022001000511001,0.0,54
9022001000512001,0.0,48
9022001000513001,0.0,57
9022001000514001,0.0,6
9022001000515001,0.0,105
9022001000520001,0.0,18
9022001000521001,0.0,15
9022001000522001,0.0,16
9022001000523001,0.0,15
9022001000524001,0.0,18
9022001000525001,0.0,116
9022001000526001,0.0,139
9022001000527001,0.0,133
9022001000528001,0.0,60
9022001000529001,0.0,74
9022001000530001,0.0,118
9022001000531001,0.0,20
9022001000532001,0.0,20
9022001000533001,0.0,2
9022001000534001,0.0,23
9022001000535001,0.0,9
9022001000536001,0.0,9
9022001000537001,0.0,22
9022001000538001,0.0,10
9022001000539001,0.0,204
9022001000540001,0.0,182
9022001000545001,0.0,15
9022001000550001,0.0,3
9022001000552001,0.0,9
9022001000553001,0.0,7
9022001000554001,0.0,9
9022001000555001,0.0,95
9022001000556001,0.0,64
9022001000601001,0.0,92
9022001000602001,0.0,126
9022001000603001,0.0,124
9022001000604001,0.0,135
9022001000702001,0.0,49
9022001000801001,0.0,81
9022001000802001,0.0,66
9022001000803001,0.0,64
9022001000804001,0.0,64
9022001000805001,0.0,62
9022001000806001,0.0,45
9022001000807001,0.0,58
9022001000809001,0.0,58
9022001000810001,0.0,80
9022001000811001,0.0,39
9022001000812001,0.0,30
9022001000813001,0.0,20
9022001000814001,0.0,35
9022001000815001,0.0,51
9022001000816001,0.0,53
9022001000817001,0.0,44
9022001000818001,0.0,54
9022001000819001,0.0,53
9022001000820001,0.0,52
9022001000821001,0.0,49
9022001000823001,0.0,187
9022001000824001,0.0,258
9022001000825001,0.0,237
9022001000826001,0.0,150
9022001000827001,0.0,196
9022001000828001,0.0,136
9022001000829001,0.0,153
9022001000830001,0.0,189
9022001000831001,0.0,48
9022001000832001,0.0,47
9022001000833001,0.0,47
9022001000839001,0.0,144
9022001000840001,0.0,53
9022001000844001,0.0,70
9022001000851001,0.0,105
9022001000901001,0.0,51
9022001000902001,0.0,451
9022001000903001,0.0,687
9022001000904001,0.0,136
9022001000905001,0.0,169
9022001000907001,0.0,275
9022001000908001,0.0,83
9022001000909001,0.0,16
9022001000913001,0.0,15
9022001000951001,0.0,85
9022001000952001,0.0,48
9022001000955001,0.0,653
9022001001011001,0.0004740085321535788,6329
9022001001011002,0.0009519276534983341,6303
9022001001011003,0.0009129085265656381,5477
9022001001011004,0.0023796448837635,5463
9022001001021001,0.0004765687053216839,6295
9022001001021002,0.0007987220447284345,6260
9022001001021003,0.0003698224852071006,5408
9022001001021004,0.0024172554853105245,5378
9022001001051001,0.0,5418
9022001001051002,0.0008001280204832773,6249
9022001001051003,0.00047355958958168905,6335
9022001001051004,0.0025930727912576402,5399
9022001001051005,0.007329587099926704,4093
9022001001051006,0.0007369196757553427,4071
9022001001111001,0.0004748338081671415,6318
9022001001111002,0.001439078989446754,6254
9022001001121001,0.006949928921181488,6331
9022001001121002,0.0014290250873293109,6298
9022001001131001,0.006605850896508336,6358
9022001001131002,0.007209227811598847,6242
9022001001141001,0.008320597724571235,5889
9022001001141002,0.006830601092896175,5856
9022001001151001,0.008221476510067114,5960
9022001001151002,0.006525845783960158,5823
9022001001151003,0.0022113022113022115,4070
9022001001151004,0.0,4099
9022001001161001,0.008358921869669056,5862
9022001001161002,0.0074086836664369405,5804
9022001001171001,0.008316361167684997,5892
9022001001171002,0.006665527260297385,5851
9022001001201001,0.008481764206955046,5895
9022001001201002,0.007070184514571478,5799
9022001001211001,0.0002463054187192118,4060
9022001001211002,0.001233654083395016,4053
9022001001221001,0.0007414730598121602,4046
9022001001221002,0.0012768130745658835,3916
9022001001231001,0.000741839762611276,4044
9022001001231002,0.0012416190712689348,4027
9022001001241001,0.001056338028169014,2840
9022001001241002,0.0007366482504604051,2715
9022001001241003,0.0,1187
9022001001241004,0.001564945226917058,1278
9022001001251001,0.0011503067484662577,2608
9022001001251002,0.0015829046299960427,2527
9022001001261001,0.0011511895625479663,2606
9022001001261002,0.0007864726700747149,2543
9022001001271001,0.001145475372279496,2619
9022001001271002,0.000791765637371338,2526
9022001001281001,0.0011467889908256881,2616
9022001001281002,0.0011904761904761906,2520
9022001001301001,0.0,2089
9022001001301002,0.0004830917874396135,2070
9022001001301003,0.005714285714285714,525
9022001001301004,0.004784688995215311,418
9022001001311001,0.0004791566842357451,2087
9022001001311002,0.0004847309743092584,2063
9022001001321001,0.00047938638542665386,2086
9022001001321002,0.0014534883720930232,2064
9022001001331002,0.00024044241404183698,4159
9022001001511001,0.0006293266205160479,6356
9022001001511002,0.0007957981855801369,6283
9022001001521001,0.0006309148264984228,6340
9022001001521002,0.0006390797251957181,6259
9022001001551001,0.0009501187648456057,4210
9022001001551002,0.0007114062129475931,4217
9022001001551003,0.0,499
9022001001551004,0.0009090909090909091,2200
9022001001551009,0.0005945303210463733,1682
9022001001601001,0.0009216589861751152,2170
9022001001601002,0.0009385265133740028,2131
9022001001601003,0.00141643059490085,2118
9022001001601004,0.0009376465072667605,2133
9022001001611001,0.00047505938242280285,2105
9022001001611002,0.0004791566842357451,2087
9022001001621001,0.00046816479400749064,2136
9022001001621002,0.0009638554216867469,2075
9022001001631001,0.00047596382674916705,2101
9022001001631002,0.00048426150121065375,2065
9022001001641001,0.00047664442326024784,2098
9022001001641002,0.0004837929366231253,2067
9022001001651001,0.000473260766682442,2113
9022001001651002,0.0004833252779120348,2069
9022001001661001,0.0,2112
9022001001661002,0.00048262548262548264,2072
9022001001701001,0.0004906771344455348,2038
9022001001701002,0.00048828125,2048
9022001001701003,0.0,60
9022001001701004,0.0,23
9022001001711001,0.000992063492063492,2016
9022001001711002,0.002926829268292683,2050
9022001001721001,0.0017258382642998027,4056
9022001001811001,0.0009510223490252021,2103
9022001001811002,0.0009272137227630969,2157
9022001001821001,0.0009578544061302681,2088
9022001001821002,0.0009319664492078285,2146
9022001001831001,0.0014499758337361043,2069
9022001001831002,0.0009216589861751152,2170
9022001001841001,0.001411764705882353,2125
9022001001841002,0.0009208103130755065,2172
9022001001851001,0.001183431952662722,1690
9022001001851002,0.0007665772326561902,2609
9022001001861001,0.0030156815440289505,1658
9022001001861002,0.001142857142857143,2625
9022001001871001,0.0018270401948842874,1642
9022001001871002,0.0017513134851138354,1713
9022001001881001,0.0011768167107972932,3399
9022001001911001,0.0009376465072667605,2133
9022001001911002,0.0009416195856873823,2124
9022001001921001,0.0009407337723424271,2126
9022001001921002,0.0009411764705882353,2125
9022001001931001,0.0009402914903620122,2127
9022001001931002,0.0009411764705882353,2125
9022001001941001,0.0009505703422053232,2104
9022001001941002,0.0009411764705882353,2125
9022001001951001,0.0004720320981826764,4237
9022001001951002,0.0,18
9022001002101001,0.0,5430
9022001002101002,0.002786032689450223,5384
9022001002111001,0.0,2471
9022001002111002,0.002025111381125962,2469
9022001002121001,0.0,2473
9022001002121002,0.001637331150225133,2443
9022001002131001,0.0,16
9022001002131002,0.0004060913705583756,4925
9022001002211001,0.0,2926
9022001002211002,0.001670564650851988,2993
9022001002221001,0.0,2940
9022001002221002,0.002015451797111186,2977
9022001002231001,0.0,2942
9022001002231002,0.0030374620317246033,2963
9022001002241001,0.0,2942
9022001002241002,0.0026899798251513113,2974
9022001002251001,0.0,2942
9022001002251002,0.0033715441672285905,2966
9022001002301001,0.0,12
9022001002301002,0.0005053908355795149,5936
9022001002511001,0.0009216589861751152,5425
9022001002511002,0.0029596744358120607,5406
9022001002521001,0.0007395082270290257,5409
9022001002521002,0.0024132170038982737,5387
9022001002531001,0.001294139397300795,5409
9022001002531002,0.0016629711751662971,5412
9022001002601001,0.0036839950880065493,2443
9022001002601003,0.000671591672263264,2978
9022001002601004,0.0018618121638394704,4834
9022001002601005,0.0,616
9022001002611001,0.0028877887788778876,2424
9022001002611002,0.0012200081333875558,2459
9022001002621001,0.0028420625253755584,2463
9022001002621002,0.0016286644951140066,2456
9022001002631001,0.0024813895781637717,2418
9022001002631002,0.0016306563391765185,2453
9022001002641001,0.0,2267
9022001002641002,0.00042607584149978694,2347
9022001002651001,0.0,2332
9022001002651002,0.0008841732979664014,2262
9022001002701001,0.0009220839096357768,2169
9022001002701002,0.00043975373790677223,2274
9022001002701003,0.0,15
9022001002701004,0.0,102
9022001002711001,0.0004633920296570899,2158
9022001002711002,0.0013711151736745886,2188
9022001002721001,0.0009505703422053232,2104
9022001002721002,0.00045871559633027525,2180
9022001002731001,0.0009328358208955224,2144
9022001002731002,0.0004580852038479157,2183
9022001002741001,0.0009376465072667605,2133
9022001002741002,0.0004562043795620438,2192
9022001002751001,0.0013979496738117428,2146
9022001002751002,0.00045599635202918376,2193
9022001002761001,0.0023180343069077423,2157
9022001002761002,0.00046040515653775324,2172
9022001002761003,0.0,20
9022001002771001,0.0014265335235378032,2103
9022001002771002,0.0009208103130755065,2172
9022001002781001,0.001630561378989052,4293
9022001002781002,0.0,13
9022001002811001,0.0004149377593360996,2410
9022001002811002,0.00041841004184100416,2390
9022001002821001,0.0008278145695364238,2416
9022001002821002,0.0004185851820845542,2389
9022001002831001,0.0013544018058690745,2215
9022001002831002,0.0009199632014719411,2174
9022001002841001,0.00045454545454545455,2200
9022001002841002,0.00046040515653775324,2172
9022001002851001,0.0006928406466512702,4330
9022001002851002,0.0,15
9022001003031001,0.00031357792411414236,3189
9022001003031002,0.001869158878504673,3210
9022001003131001,0.004167688158862467,4079
9022001003131002,0.0,4104
9022001003161001,0.0012266928361138372,4076
9022001003161002,0.0004874482086278333,4103
9022001003201001,0.0007358351729212656,4077
9022001003201002,0.0004830917874396135,2070
9022001003201003,0.0,2028
9022001003211001,0.0004911591355599214,2036
9022001003211002,0.00048520135856380397,2061
9022001003221001,0.0004938271604938272,2025
9022001003221002,0.0004952947003467063,2019
9022001003231001,0.0004928536224741252,2029
9022001003231002,0.001984126984126984,2016
9022001003231003,0.0,2
9022001003241001,0.000493339911198816,2027
9022001003242001,0.0024509803921568627,2040
9022001003251001,0.000493339911198816,2027
9022001003251002,0.003421309872922776,2046
9022001003261001,0.0004928536224741252,2029
9022001003261002,0.002007024586051179,1993
9022001003271002,0.0007383706620723603,4063
9022001003411001,0.0004885197850512946,2047
9022001003411002,0.0014713094654242277,2039
9022001003421001,0.0,2048
9022001003421002,0.0009940357852882703,2012
9022001003431001,0.0,2022
9022001003431002,0.0004918839153959665,2033
9022001003441001,0.0,2025
9022001003441002,0.0,2019
9022001003451001,0.0,2027
9022001003451002,0.0,2013
9022001003461001,0.0,2025
9022001003461002,0.0,2027
9022001003471001,0.0,2027
9022001003471002,0.0,1997
9022001003481002,0.0,4061
9022001004301001,0.025813692480359147,1782
9022001004301002,0.030689056166763172,1727
9022001004303001,0.030113636363636363,1760
9022001004303002,0.024458032240133407,1799
9022001004305001,0.005047672462142457,1783
9022001004305002,0.0078125,1792
9022001004307001,0.0033130866924351186,1811
9022001004307002,0.005592841163310962,1788
9022001004309001,0.003355704697986577,1788
9022001004309002,0.006734006734006734,1782
9022001004311001,0.004986149584487534,1805
9022001004311002,0.0056657223796034,1765
9022001004313001,0.00775623268698061,1805
9022001004313002,0.006145251396648044,1790
9022001004315001,0.004429678848283499,1806
9022001004315002,0.009101251422070534,1758
9022001004317001,0.00824014125956445,1699
9022001004317002,0.008201523140011716,1707
9022001004318001,0.008244994110718492,1698
9022001004319001,0.008228034087569792,3403
9022001004501001,0.0,2296
9022001004501002,0.0017050298380221654,2346
9022001004503001,0.0,2277
9022001004503002,0.001697792869269949,2356
9022001004505001,0.0,2284
9022001004505002,0.0017271157167530224,2316
9022001004507001,0.0,2261
9022001004507002,0.0017263703064307294,2317
9022001004509001,0.0,2266
9022001004509002,0.001736111111111111,2304
9022001004511001,0.0,2272
9022001004511002,0.0008733624454148472,2290
9022001004513001,0.00043402777777777775,2304
9022001004513002,0.0012620950778291964,2377
9022001004515001,0.00043975373790677223,2274
9022001004515002,0.000847816871555744,2359
9022001004517001,0.0008830022075055188,2265
9022001004517002,0.0013169446883230904,2278
9022001004519001,0.000882223202470225,2267
9022001004519002,0.0012755102040816326,2352
9022001004521001,0.00044014084507042255,2272
9022001004521002,0.0012964563526361278,2314
9022001004523001,0.0,2316
9022001004523002,0.001293103448275862,2320
9022001004523003,0.0,2147
9022001004525001,0.0,3422
9022001004525002,0.0005873715124816446,3405
9022001004527001,0.0004432624113475177,2256
9022001004527002,0.0017072129748186087,2343
9022001004529001,0.0004434589800443459,2255
9022001004529002,0.003044802087864289,2299
9022001004531001,0.0004415011037527594,2265
9022001004531002,0.0021645021645021645,2310
9022001004533001,0.0008802816901408451,2272
9022001004533002,0.0026030368763557484,2305
9022001004535001,0.0,3371
9022001004535002,0.0011802891708468574,3389
9022001004537001,0.0,3362
9022001004537002,0.0003045066991473812,3284
9022001004539001,0.0,2289
9022001004539002,0.0,2216
9022001004541001,0.0,2316
9022001004541002,0.0,2244
9022001004543001,0.0,2323
9022001004543002,0.0,2226
9022001004545001,0.0,2288
9022001004545002,0.0,2223
9022001004547001,0.0,2273
9022001004547002,0.0,2192
9022001004549001,0.0,1326
9022001004549002,0.0,3138
9022001004561001,0.0,1082
9022001004561002,0.0,1090
9022001004563002,0.0,2186
9022001005001001,0.0,683
9022001005001002,0.0,692
9022001005006001,0.0,719
9022001005006002,0.002824858757062147,708
9022001005007001,0.0,11
9022001005007002,0.002188183807439825,1371
9022001005007003,0.0,20
9022001005011002,0.0,3
9022001005011007,0.0,5
9022001005011012,0.0,4
9022001005031001,0.004409603135717786,2041
9022001005031002,0.0029791459781529296,2014
9022001005041001,0.0058451047247929854,2053
9022001005041002,0.003472222222222222,2016
9022001005051001,0.007017543859649123,1995
9022001005051002,0.007477567298105683,2006
9022001005061001,0.007477567298105683,2006
9022001005061002,0.0055359838953195776,1987
9022001005071001,0.0070921985815602835,1974
9022001005071002,0.006082108464267613,1973
9022001005081001,0.007466401194624191,2009
9022001005081002,0.005397448478900883,2038
9022001005091001,0.006782945736434108,2064
9022001005091002,0.004885197850512946,2047
9022001005101001,0.006497022198159177,1847
9022001005101002,0.002103049421661409,1902
9022001005101003,0.0027397260273972603,365
9022001005111001,0.03499562554680665,1143
9022001005111002,0.004205214465937763,1189
9022001005121001,0.019097222222222224,1152
9022001005121002,0.04922279792746114,1158
9022001005121003,0.0,49
9022001005131002,0.0005309264666843643,3767
9022001005131004,0.0017994858611825194,3890
9022001005135001,0.0014443909484833895,4154
9022001005135002,0.0011527377521613833,3470
9022001005141001,0.004168837936425221,1919
9022001005141002,0.0036997885835095136,1892
9022001005141003,0.0010471204188481676,1910
9022001005141004,0.0047872340425531915,1880
9022001005151001,0.0031039834454216243,1933
9022001005151002,0.0037333333333333333,1875
9022001005161001,0.004132231404958678,1936
9022001005161002,0.004268943436499467,1874
9022001005171001,0.003602676273803397,1943
9022001005171002,0.005230125523012552,1912
9022001005181001,0.0036101083032490976,1939
9022001005181002,0.004764425622022234,1889
9022001005191001,0.0025974025974025974,1540
9022001005191002,0.006024096385542169,1494
9022001005191003,0.0,133
9022001005191004,0.010703363914373088,654
9022001005201001,0.008485639686684074,1532
9022001005201002,0.004771642808452625,1467
9022001005211001,0.007184846505551927,1531
9022001005211002,0.009472259810554804,1478
9022001005221001,0.0,382
9022001005221002,0.04087013843111404,1517
9022001005221005,0.006076975016880486,1481
9022001005221006,0.0,392
9022001005231001,0.0,677
9022001005231002,0.04248088360237893,1177
9022001005231003,0.0328125,640
9022001005231004,0.03261734287987271,1257
9022001005241001,0.0,391
9022001005241002,0.0,394
9022001005251001,0.0,382
9022001005251002,0.0,400
9022001005261001,0.0,365
9022001005261002,0.0,366
9022001005271001,0.0,724
9022001005310001,0.0,1832
9022001005310002,0.00341796875,2048
9022001005310003,0.0009910802775024777,2018
9022001005310004,0.0010922992900054614,1831
9022001005320001,0.0,3810
9022001005320002,0.0013085579691180318,3821
9022001006031001,0.0005446623093681918,1836
9022001006031002,0.0,1777
9022001006041001,0.0016402405686167304,1829
9022001006041002,0.0005608524957936063,1783
9022001006051001,0.0016675931072818232,1799
9022001006051002,0.000564652738565782,1771
9022001006061001,0.002785515320334262,1795
9022001006061002,0.0005662514156285391,1766
9022001006071001,0.001430615164520744,1398
9022001006071002,0.003257328990228013,614
9022001006071003,0.0,227
9022001006071004,0.0014814814814814814,1350
9022001006081001,0.0041797283176593526,1914
9022001006081002,0.0,798
9022001006091001,0.015978695073235686,751
9022001006091002,0.011034482758620689,725
9022001006101001,0.009774436090225564,1330
9022001006101003,0.0,36
9022001006121001,0.006745362563237774,1779
9022001006121002,0.0068454078722190535,1753
9022001006131001,0.010026737967914439,1496
9022001006131002,0.0054757015742642025,1461
9022001006141001,0.00876010781671159,1484
9022001006141002,0.007534246575342466,1460
9022001006145001,0.00823045267489712,1458
9022001006145002,0.006254343293954135,1439
9022001006151001,0.00547645125958379,1826
9022001006151002,0.007361268403171008,1766
9022001006161001,0.008046817849305048,1367
9022001006161002,0.010810810810810811,1295
9022001006171001,0.0,649
9022001006171002,0.015166835187057633,1978
9022001006171003,0.0,681
9022001006181001,0.0,631
9022001006181002,0.0,632
9022001006191001,0.0,637
9022001006191002,0.0,631
9022001006201001,0.0,618
9022001006201002,0.0,644
9022001006211001,0.0,1263
9022001006221001,0.0,313
9022001006221002,0.001037344398340249,964
9022001006231001,0.0031496062992125984,635
9022001006231002,0.00473186119873817,634
9022001006241001,0.0031397174254317113,1274
9022001006251001,0.0,255
9022001006251002,0.004162330905306972,961
9022001006251003,0.0,33
9022001006601002,0.0,1293
9022001006601003,0.0,1200
9022001006601004,0.0,1331
9022001006601005,0.0006816632583503749,1467
9022001006601006,0.0,1009
9022001006601007,0.0,750
9022001006651001,0.0,813
9022001006651002,0.0,784
9022001006651003,0.0003633720930232558,2752
9022001006651004,0.0,2711
9022001006661001,0.0,2739
9022001006661002,0.00036443148688046647,2744
9022001006741001,0.0007189072609633358,1391
9022001006741002,0.0,1397
9022001006761001,0.0,1390
9022001006761002,0.0007309941520467836,1368
9022001006781001,0.005171042163882259,2514
9022001006791001,0.004151838671411625,1686
9022001006791004,0.0073439412484700125,817
9022001006851001,0.0,1360
9022001006851002,0.0,1366
9022001006881001,0.0,677
9022001006881002,0.0,751
9022001006881003,0.0,246
9022001006901001,0.021136063408190225,757
9022001006911001,0.02072538860103627,772
9022001006921001,0.0,1587
9022001006941001,0.0,797
9022001006941002,0.0,783
9022001006971001,0.0,1626
9022001007001001,0.0,1383
9022001007001002,0.0007272727272727272,1375
9022001007011001,0.0,1396
9022001007011002,0.0014074595355383533,1421
9022001007021001,0.0014316392269148174,1397
9022001007021003,0.0,1390
9022001007031001,0.0,1393
9022001007031002,0.0007163323782234957,1396
9022001007035001,0.0,1395
9022001007035002,0.001448225923244026,1381
9022001007051001,0.0,1413
9022001007051002,0.0007320644216691069,1366
9022001007071001,0.0,1257
9022001007071002,0.0,260
9022001007071003,0.004796163069544364,1251
9022001007111001,0.0,3549
9022001007111002,0.0002822466836014677,3543
9022001007131001,0.0,3549
9022001007131002,0.0002829654782116582,3534
9022001007141001,0.0,3510
9022001007141002,0.0002813731007315701,3554
9022001007171001,0.0,2694
9022001007171002,0.00035971223021582735,2780
9022001007181001,0.0,2742
9022001007181002,0.00036429872495446266,2745
9022001007191001,0.0,1133
9022001007191002,0.0,1604
9022001007191003,0.0,1353
9022001007191004,0.000724112961622013,1381
9022001007221001,0.0,1601
9022001007241001,0.0,1638
9022001007251001,0.0,1600
9022001007301001,0.0,1337
9022001007301002,0.0,1359
9022001007311001,0.0,1338
9022001007311002,0.0,1363
9022001007321001,0.0,1342
9022001007321002,0.0,1359
9022001007331001,0.0,1351
9022001007331002,0.0,1391
9022001007341001,0.0,1349
9022001007341002,0.0,1358
9022001007361001,0.0,1369
9022001007361002,0.0,1388
9022001007371001,0.0,1084
9022001007371002,0.0,1631
9022001007381001,0.0,1643
9022001007401002,0.008962868117797696,781
9022001007498002,0.0,1660
9022001007501001,0.0,1717
9022001007501002,0.0,28
9022001007511001,0.0011547344110854503,1732
9022001007521001,0.0011574074074074073,1728
9022001007521002,0.0,12
9022001007531001,0.0,1117
9022001007531002,0.0,557
9022001007531003,0.0,1900
9022001007541001,0.0,900
9022001007541002,0.0,880
9022001007551001,0.001152073732718894,1736
9022001007561001,0.0,872
9022001007561002,0.0011402508551881414,877
9022001007571001,0.0022988505747126436,870
9022001007571002,0.0,866
9022001007581001,0.0005737234652897303,1743
9022001007591001,0.0007022471910112359,1424
9022001007591002,0.0,331
9022001007611002,0.0006493506493506494,3080
9022001007611003,0.0033875338753387536,1476
9022001007641001,0.0005405405405405405,1850
9022001007651001,0.0005379236148466917,1859
9022001007661001,0.0005373455131649651,1861
9022001007661002,0.0,4
9022001007671001,0.0,1859
9022001008000001,0.0,2250
9022001008001001,0.0,1739
9022001008002001,0.0,1755
9022001008003001,0.0,2256
9022001008005001,0.0,1219
9022001008006001,0.0,1731
9022001008007001,0.0,1198
9022001008008001,0.0,1727
9022001008009001,0.0,1745
9022001008009002,0.0,1545
9022001008011001,0.0,317
9022001008015001,0.0,312
9022001008017001,0.0,291
9022001008018001,0.0,296
9022001008019001,0.0,304
9022001008034001,0.0,173
9022001008040001,0.0,17
9022001008040002,0.0,153
9022001008041001,0.0,1609
9022001008052001,0.0,174
9022001008054001,0.0,167
9022001008054002,0.0,3191
9022001008056001,0.0,172
9022001008057001,0.0,1288
9022001008058001,0.0,174
9022001008059001,0.0,414
9022001008068001,0.0,411
9022001008069001,0.0,408
9022001008070001,0.0,102
9022001008071001,0.0,300
9022001008072001,0.0,101
9022001008073001,0.0,107
9022001008074001,0.0,209
9022001010001001,0.004347826086956522,460
9022001010001002,0.0,498
9022001010002001,0.0020387359836901123,981
9022001010002002,0.00101010101010101,990
9022001010006001,0.0,503
9022001010006002,0.004158004158004158,481
9022001010008001,0.0005574136008918618,1794
9022001010008002,0.012168141592920354,1808
9022001010008003,0.0021413276231263384,467
9022001010008004,0.0,507
9022001010010001,0.005095541401273885,785
9022001010012001,0.01032204789430223,2422
9022001010012002,0.007296311309282529,2467
9022001010014001,0.0097196261682243,2675
9022001010014002,0.010045203415369162,1991
9022001010016001,0.011198208286674132,1786
9022001010019001,0.01063264221158958,1881
9022001010019003,0.01063410791650256,2539
9022001010019004,0.0,778
9022001010022001,0.0,903
9022001010022002,0.004449388209121246,899
9022001010024001,0.009935419771485345,2013
9022001010024002,0.010994502748625687,2001
9022001010028001,0.005287009063444109,2648
9022001010028003,0.004169825625473844,2638
9022001010031001,0.011197663096397274,2054
9022001010031002,0.010005002501250625,1999
9022001010031004,0.01867572156196944,1767
9022001010031005,0.02116991643454039,1795
9022001010032002,0.0016778523489932886,1788
9022001010032003,0.0,842
9022001010032004,0.0,1125
9022001010032005,0.005893909626719057,1527
9022001010032006,0.0,1063
9022001010032007,0.0,1037
9022001010032008,0.0,893
9022001010032009,0.0,333
9022001010032010,0.005589714924538848,1789
9022001010032014,0.0,4530
9022001010033001,0.012954658694569009,2007
9022001010034001,0.008542713567839196,1990
9022001010034002,0.008393742846241892,2621
9022001010034003,0.0023752969121140144,842
9022001010034004,0.0,234
9022001010036001,0.004439511653718091,901
9022001010036002,0.0,912
9022001010037001,0.008349146110056925,2635
9022001010037002,0.006885998469778117,2614
9022001010040001,0.0,3118
9022001010040002,0.0006402048655569782,3124
9022001010041002,0.0,845
9022001010042001,0.0024752475247524753,808
9022001010042002,0.0036809815950920245,815
9022001010045001,0.004560729716754681,4166
9022001010045002,0.0037673651989639746,4247
9022001010046002,0.0,293
9022001010046003,0.0,291
9022001010047001,0.0,827
9022001010048001,0.0,1122
9022001010048002,0.0035650623885918,1122
9022001010051001,0.0,1120
9022001010051002,0.0035366931918656055,1131
9022001010052001,0.004722550177095631,847
9022001010052002,0.007190265486725664,1808
9022001010052003,0.006256015399422521,2078
9022001010052004,0.0017777777777777779,1125
9022001010054001,0.005714285714285714,2100
9022001010054002,0.005797101449275362,2070
9022001010056001,0.0055248618784530384,1810
9022001010056002,0.0052531041069723014,2094
9022001010056003,0.0,301
9022001010058001,0.0055248618784530384,1810
9022001010058002,0.004469273743016759,1790
9022001010060001,0.0055248618784530384,1810
9022001010060002,0.0038716814159292035,1808
9022001010062001,0.005470459518599562,1828
9022001010062002,0.0055248618784530384,1810
9022001010064001,0.0,75
9022001010064002,0.0,67
9022001010069001,0.8135313531353136,606
9022001010069002,0.8190127970749543,547
9022001010070001,0.00631911532385466,633
9022001010070002,0.0,645
9022001010074001,0.00631911532385466,633
9022001010074002,0.0,647
9022001010077001,0.0,625
9022001010077002,0.00631911532385466,633
9022001010078001,0.006299212598425197,635
9022001010078002,0.0,649
9022001010079001,0.0,641
9022001010079002,0.006329113924050633,632
9022001010092003,0.02912621359223301,824
9022001010092004,0.02103960396039604,808
9022001010096003,0.0,787
9022001010096004,0.001229256299938537,1627
9022001010096006,0.012150668286755772,823
9022001010098001,0.0,843
9022001010098002,0.004819277108433735,830
9022001010098003,0.005427088249174139,4238
9022001010102001,0.02185792349726776,1830
9022001010103001,0.0026936026936026937,1485
9022001010103002,0.0045045045045045045,1554
9022001010105001,0.0026972353337828725,1483
9022001010105002,0.0032916392363396972,1519
9022001010107001,0.019740552735476594,1773
9022001010107002,0.021885521885521887,1782
9022001010110001,0.022222222222222223,1800
9022001010110002,0.018824871648602397,1753
9022001010112001,0.022087244616234125,1811
9022001010112002,0.020845070422535212,1775
9022001010120002,0.013695338779432966,4162
9022001010120004,0.030303030303030304,231
9022001010122001,0.014220552723370002,3727
9022001010122002,0.013826110077107153,3761
9022001010132001,0.0,712
9022001010132002,0.0,699
9022001010133001,0.0066344993968636915,1658
9022001010133002,0.0,1630
9022001010136001,0.0019588638589618022,5105
9022001010136002,0.0031620553359683794,5060
9022001010137001,0.0,700
9022001010137002,0.0,704
9022001010144001,0.0,1636
9022001010144002,0.006711409395973154,1639
9022001010151001,0.02861602497398543,3844
9022001010151002,0.010134081696289368,6414
9022001010151003,0.013764337851929093,4795
9022001010151004,0.026813880126182965,1268
9022001010151005,0.011297798377752027,3452
9022001010151006,0.028824833702882482,2255
9022001010151007,0.02957906712172924,879
9022001010152001,0.0,717
9022001010152002,0.0,698
9022001010153001,0.005512679162072767,1814
9022001010153002,0.00448681996634885,1783
9022001010155001,0.0055248618784530384,1810
9022001010155002,0.0039149888143176735,1788
9022001010168001,0.037815126050420166,238
9022001010168002,0.09448818897637795,254
9022001010178001,0.0017167381974248926,1165
9022001010178002,0.0008710801393728223,1148
9022001010179001,0.0006056935190793458,3302
9022001010179002,0.0068149210903873745,5576
9022001010180001,0.030224525043177894,1158
9022001010180002,0.019083969465648856,3406
9022001010182001,0.02696272799365583,1261
9022001010182002,0.027442371020856202,911
9022001010183002,0.018164435946462717,2092
9022001010183003,0.014796266788071933,4393
9022001010188001,0.013437364542696142,9228
9022001010188002,0.013614262560777957,9255
9022001010188003,0.06547619047619048,1512
9022001010188005,0.034526854219948847,1564
9022001010191001,0.013350842635149924,9138
9022001010191002,0.01353434983724516,5837
9022001010192001,0.013402579996649355,5969
9022001010193001,0.012954658694569009,6021
9022001010194003,0.0036540803897685747,821
9022001010194004,0.0011992804317409553,5003
9022001010194006,0.0032138442521631645,4045
9022001010198001,0.009181969949916527,2396
9022001010198002,0.009856262833675565,2435
9022001010199001,0.010186335403726708,4025
9022001010199002,0.009515928837401738,2417
9022001010199004,0.0,221
9022001010199005,0.0,218
9022001010202001,0.03143893591293833,827
9022001010202002,0.013414634146341463,820
9022001010203001,0.007947639083683964,2139
9022001010203002,0.005255613951266125,2093
9022001010205002,0.014388489208633094,834
9022001010205003,0.01325301204819277,830
9022001010207001,0.013431013431013432,819
9022001010207003,0.006045949214026602,827
9022001010211001,0.029447852760736196,815
9022001010211002,0.02109181141439206,806
9022001010215001,0.030562347188264057,818
9022001010217001,0.03469640644361834,807
9022001010217003,0.01726263871763255,811
9022001010218001,0.014669926650366748,818
9022001010224002,0.007951070336391437,1635
9022001010224003,0.010611735330836454,1602
9022001010225002,0.064,1500
9022001010225003,0.03446075303126994,1567
9022001010226001,0.006646525679758308,1655
9022001010226002,0.003701418877236274,1621
9022001010227001,0.004875076173065204,1641
9022001010227003,0.004833836858006042,1655
9022001010230001,0.02717391304347826,1656
9022001010230002,0.022910216718266253,1615
9022001010231001,0.022685469037400367,1631
9022001010231002,0.02776101388050694,1657
9022001010237001,0.0,1526
9022001010237002,0.0019305019305019305,1554
9022001010238001,0.006329113924050633,632
9022001010238002,0.0,650
9022001010240001,0.0,813
9022001010248001,0.0008442380751371887,2369
9022001010248002,0.0,327
9022001010248003,0.0,2059
9022001010248004,0.0,420
9022001010250001,0.002614867388868136,5354
9022001010250002,0.003727171077152441,5366
9022001010251001,0.0034735623311462757,2591
9022001010251002,0.008682521706304265,2649
9022001010254001,0.0005711022272986865,1751
9022001010254002,0.002586206896551724,2320
9022001010254003,0.003116883116883117,3850
9022001010255001,0.0,798
9022001010255002,0.00039494470774091627,2532
9022001010255004,0.0,1738
9022001010256001,0.0003943217665615142,2536
9022001010256003,0.0,2533
9022001010258001,0.0,813
9022001010258002,0.0,783
9022001010261002,0.002545672356993112,6678
9022001010261003,0.00556049822064057,4496
9022001010261004,0.0007722007722007722,2590
9022001010261005,0.0,160
9022001010262001,0.0016576875259013675,2413
9022001010262002,0.002933780385582565,2386
9022001010263001,0.007375537799631223,1627
9022001010263002,0.0,1618
9022001010266001,0.004201680672268907,476
9022001010266002,0.0,498
9022001010273001,0.0008605851979345956,1162
9022001010273002,0.0017196904557179708,1163
9022001010278001,0.0176017601760176,909
9022001010278002,0.01533406352683461,913
9022001010280001,0.0175054704595186,914
9022001010280002,0.023255813953488372,1806
9022001010280003,0.03784403669724771,872
9022001010282001,0.024807056229327454,1814
9022001010282002,0.7440543601359003,883
9022001010284001,0.4966887417218543,1359
9022001010284002,0.75,880
9022001010289004,0.0,1313
9022001010289012,0.0,63
9022001010291001,0.0005841121495327102,1712
9022001010291007,0.0034883720930232558,1720
9022001010294001,0.0025380710659898475,788
9022001010294002,0.0012706480304955528,787
9022001010294003,0.013718070009460738,4228
9022001010298001,0.008004926108374385,1624
9022001010298002,0.00875,1600
9022001010298003,0.01301775147928994,845
9022001010298004,0.015098722415795587,861
9022001010302001,0.0080545229244114,1614
9022001010302002,0.007389162561576354,1624
9022001010312001,0.03508771929824561,798
9022001010312002,0.019393939393939394,825
9022001010314001,0.0297029702970297,808
9022001010315001,0.0017142857142857142,1750
9022001010315002,0.0,470
9022001010315003,0.0,292
9022001010316001,0.03884711779448621,798
9022001010327001,0.03260869565217391,644
9022001010327002,0.0031397174254317113,637
9022001010329001,0.03260869565217391,644
9022001010329002,0.0,628
9022001010332001,0.016329704510108865,1286
9022001010333001,0.03260869565217391,644
9022001010333002,0.0,644
9022001010339001,0.006309148264984227,634
9022001010339002,0.0,639
9022001010346001,0.01682270333528379,6836
9022001010346002,0.001600284495021337,5624
9022001010346003,0.0,465
9022001010346004,0.0,292
9022001010355002,0.08216432865731463,998
9022001010357001,0.0010702818408847663,5606
9022001010357002,0.018556399766218586,6844
9022001010359003,0.006417112299465241,5610
9022001010359004,0.006491228070175438,5700
9022001010363004,0.0074142724745134385,5395
9022001010363005,0.0009384384384384384,5328
9022001010363007,0.0,490
9022001010363008,0.0,434
9022001010367001,0.0,1251
9022001010367002,0.0005550416281221092,5405
9022001010369001,0.002391073326248672,3764
9022001010369004,0.0010649627263045794,939
9022001010369005,0.0011985617259288853,2503
9022001010369006,0.0012249897917517355,2449
9022001010369007,0.002178649237472767,918
9022001010369008,0.0007978723404255319,3760
9022001010369010,0.0,2401
9022001010369011,0.0,818
9022001010371001,0.002408187838651415,1661
9022001010371002,0.0017814726840855108,1684
9022001010373001,0.0018214936247723133,1647
9022001010373002,0.0017921146953405018,1674
9022001010375001,0.0027258566978193145,2568
9022001010377001,0.0018326206475259622,1637
9022001010377002,0.0015426147319706903,2593
9022001010379001,0.0018105009052504525,1657
9022001010379002,0.001791044776119403,1675
9022001010381001,0.001851851851851852,1620
9022001010381002,0.0017974835230677051,1669
9022001010383001,0.0024057738572574178,2494
9022001010383002,0.0019809825673534074,2524
9022001010385001,0.0023603461841070024,2542
9022001010385002,0.0023538642604943117,2549
9022001010387001,0.0023734177215189874,2528
9022001010387002,0.0023715415019762848,2530
9022001010389001,0.0,862
9022001010395001,0.006932409012131715,3462
9022001010395002,0.00206307102858827,3393
9022001010397001,0.005302226935312832,2829
9022001010397002,0.0024964336661911554,2804
9022001010401001,0.002391629297458894,6690
9022001010401002,0.003535130357931949,6789
9022001010403001,0.0,914
9022001010403002,0.0022222222222222222,900
9022001010406001,0.006713457430576747,3277
9022001010406002,0.0,459
9022001010406003,0.0,1464
9022001010411002,0.0,1166
9022001010414001,0.014040932889100428,4202
9022001010421001,0.0011111111111111111,7200
9022001010421002,0.002719033232628399,6620
9022001010421003,0.0029069767441860465,1032
9022001010426001,0.0,459
9022001010426002,0.0,496
9022001010428001,0.0,471
9022001010428002,0.0,497
9022001010429003,0.0022488755622188904,1334
9022001010429004,0.0007535795026375283,1327
9022001010433001,0.0010822510822510823,924
9022001010433002,0.0,912
9022001010435001,0.0011325028312570782,883
9022001010435002,0.0,911
9022001010437001,0.0011185682326621924,894
9022001010437002,0.0,911
9022001010437004,0.0,62
9022001010439001,0.004362050163576881,917
9022001010445001,0.0056753688989784334,881
9022001010445002,0.0,911
9022001010447001,0.00536480686695279,932
9022001010447002,0.0,911
9022001010449001,0.00044464206313917296,2249
9022001010449002,0.001716001716001716,2331
9022001010451001,0.00044444444444444447,2250
9022001010451002,0.0021486892995272885,2327
9022001010453001,0.0005614823133071309,1781
9022001010453002,0.0016968325791855204,1768
9022001010455002,0.0016825574873808188,1783
9022001010455003,0.0005614823133071309,1781
9022001010458001,0.0,334
9022001010458002,0.0,332
9022001010460001,0.12864321608040202,995
9022001010462001,0.003015941404566997,2321
9022001010462002,0.00044464206313917296,2249
9022001010464001,0.0,913
9022001010464002,0.0077348066298342545,905
9022001010466001,0.0,910
9022001010466002,0.006644518272425249,903
9022001010473001,0.003105590062111801,966
9022001010473002,0.0010162601626016261,984
9022001010481001,0.00631911532385466,633
9022001010481002,0.0,634
9022001010489001,0.0012135922330097086,824
9022001010489002,0.0,820
9022001010491001,0.0012658227848101266,790
9022001010491002,0.0025412960609911056,787
9022001010494001,0.0,598
9022001010494002,0.0016750418760469012,597
9022001010505001,0.0102890739833415,2041
9022001010505002,0.009250243427458617,2054
9022001010511001,0.0,2249
9022001010511002,0.0,1122
9022001010521001,0.0021436227224008574,933
9022001010524001,0.0022222222222222222,900
9022001010524002,0.0021691973969631237,922
9022001010527001,0.01288056206088993,854
9022001010527002,0.0012285012285012285,814
9022001010529001,0.003257328990228013,921
9022001010530001,0.0,931
9022001010533001,0.0,662
9022001010533002,0.006211180124223602,644
9022001010535001,0.0,638
9022001010535002,0.006201550387596899,645
9022001010537001,0.0,1927
9022001010537002,0.0033821871476888386,1774
9022001010537003,0.0016460905349794238,1215
9022001010537004,0.0,304
9022001010545001,0.2903225806451613,155
9022001010545002,0.0,192
9022001010549001,0.03741007194244604,1390
9022001010549002,0.03932993445010925,1373
9022001010553001,0.03236797274275979,2348
9022001010553002,0.0,2374
9022001010557001,0.0032822757111597373,914
9022001010557002,0.0010775862068965517,928
9022001010573001,0.0,784
9022001010575001,0.0032530904359141183,1537
9022001010575002,0.002702702702702703,1480
9022001010580001,0.0,140
9022001010581001,0.027554535017221583,871
9022001010581002,0.03815028901734104,865
9022001010583001,0.0006385696040868455,1566
9022001010583002,0.017259978425026967,927
9022001010591001,0.0024673951357067326,2837
9022001010591002,0.00019333634078752337,15517
9022001010591003,8.684324793747286e-05,11515
9022001010591004,0.0,4635
9022001010591005,0.002977667493796526,4030
9022001010592001,0.004498714652956298,1556
9022001010593001,0.002389078498293515,2930
9022001010595001,0.0,696
9022001010595002,0.000333889816360601,17970
9022001010595003,0.00031284217112466763,12786
9022001010595004,0.0,4600
9022001010595006,0.0007942811755361397,1259
9022001010596001,0.0,693
9022001010596002,0.0,705
9022001010598001,0.0,693
9022001010598002,0.0,692
9022001010599001,0.0028591851322373124,2798
9022001010599002,0.005188067444876783,1542
9022001010601001,0.0,899
9022001010601002,0.0022222222222222222,900
9022001010605001,0.0,690
9022001010605002,0.0,688
9022001010609001,0.0,963
9022001010609002,0.0,965
9022001010611001,0.004730928444707274,1691
9022001010611002,0.0028392958546280523,1761
9022001010611003,0.0,97
9022001010619001,0.0,583
9022001010619002,0.0,596
9022001010627001,0.003350885591191958,2089
9022001010627002,0.008407286314806165,2141
9022001010629001,0.0012330456226880395,1622
9022001010629002,0.001257071024512885,1591
9022001010645001,0.001280819724623759,6246
9022001010645002,0.0020809988794621417,6247
9022001010645003,0.000315357931251971,3171
9022001010645004,0.002197112366603892,3186
9022001010647001,0.0017396346767178893,3449
9022001010647002,0.0026086956521739132,3450
9022001010649001,0.000666000666000666,3003
9022001010649002,0.0016002560409665546,6249
9022001010649003,0.001256281407035176,1592
9022001010649004,0.0,180
9022001010649005,0.002912621359223301,2060
9022001010649007,0.0,176
9022001010651001,0.0006428801028608164,3111
9022001010651002,0.0006531678641410843,3062
9022001010653001,0.0,1175
9022001010653002,0.0008896797153024911,1124
9022001010655001,0.001024327784891165,3905
9022001010655002,0.0003248862897985705,3078
9022001010655003,0.0025252525252525255,792
9022001010657001,0.0006724949562878278,2974
9022001010658001,0.0007818608287724785,3837
9022001010658002,0.0,933
9022001010659001,0.0,1050
9022001010659002,0.0009891196834817012,1011
9022001010661001,0.000667334000667334,2997
9022001010661002,0.000343878954607978,2908
9022001010665001,0.0,1002
9022001010665002,0.0,600
9022001010668001,0.009248554913294798,865
9022001010668002,0.0057273768613974796,873
9022001010676001,0.001962708537782139,1019
9022001010676002,0.0,993
9022001010682001,0.0019646365422396855,1018
9022001010682002,0.0,979
9022001010684001,0.0020470829068577278,977
9022001010684002,0.0019646365422396855,1018
9022001010691001,0.0,825
9022001010691002,0.0037546933667083854,799
9022001010692001,0.0037641154328732747,797
9022001010692002,0.0,853
9022001010694001,0.0037641154328732747,797
9022001010694002,0.0,836
9022001010695001,0.0007619047619047619,2625
9022001010695002,0.00425531914893617,2585
9022001010697001,0.0018226002430133657,1646
9022001010699001,0.04116222760290557,826
9022001010701001,0.00535077288941736,1682
9022001010701002,0.0011771630370806356,1699
9022001010703001,0.003821656050955414,2355
9022001010703002,0.001718213058419244,2328
9022001010705001,0.003854389721627409,2335
9022001010705002,0.0012842465753424657,2336
9022001010707001,0.003844510892780863,2341
9022001010707002,0.0008536064874093043,2343
9022001010714001,0.003487020534676482,2581
9022001010714002,0.002609019754006709,2683
9022001010723001,0.0011355034065102195,2642
9022001010723002,0.003478933127174333,2587
9022001010733001,0.0005621135469364812,1779
9022001010733002,0.0016666666666666668,1800
9022001010736001,0.0005558643690939411,1799
9022001010736002,0.0005614823133071309,1781
9022001010737001,0.0,984
9022001010759001,0.0,146
9022001010759002,0.0,210
9022001010761003,0.0,139
9022001010761004,0.0,206
9022001010763001,0.003849443969204448,2338
9022001010763002,0.0004302925989672978,2324
9022001010765001,0.006806930693069307,1616
9022001010765002,0.0,1613
9022001010771001,0.0014285714285714286,700
9022001010771002,0.0014684287812041115,681
9022001010777001,0.0014285714285714286,700
9022001010777002,0.00291970802919708,685
9022001010783001,0.0,471
9022001010788001,0.0012414649286157666,1611
9022001010800001,0.0,145
9022001010800002,0.0,153
9022001010803001,0.017127799736495388,759
9022001010803002,0.006925207756232687,722
9022001010805001,0.017082785808147174,761
9022001010805002,0.0054869684499314125,729
9022001010811002,0.09765625,256
9022001010813002,0.010101010101010102,792
9022001010814001,0.013398294762484775,821
9022001010814002,0.012832699619771864,2104
9022001010821001,0.011876484560570071,842
9022001010821003,0.0024449877750611247,818
9022001010847002,0.0,67
9022001010853001,0.009722222222222222,720
9022001010853002,0.09045226130653267,796
9022001010855001,0.004120879120879121,728
9022001010855002,0.007547169811320755,795
9022001010877001,0.0024875621890547263,804
9022001010877002,0.012850467289719626,856
9022001010878001,0.0024271844660194173,824
9022001010878002,0.01288056206088993,854
9022001010881001,0.0012330456226880395,811
9022001010881002,0.012835472578763127,857
9022001010881003,0.0002995805871779509,3338
9022001010882001,0.001221001221001221,819
9022001010882002,0.012850467289719626,856
9022001010885001,0.005592841163310962,1788
9022001010885002,0.0016474464579901153,1821
9022001010887001,0.0012531328320802004,798
9022001010887002,0.0,851
9022001010902001,0.0,910
9022001010910001,0.0,994
9022001010910002,0.0,695
9022001010915001,0.011876484560570071,842
9022001010915002,0.010739856801909307,838
9022001010919001,0.0,72
9022001010919002,0.0,67
9022001010921001,0.0,831
9022001010923001,0.0,841
9022001010923002,0.0,852
9022001010925001,0.0,831
9022001010925002,0.0,856
9022001010928002,0.0011750881316098707,851
9022001010928003,0.0,810
9022001010949001,0.0,1679
9022001010949002,0.0,1677
9022001010953001,0.0025575447570332483,782
9022001010953002,0.0025031289111389237,799
9022001010955001,0.0,800
9022001010955002,0.0008302200083022001,2409
9022001010956001,0.0025031289111389237,799
9022001010956002,0.0013054830287206266,766
9022001010957001,0.0,1624
9022001010960001,0.0012554927809165098,1593
9022001010961001,0.0012300123001230013,1626
9022001010961002,0.0012586532410320957,1589
9022001010965001,0.0026041666666666665,768
9022001010965002,0.002512562814070352,796
9022001010967001,0.0012987012987012987,770
9022001010967002,0.002544529262086514,786
9022001010971001,0.0012836970474967907,779
9022001010976001,0.0,2431
9022001010976002,0.0004060089321965083,2463
9022001010976003,0.0,81
9022001010976004,0.0,86
9022001010984001,0.003967043027158987,3277
9022001010985001,0.0,1704
9022001010985002,0.0,1698
9022001010987001,0.0,1673
9022001010987002,0.0,1688
9022001010991001,0.0,1327
9022001010991002,0.0,1348
9022001010993001,0.0,1315
9022001010993002,0.0,1326
9022001010995001,0.0,1341
9022001010995002,0.0,1338
9022001011002009,0.001292824822236587,1547
9022001011002010,0.010295434198746643,2234
9022001011002011,0.005636978579481398,1774
9022001011002012,0.0033018867924528303,2120
9022001011002014,0.0011858879335902757,3373
9022001011002015,0.0,2024
9022001011002016,0.00736105999263894,2717
9022001011029001,0.0,787
9022001011029002,0.0025188916876574307,794
9022001011031001,0.0,787
9022001011031002,0.002560819462227913,781
9022001011033001,0.0,787
9022001011033002,0.002652519893899204,754
9022001011035001,0.0,788
9022001011035002,0.0025673940949935813,779
9022001011037001,0.0025412960609911056,787
9022001011037002,0.003816793893129771,786
9022001011039002,0.0031746031746031746,1575
9022001011043003,0.026282853566958697,799
9022001011043004,0.0375,800
9022001011051001,0.02875,800
9022001011051002,0.02781289506953224,791
9022001011054001,0.026875,1600
9022001011058001,0.00392156862745098,765
9022001011058002,0.0,788
9022001011501002,0.0,98
9022001011501003,0.0,85
9022001011504002,0.0,192
9022001011504004,0.08108108108108109,148
9022001011722001,0.0,63
9022001011722002,0.0005387931034482759,1856
9022001011722003,0.0,1809
9022001011723001,0.0,174
9022001011723002,0.0,257
9022001011725002,0.0,496
9022001011725003,0.0,2040
9022001011725004,0.0,2262
9022001011725005,0.0011280315848843769,1773
9022001011725006,0.0,471
9022001011725007,0.0009818360333824251,2037
9022001011725008,0.0,193
9022001011725009,0.00022836263987211693,8758
9022001011725012,0.0,2247
9022001011725013,0.0,737
9022001011725014,0.0,129
9022001011725015,0.0,228
9022001011725016,0.0,716
9022001011725018,0.0,1229
9022001011725019,0.0,2529
9022001011725020,0.0,253
9022001011725022,0.0,1218
9022001011725023,0.0006317119393556538,1583
9022001011725024,0.0,2259
9022001011725026,0.0,2252
9022001012001001,0.0009285051067780873,1077
9022001012001002,0.0,64
9022001012001003,0.0,66
9022001012003001,0.0,539
9022001012003002,0.0018656716417910447,536
9022001012005001,0.0,530
9022001012005002,0.0018587360594795538,538
9022001012007001,0.0,539
9022001012007002,0.0018587360594795538,538
9022001012009001,0.0,535
9022001012009002,0.00186219739292365,537
9022001012011001,0.0,530
9022001012011002,0.00186219739292365,537
9022001012013001,0.0,529
9022001012013002,0.0018587360594795538,538
9022001012015001,0.0,526
9022001012015002,0.0,537
9022001012017001,0.0,530
9022001012017002,0.0,537
9022001012019001,0.0,529
9022001012019002,0.0,532
9022001012021001,0.0,59
9022001012021002,0.0,68
9022001012022001,0.0,545
9022001012023001,0.0,1443
9022001012023002,0.0,1359
9022001012025005,0.0,1070
9022001012025006,0.0,2828
9022001012025007,0.0,635
9022001012029001,0.0,638
9022001012029002,0.0,674
9022001012030001,0.0,677
9022001012030002,0.0,658
9022001012033001,0.0,651
9022001012033002,0.0,673
9022001012035001,0.0,3425
9022001012035002,0.0,2753
9022001012037001,0.005844155844155844,1540
9022001012037003,0.0038461538461538464,1560
9022001012039001,0.003937007874015748,1524
9022001012041001,0.005813953488372093,1548
9022001012041002,0.0038412291933418692,1562
9022001012045001,0.0,664
9022001012045002,0.0,1773
9022001012045003,0.0,1085
9022001012047001,0.0,653
9022001012047002,0.0,674
9022001012076003,0.0,1512
9022001012076004,0.0,1437
9022001012091001,0.0,1018
9022001012091002,0.0029069767441860465,1032
9022001012099002,0.0,1111
9022001012105001,0.00529500756429652,1322
9022001012105002,0.004597701149425287,1305
9022001012107001,0.005447470817120622,1285
9022001012107002,0.0044943820224719105,1335
9022001012109001,0.0,1924
9022001012111001,0.0,1932
9022001012111002,0.0,1920
9022001012113001,0.0,1933
9022001012113002,0.0,1927
9022001012115001,0.0,1848
9022001012115002,0.0,1908
9022001012117001,0.0,842
9022001012117002,0.0,837
9022001012119001,0.0,839
9022001012119002,0.0,814
9022001012121001,0.0,838
9022001012121002,0.0,841
9022001012125001,0.0,1455
9022001012125002,0.0,1391
9022001012129001,0.0,1441
9022001012129002,0.0,1372
9022001012134001,0.0,15
9022001012138001,0.0,2434
9022001012138002,0.0011507479861910242,869
9022001012138004,0.0,2061
9022001012138005,0.0,1213
9022001012138006,0.0,1687
9022001012138007,0.0011135857461024498,1796
9022001012138009,0.0014062225347161188,5689
9022001012138010,0.0,534
9022001012138012,0.0,1286
9022001012146001,0.0006887052341597796,1452
9022001012146002,1.0,501
9022001012157004,0.0,1871
9022001012157005,0.0,1867
9022001012163001,0.002938295788442703,1021
9022001012163002,0.0,1054
9022001012165001,0.002952755905511811,1016
9022001012165002,0.0,1045
9022001012167001,0.0029239766081871343,1026
9022001012167002,0.0,1065
9022001012169001,0.0029182879377431907,1028
9022001012169002,0.0,1065
9022001012171001,0.002909796314258002,1031
9022001012171002,0.0,1040
9022001012173001,0.0029069767441860465,1032
9022001012173002,0.0,1056
9022001012173004,0.0,62
9022001012173005,0.0,63
9022001012175001,0.0,814
9022001012175002,0.004545454545454545,880
9022001012177001,0.0029069767441860465,1032
9022001012177002,0.0,1022
9022001012179001,0.002904162633107454,1033
9022001012179002,0.0,995
9022001012181001,0.0014822134387351778,2024
9022001012182002,0.0,1505
9022001012182003,0.0,1471
9022001012183001,0.0,231
9022001012183002,0.0,211
9022001012191001,0.0,2969
9022001012191002,0.0,2980
9022001012193001,0.0,2542
9022001012193002,0.0,2979
9022001012193003,0.0,462
9022001012195001,0.0,1649
9022001012195002,0.0,1543
9022001012197001,0.0,1626
9022001012197002,0.0,131
9022001012201001,0.0,1338
9022001012204001,0.0,661
9022001012204002,0.0,675
9022001012207001,0.0,673
9022001012207002,0.0,661
9022001012209001,0.0,673
9022001012209002,0.0,660
9022001012211001,0.0,675
9022001012211002,0.0,661
9022001012213001,0.0,2021
9022001012213002,0.0,1959
9022001012215001,0.0,2021
9022001012215002,0.0,1937
9022001012217001,0.0,225
9022001012217003,0.0,60
9022001012217004,0.0,736
9022001012217005,0.0,1152
9022001012217006,0.0002296211251435132,4355
9022001012217007,0.0,3465
9022001012217008,0.0,424
9022001012217009,0.0,491
9022001012217010,0.0,662
9022001012217011,0.0,1091
9022001012219001,0.0,2770
9022001012219002,0.0,2808
9022001012221001,0.0,862
9022001012221002,0.0,884
9022001012223001,0.0,878
9022001012223002,0.0,884
9022001012227001,0.0,230
9022001012227002,0.0,227
9022001012229001,0.0,220
9022001012248001,0.0026785714285714286,1120
9022001012248002,0.0008445945945945946,1184
9022001012252001,0.0,301
9022001012252002,0.0,321
9022001012253001,0.0,1530
9022001012253002,0.0006887052341597796,1452
9022001012255001,0.0,1560
9022001012255002,0.0006887052341597796,1452
9022001012257001,0.0,1502
9022001012257002,0.0,1432
9022001012261001,0.0,1573
9022001012261002,0.0,1464
9022001012263001,0.0,1544
9022001012263002,0.0,1460
9022001012267001,0.0,1523
9022001012267002,0.0,1473
9022001012269001,0.0,1239
9022001012269002,0.0,1456
9022001012271001,0.0,1245
9022001012271002,0.0,1259
9022001012273001,0.0,1244
9022001012273002,0.0,1233
9022001012275001,0.00644122383252818,1242
9022001012275002,0.003968253968253968,1260
9022001012277001,0.006436041834271922,1243
9022001012277002,0.004827031375703942,1243
9022001012279001,0.00644122383252818,1242
9022001012279002,0.005537974683544304,1264
9022001012281001,0.0,20
9022001012281002,0.0,21
9022001012287001,0.0,1580
9022001012287002,0.0006882312456985547,1453
9022001012289001,0.001670843776106934,1197
9022001012289002,0.002613240418118467,1148
9022001012293001,0.000946073793755913,1057
9022001012293002,0.002973240832507433,1009
9022001012293003,0.0,89
9022001012293004,0.0,131
9022001012298001,0.0,264
9022001012299001,0.0008417508417508417,1188
9022001012299002,0.00264783759929391,1133
9022001012301001,0.0,1282
9022001012301002,0.0,2323
9022001012301003,0.0,867
9022001012301004,0.0,840
9022001012301005,0.0,4977
9022001012301006,0.0,3385
9022001012302001,0.0,624
9022001012303001,0.0,865
9022001012303002,0.0,844
9022001012305001,0.0,875
9022001012305002,0.0,845
9022001012307001,0.0,881
9022001012308001,0.0,36
9022001012308002,0.0,845
9022001012309001,0.0,881
9022001012309002,0.0,882
9022001012311001,0.0,909
9022001012311002,0.0,886
9022001012313001,0.0,889
9022001012313002,0.0,885
9022001012315001,0.0,910
9022001012315002,0.0,899
9022001012317001,0.0,898
9022001012317002,0.0,872
9022001012320001,0.0,890
9022001012321001,0.0,922
9022001012325001,0.0011785503830288745,1697
9022001012325002,0.0030864197530864196,1620
9022001012327001,0.0017720023626698169,1693
9022001012327002,0.003078817733990148,1624
9022001012327003,0.0,1720
9022001012329001,0.0017878426698450535,1678
9022001012329002,0.0024875621890547263,1608
9022001012330001,0.002482929857231533,1611
9022001012330002,0.0017709563164108619,1694
9022001012331001,0.0011792452830188679,1696
9022001012331002,0.0025015634771732333,1599
9022001012338001,0.001176470588235294,850
9022001012338002,0.0007347538574577516,1361
9022001012340001,0.21983914209115282,746
9022001012340002,0.22013422818791947,745
9022001012346002,0.0002874389192296637,3479
9022001012346003,0.0,3408
9022001012349001,0.0,868
9022001012349002,0.0,919
9022001012351001,0.0,835
9022001012351003,0.00099601593625498,1004
9022001012402001,0.0,1098
9022001012403001,0.0,1097
9022001012404001,0.0,1096
9022001012405001,0.0,1098
9022001012408001,0.0,1097
9022001012409001,0.0,1111
9022001012410001,0.0,1123
9022001012411001,0.0,1099
9022001012413001,0.0,1099
9022001012418001,0.0009186954524575103,2177
9022001012418002,0.0,2193
9022001012427001,0.0,1198
9022001012427002,0.0,1179
9022001012429001,0.0,1194
9022001012431001,0.0,1904
9022001012431002,0.0,1986
9022001012433001,0.0,1960
9022001012433003,0.0,783
9022001012435001,0.0,1185
9022001012435002,0.0,1185
9022001012437001,0.0,1177
9022001012437002,0.0,1182
9022001012439001,0.0,1197
9022001012443001,0.0,849
9022001012445001,0.0,848
9022001012446001,0.0,41
9022001012446002,0.0,877
9022001012452001,0.0,2844
9022001012452002,0.0,2887
9022001012456001,0.0,1183
9022001012456002,0.0,1189
9022001012456003,0.0,1658
9022001012456004,0.0,1703
9022001012458001,0.0010452961672473868,5740
9022001012458002,0.0013740982480247338,5822
9022001012460001,0.0017369727047146402,4030
9022001012460002,0.001941276389225916,4121
9022001012463001,0.0,45
9022001012464001,0.0,1959
9022001012466001,0.0,1942
9022001012466002,0.0,1989
9022001012468001,0.0,1921
9022001012468002,0.0,1990
9022001012470001,0.0,1199
9022001012470002,0.0,1199
9022001012470003,0.0,787
9022001012470004,0.0,790
9022001012472002,0.0,833
9022001012473001,0.0,828
9022001012475001,0.0,852
9022001012476001,0.0,1201
9022001012476002,0.0,1196
9022001012477001,0.0,827
9022001012479001,0.0,848
9022001012481001,0.0,3141
9022001012481002,0.0,2131
9022001012482001,0.0,1176
9022001012482002,0.0,1200
9022001012484001,0.0,1953
9022001012484002,0.0,1990
9022001012486001,0.0,1182
9022001012489001,0.0,880
9022001012489002,0.0,40
9022001012496002,0.0,854
9022001012496003,0.0,103
9022001012496004,0.0,89
9022001012500001,0.0,40
9022001012500002,0.0,882
9022001012504001,0.012078510317060896,1987
9022001012504002,0.014550928248871048,1993
9022001012506001,0.001890359168241966,1058
9022001012506002,0.00651890482398957,1534
9022001012506004,0.0,1388
9022001012506005,0.0,61
9022001012506008,0.0,688
9022001012506009,0.0,1719
9022001012506011,0.0002564102564102564,3900
9022001012511001,0.0,2843
9022001012511002,0.0,2841
9022001012530001,0.0,1892
9022001012530002,0.0005633802816901409,3550
9022001012530003,0.0,3274
9022001012530004,0.0,1093
9022001012530005,0.000966183574879227,1035
9022001012533001,0.0003705075954057058,2699
9022001012533002,0.0008537279453614115,3514
9022001012537001,0.0019193857965451055,1042
9022001012537002,0.0009115770282588879,1097
9022001012540003,0.001563721657544957,1279
9022001012540004,0.000744047619047619,1344
9022001012557002,0.0022115739034279398,2713
9022001012563001,0.0,1301
9022001012563002,0.0,1306
9022001012569001,0.0,66
9022001012569002,0.0,61
9022001012579001,0.0,63
9022001012579002,0.0,65
9022001012583001,0.0,65
9022001012583002,0.0,65
9022001012585002,0.0,58
9022001012585003,0.0,60
9022001012587001,0.0,107
9022001012587002,0.0,99
9022001012589002,0.0,757
9022001012589003,0.0,2048
9022001012589004,0.0,3040
9022001012590001,0.0,69
9022001012590002,0.0,63
9022001012592001,0.0,75
9022001012592002,0.0,60
9022001012592006,0.0,1045
9022001012592007,0.0,804
9022001012905001,0.0,456
9022001012905002,0.0,428
9022001012907001,0.0,62
9022001012907002,0.0,47
9022001012909001,0.0,64
9022001012909002,0.0,48
9022001012911001,0.0,638
9022001012911002,0.0,683
9022001012911003,0.0,2750
9022001012912001,0.0,47
9022001012912002,0.0,65
9022001012977001,0.0,64
9022001012980001,0.0,299
9022001012980002,0.0,290
9022001013001001,0.0005367686527106817,1863
9022001013003001,0.0,911
9022001013003002,0.0,61
9022001013005001,0.0,936
9022001013005002,0.0,61
9022001013005003,0.00117096018735363,854
9022001013007001,0.0,922
9022001013007002,0.0010976948408342481,911
9022001013009001,0.0,927
9022001013009002,0.0010857763300760044,921
9022001013011001,0.0,946
9022001013011002,0.0011049723756906078,905
9022001013013001,0.0,1265
9022001013013002,0.0008058017727639,1241
9022001013015001,0.0,1278
9022001013015002,0.0007980845969672786,1253
9022001013017001,0.0,863
9022001013017002,0.0023781212841854932,841
9022001013017003,0.0,1237
9022001013017004,0.0,1158
9022001013019001,0.0,865
9022001013019002,0.0023837902264600714,839
9022001013021001,0.0,866
9022001013021002,0.0011655011655011655,858
9022001013021003,0.0,92
9022001013023001,0.0,867
9022001013023002,0.0023148148148148147,864
9022001013025001,0.0,872
9022001013025002,0.0011547344110854503,866
9022001013027001,0.0,860
9022001013027002,0.0023391812865497076,855
9022001013029001,0.001142857142857143,875
9022001013029002,0.0,862
9022001013031001,0.0010638297872340426,940
9022001013031002,0.0,935
9022001013033001,0.0022148394241417496,903
9022001013033002,0.0,900
9022001013035001,0.001049317943336831,953
9022001013035002,0.0,923
9022001013037001,0.0013630168105406633,2201
9022001013037002,0.0,2207
9022001013039001,0.0029154518950437317,686
9022001013039002,0.0,676
9022001013041001,0.0007473841554559044,1338
9022001013041002,0.0,1307
9022001013043001,0.00044483985765124553,2248
9022001013043002,0.0,2255
9022001013045001,0.0008916629514043691,2243
9022001013045002,0.0,2244
9022001013047001,0.0010712372790573112,1867
9022001013047002,0.0,1924
9022001013049001,0.0005296610169491525,1888
9022001013049002,0.0,1889
9022001013051001,0.0,1281
9022001013051002,0.0,3248
9022001013051003,0.001226993865030675,2445
9022001013051004,0.0,1384
9022001013051005,0.0009289363678588017,2153
9022001013051006,0.0,1418
9022001013051008,0.00047393364928909954,2110
9022001013051009,0.0009638554216867469,2075
9022001013053001,0.0,47
9022001013053002,0.0,69
9022001013055001,0.0004640371229698376,2155
9022001013055002,0.0,2102
9022001013057001,0.0,868
9022001013057002,0.0,856
9022001013059001,0.0,878
9022001013059002,0.0,868
9022001013061001,0.0021344717182497333,937
9022001013061002,0.0,910
9022001013063001,0.0,632
9022001013063002,0.0,627
9022001013063003,0.0,70
9022001013063004,0.0,62
9022001013065001,0.0,954
9022001013065002,0.0,913
9022001013065003,0.0,612
9022001013065004,0.0,2688
9022001013065005,0.0,638
9022001013067001,0.0,956
9022001013067002,0.0,921
9022001013069001,0.0,2072
9022001013069002,0.0,2109
9022001013071001,0.0,688
9022001013071002,0.0,727
9022001013073001,0.0,621
9022001013073002,0.0,612
9022001013075001,0.0,624
9022001013075002,0.0,637
9022001013077001,0.0,624
9022001013077002,0.0,637
9022001013079001,0.0,627
9022001013079002,0.0,626
9022001013081001,0.0015232292460015233,1313
9022001013081002,0.0,1306
9022001013083001,0.0020964360587002098,954
9022001013083002,0.0,901
9022001013086004,0.0005037783375314861,1985
9022001013086005,0.0034965034965034965,2002
9022001013091001,0.0,885
9022001013091002,0.0011655011655011655,858
9022001013093001,0.0,873
9022001013093002,0.0011655011655011655,858
9022001013095001,0.0,866
9022001013095002,0.00117096018735363,854
9022001013097001,0.0,868
9022001013097002,0.0011723329425556857,853
9022001013105001,0.0,2764
9022001013105002,0.0,2755
9022001013107001,0.0,2733
9022001013109001,0.0,2732
9022001013109002,0.0,2723
9022001013111001,0.0,2709
9022001013111002,0.0,2717
9022001013113001,0.0011883541295306002,1683
9022001013113002,0.0005955926146515784,1679
9022001013115001,0.0,970
9022001013117001,0.0,2717
9022001013117002,0.0,2727
9022001013119001,0.0,943
9022001013122001,0.0011682242990654205,856
9022001013122002,0.0,871
9022001013124001,0.0,2239
9022001013124002,0.0,2242
9022001013126001,0.0,2244
9022001013126002,0.0,2250
9022001013135001,0.0,729
9022001013135002,0.0,700
9022001013137001,0.0,739
9022001013137002,0.0,706
9022001013139001,0.0,727
9022001013139002,0.0,704
9022001013147001,0.0010712372790573112,1867
9022001013148001,0.0014074595355383533,1421
9022001013148002,0.0,1438
9022001013169001,0.0009583133684714902,2087
9022001013169002,0.0,2035
9022001013171002,0.0,2018
9022001013173001,0.0009578544061302681,2088
9022001013173002,0.0,2049
9022001013175001,0.0009578544061302681,2088
9022001013178001,0.000482392667631452,4146
9022001013179001,0.0012033694344163659,1662
9022001013179002,0.0005945303210463733,1682
9022001013182001,0.0,2046
9022001013191001,0.0,277
9022001013191002,0.0,256
9022001013193001,0.0,275
9022001013193002,0.0,254
9022001013211001,0.0,365
9022001013211002,0.0,388
9022001013213001,0.0,2352
9022001013213002,0.0,2240
9022001013215001,0.0,2354
9022001013215002,0.0,2244
9022001013215003,0.0,463
9022001013215004,0.0,393
9022001013217001,0.0,478
9022001013217002,0.0,383
9022001013219001,0.0005379236148466917,1859
9022001013219002,0.0,1814
9022001013235001,0.0,2251
9022001013235002,0.0011933174224343676,1676
9022001013235003,0.0,283
9022001013235004,0.0004784688995215311,4180
9022001013235006,0.0,1681
9022001013245001,0.0,465
9022001013247001,0.0,464
9022001013248001,0.0,464
9022001013249001,0.0,461
9022001013251001,0.0,763
9022001013253001,0.0,372
9022001013253002,0.0,399
9022001013255001,0.0,447
9022001013255002,0.0,461
9022001013257001,0.0,379
9022001013257002,0.0,400
9022001013259001,0.0,388
9022001013259002,0.0,398
9022001013261001,0.0,370
9022001013261002,0.0,398
9022001013264002,0.0,424
9022001013264003,0.0015961691939345571,2506
9022001013264004,0.0,2945
9022001013264005,0.0,429
9022001013264006,0.0,200
9022001013264008,0.0,186
9022001013266001,0.0,882
9022001013266002,0.0006418485237483953,1558
9022001013266004,0.0,1258
9022001013266006,0.0,1906
9022001013266008,0.0,1281
9022001013266009,0.0,4276
9022001013267001,0.0,1119
9022001013267002,0.0,1104
9022001013269001,0.0,1019
9022001013269002,0.0,1025
9022001013269003,0.0,394
9022001013269004,0.0016286644951140066,614
9022001013273001,0.0,383
9022001013273002,0.0,398
9022001013275001,0.0,389
9022001013275002,0.0,402
9022001013277001,0.0,377
9022001013277002,0.0,406
9022001013279001,0.0,375
9022001013279002,0.0,402
9022001013281001,0.0,375
9022001013281002,0.0,406
9022001013283001,0.0,386
9022001013283002,0.0,417
9022001013285001,0.0,378
9022001013285002,0.0,408
9022001013287001,0.0,382
9022001013287002,0.0,399
9022001013289001,0.0,377
9022001013289002,0.0,404
9022001013291001,0.0,384
9022001013291002,0.0,402
9022001013293001,0.0,366
9022001013293002,0.004901960784313725,408
9022001013295001,0.0,376
9022001013295002,0.0024509803921568627,408
9022001013297001,0.0,366
9022001013297002,0.004705882352941176,425
9022001013299001,0.0,389
9022001013299002,0.0048543689320388345,412
9022001013302001,0.0049382716049382715,405
9022001013302002,0.0,384
9022001013304001,0.0,1307
9022001013304002,0.0016012810248198558,1249
9022001013306001,0.0,410
9022001013306002,0.0,383
9022001013308001,0.0,414
9022001013308002,0.0,381
9022001013310001,0.0,412
9022001013310002,0.0,382
9022001013312001,0.0,425
9022001013313001,0.0,707
9022001013313002,0.0,458
9022001013315001,0.0,1049
9022001013316001,0.0,1122
9022001013317001,0.0,1045
9022001013317002,0.0,1109
9022001013319001,0.0,743
9022001013319002,0.0,455
9022001013321001,0.0,1115
9022001013321002,0.0,126
9022001013321004,0.0,1049
9022001013323001,0.0003663003663003663,2730
9022001013323002,0.0007217610970768675,2771
9022001013325001,0.0,2362
9022001013325002,0.0007052186177715092,1418
9022001013325003,0.0002872737719046251,3481
9022001013325004,0.0,1295
9022001013325005,0.0,1589
9022001013327001,0.0,635
9022001013327002,0.0,637
9022001013330001,0.0,1907
9022001013330002,0.0005230125523012552,1912
9022001013335001,0.0,1139
9022001013335002,0.0,1158
9022001013338001,0.0,572
9022001013338002,0.0,1255
9022001013338003,0.00038955979742890534,2567
9022001013338004,0.0,683
9022001013338005,0.0,693
9022001013338006,0.0014234875444839859,1405
9022001013342002,0.0,630
9022001013342003,0.0,632
9022001013345001,0.0,739
9022001013345002,0.0,701
9022001013347001,0.000984251968503937,1016
9022001013347002,0.0009727626459143969,1028
9022001013349001,0.0,62
9022001013350001,0.0002944640753828033,3396
9022001013350002,0.0,3341
9022001013351001,0.0,62
9022001013352001,0.0,1252
9022001013352002,0.0010416666666666667,960
9022001013352003,0.004016064257028112,996
9022001013355001,0.0,646
9022001013357001,0.0,639
9022001013357002,0.0,628
9022001013359001,0.0,632
9022001013359002,0.0,630
9022001013361001,0.0,1867
9022001013361002,0.0,1816
9022001013363001,0.0,1874
9022001013363002,0.0,1796
9022001013365001,0.0,638
9022001013365002,0.0,628
9022001013367001,0.0,623
9022001013367002,0.0,627
9022001013369001,0.0,625
9022001013369002,0.0,626
9022001013373001,0.0,710
9022001013373002,0.0,664
9022001013375001,0.0,635
9022001013375002,0.0,633
9022001013379001,0.0,2474
9022001013379002,0.0,2592
9022001013381001,0.0,2278
9022001013381002,0.0,2313
9022001013381003,0.0031545741324921135,634
9022001013381004,0.0,654
9022001013383001,0.0,1212
9022001013383002,0.0,1250
9022001013385001,0.0,1210
9022001013385002,0.0,1250
9022001013387001,0.0,1211
9022001013387002,0.0,1253
9022001013389001,0.0,1439
9022001013389002,0.0,1435
9022001013391001,0.0,631
9022001013391002,0.0,636
9022001013395001,0.0,1204
9022001013395002,0.0,1251
9022001013397001,0.0,1516
9022001013397002,0.0,1524
9022001013401001,0.0025329280648429585,1974
9022001013401002,0.0008220304151253596,2433
9022001013401003,0.0,2510
9022001013401005,0.0,497
9022001013401006,0.0,1858
9022001013401007,0.0,1253
9022001013403001,0.00044662795891022776,2239
9022001013403002,0.0018298261665141812,2186
9022001013405001,0.001049317943336831,953
9022001013405002,0.004008016032064128,998
9022001013407001,0.000999000999000999,1001
9022001013407002,0.004024144869215292,994
9022001013409001,0.0010050251256281408,995
9022001013409002,0.004020100502512563,995
9022001013411001,0.0010183299389002036,982
9022001013411002,0.004004004004004004,999
9022001013413001,0.00102880658436214,972
9022001013413002,0.004016064257028112,996
9022001013417001,0.0006261740763932373,1597
9022001013417002,0.004036326942482341,991
9022001013419001,0.0010090817356205853,991
9022001013419002,0.004073319755600814,982
9022001013421001,0.0010395010395010396,962
9022001013421002,0.004048582995951417,988
9022001013423001,0.0010193679918450561,981
9022001013423002,0.004106776180698152,974
9022001013425001,0.00102880658436214,972
9022001013425002,0.0040609137055837565,985
9022001013427001,0.0010152284263959391,985
9022001013427002,0.004056795131845842,986
9022001013429001,0.001002004008016032,998
9022001013429002,0.004036326942482341,991
9022001013431001,0.0010298661174047373,971
9022001013431002,0.00411522633744856,972
9022001013431003,0.0,1248
9022001013433001,0.00032776138970829236,3051
9022001013433002,0.0012911555842479018,3098
9022001013440001,0.0018682858477347033,2141
9022001013441001,0.0006418485237483953,3116
9022001013441002,0.0,3131
9022001013443001,0.0,1744
9022001013443002,0.0,1716
9022001013445001,0.0,2993
9022001013445002,0.0,3008
9022001013447001,0.0,2998
9022001013447002,0.0,2983
9022001013449001,0.0,4298
9022001013449002,0.00023781212841854935,4205
9022001013449003,0.0,1239
9022001013451001,0.0,1838
9022001013451002,0.0,1818
9022001013453001,0.001142857142857143,1750
9022001013453002,0.0,1731
9022001013455001,0.0010706638115631692,1868
9022001013455002,0.0,1830
9022001013457001,0.0010224948875255625,978
9022001013457002,0.004056795131845842,986
9022001013465001,0.0,1863
9022001013465002,0.0,1847
9022001013467001,0.0,1860
9022001013467002,0.0,1810
9022001013469001,0.0,383
9022001013469002,0.0,408
9022001013471001,0.0,383
9022001013471002,0.0,407
9022001013474001,0.0,404
9022001013474002,0.0,384
9022001013476001,0.0,801
9022001013483001,0.0,1238
9022001013483002,0.0,1201
9022001013485001,0.0,1238
9022001013485002,0.0,1189
9022001013487001,0.0,283
9022001013487002,0.0,264
9022001013491001,0.0,1102
9022001013491002,0.0,1069
9022001013493001,0.0,1114
9022001013493002,0.0,1045
9022001013495001,0.0,1111
9022001013495002,0.0,1046
9022001013502001,0.0,49
9022001013505001,0.0,936
9022001013505002,0.0,2344
9022001013507001,0.0,1389
9022001013509001,0.0,1394
9022001013509002,0.0,1381
9022001013511001,0.0,1401
9022001013511002,0.0,1388
9022001013513001,0.0,1393
9022001013513002,0.0,1376
9022001013515001,0.0,1402
9022001013515002,0.0,1377
9022001013517001,0.0,1400
9022001013517002,0.0,1384
9022001013519001,0.0,1397
9022001013521001,0.0,1400
9022001013521002,0.0,1403
9022001013549003,0.0,989
9022001013549004,0.0,1370
9022001013549005,0.0,61
9022001013549006,0.0,63
9022001013549009,0.0,420
9022001013551001,0.0,986
9022001013551002,0.0,975
9022001013551003,0.0,829
9022001013551004,0.0,765
9022001013553001,0.0,986
9022001013553002,0.0,977
9022001013555001,0.0,983
9022001013555002,0.0,968
9022001013559001,0.0,988
9022001013559002,0.0,997
9022001013561001,0.0,1416
9022001013561002,0.0006891798759476223,1451
9022001013565001,0.0,1262
9022001013565002,0.0,1166
9022001013567001,0.0,1267
9022001013567002,0.0,1163
9022001013569001,0.0,1258
9022001013569002,0.0,1158
9022001013579001,0.0009587727708533077,1043
9022001013579002,0.0009652509652509653,1036
9022001013581001,0.0,470
9022001013581002,0.0,454
9022001013587001,0.00021204410517387616,4716
9022001013587002,0.00041322314049586776,4840
9022001013592001,0.0,1430
9022001013592002,0.0006915629322268327,1446
9022001013594001,0.0,1435
9022001013594002,0.0006949270326615705,1439
9022001013602001,0.0009718172983479105,1029
9022001013602002,0.000966183574879227,1035
9022001013602003,0.0,9961
9022001013602004,0.0002889338341519792,10383
9022001013604001,0.0,1434
9022001013605001,0.0003104625892579944,3221
9022001013605002,0.0006335128286347799,3157
9022001013607001,0.0,1509
9022001013607002,0.00129366106080207,1546
9022001013609001,0.0003916960438699569,2553
9022001013609002,0.001170046801872075,2564
9022001013611001,0.0003933910306845004,2542
9022001013611002,0.0011682242990654205,2568
9022001013613001,0.00039154267815191856,2554
9022001013613002,0.0003904724716907458,2561
9022001013615001,0.00039308176100628933,2544
9022001013615002,0.0003912363067292645,2556
9022001013617001,0.0003944773175542406,2535
9022001013617002,0.00039093041438623924,2558
9022001013619001,0.0003952569169960474,2530
9022001013619002,0.0003852080123266564,2596
9022001013621001,0.0003916960438699569,2553
9022001013621002,0.0003913894324853229,2555
9022001013624001,0.0,1448
9022001013624002,0.0009208103130755065,1086
9022001013624003,0.0003878975950349108,2578
9022001013627001,0.0009124087591240876,1096
9022001013627002,0.0,1094
9022001013627003,0.0,431
9022001013629001,0.0005810575246949448,1721
9022001013629002,0.0,2101
9022001013631001,0.0,108
9022001013631002,0.0,354
9022001013633001,0.0,108
9022001013633002,0.0,353
9022001013647001,0.0,2741
9022001013647002,0.0004268032437046522,2343
9022001013652001,0.0,41
9022001013653001,0.0,37
9022001013654001,0.0,34
9022001013655001,0.0,37
9022001013656001,0.0,39
9022001013657001,0.0,39
9022001013658001,0.0,39
9022001013659001,0.0,40
9022001013660001,0.0,38
9022001013661001,0.0,42
9022001013662001,0.0,39
9022001013663001,0.0,425
9022001013701001,0.0,415
9022001013702001,0.0,412
9022001013702002,0.0,422
9022001013702003,0.0,417
9022001013706001,0.0,415
9022001013707002,0.0,426
9022001013709001,0.0,892
9022001013709002,0.0,1313
9022001013709003,0.0,371
9022001013711001,0.0,1253
9022001013711002,0.0,1692
9022001013713001,0.00030084235860409147,3324
9022001013713002,0.0,3553
9022001013715001,0.00029994001199760045,3334
9022001013715002,0.0,3487
9022001013717001,0.00026867275658248256,3722
9022001013717002,0.0,4059
9022001013721001,0.0,1327
9022001013721002,0.001579778830963665,1266
9022001013723001,0.0,1018
9022001013723002,0.0,1042
9022001013738001,0.0,1699
9022001013738002,0.0,1254
9022001013751001,0.0,1066
9022001013751002,0.0,1043
9022001013755001,0.0,480
9022001013755002,0.0,396
9022001013757001,0.0,475
9022001013759001,0.0,578
9022001013759002,0.0,385
9022001013763001,0.0,492
9022001013763002,0.0,385
9022001013769001,0.0,255
9022001013769002,0.0008503401360544217,2352
9022001013769003,0.0,2057
9022001013801001,0.0,969
9022001013801002,0.0,1005
9022001013803001,0.0,973
9022001013803002,0.0,977
9022001013805001,0.0,963
9022001013805002,0.0,1004
9022001013807001,0.0,1001
9022001013807002,0.0,983
9022001013809001,0.0,969
9022001013809002,0.0,988
9022001013811001,0.0,995
9022001013811002,0.0,1010
9022001013815001,0.0,985
9022001013815002,0.0,989
9022001013823001,0.0,62
9022001013823002,0.0,47
9022001013829001,0.0,1212
9022001013829002,0.0,1217
9022001013831001,0.0,1183
9022001013831002,0.0,1237
9022001013833001,0.0,1212
9022001013833002,0.0,1262
9022001013835001,0.0,1867
9022001013835002,0.0,1869
9022001013845001,0.0007886435331230284,1268
9022001013845002,0.0,1272
9022001013847001,0.001584786053882726,1262
9022001013847002,0.0,1253
9022001013851001,0.0,1869
9022001013851002,0.0,1856
9022001013855001,0.0,1176
9022001013855002,0.0,1248
9022001013857001,0.0,1185
9022001013857002,0.0,1227
9022001013859001,0.0,1240
9022001013859002,0.0,1301
9022001013861002,0.0011534025374855825,1734
9022001013861003,0.0,1174
9022001013861004,0.0,606
9022001013863001,0.0,555
9022001013863002,0.003527336860670194,567
9022001013864001,0.0,164
9022001013866001,0.0,167
9022001013868001,0.0,154
9022001013871001,0.0,59
9022001013871002,0.0,64
9022001013874001,0.0,224
9022001013877001,0.0,62
9022001013877002,0.0,63
9022001013879001,0.0,180
9022001013879002,0.002916869227029655,2057
9022001013879003,0.003260869565217391,1840
9022001013881001,0.0,443
9022001013881002,0.0,412
9022001013883001,0.0,123
9022001013883002,0.0,120
9022001013884001,0.0,1253
9022001013884002,0.0,1225
9022001013885001,0.0,57
9022001013885002,0.0,63
9022001013886001,0.0,63
9022001013886002,0.0,64
9022001013887001,0.0,56
9022001013887002,0.0,65
9022001013888002,0.0,62
9022001013888003,0.0,62
9022001013903001,0.0,1291
9022001013903002,0.0005197505197505198,1924
9022001013905001,0.0,1665
9022001013905002,0.0,1681
9022001013907001,0.0,1698
9022001013907002,0.0005945303210463733,1682
9022001013961002,0.0,396
9022001013961003,0.0032258064516129032,620
9022001014003001,0.0,1259
9022001014003002,0.0,1308
9022001014005002,0.0,1373
9022001014005003,0.0,1341
9022001014007001,0.0,654
9022001014007002,0.0,665
9022001014009001,0.0,652
9022001014009002,0.0,673
9022001014011001,0.0,855
9022001014011002,0.0,872
9022001014013001,0.0,843
9022001014025001,0.0,1236
9022001014025002,0.0,1229
9022001014027001,0.0,1238
9022001014027002,0.0,1249
9022001014029001,0.0,1712
9022001014029002,0.0,1703
9022001014033001,0.0,1257
9022001014033002,0.0,1245
9022001014033003,0.0,461
9022001014033004,0.0,427
9022001014039001,0.0,1254
9022001014039002,0.0008250825082508251,1212
9022001014041001,0.0,1252
9022001014041002,0.0008097165991902834,1235
9022001014043001,0.0,1255
9022001014043002,0.0,1263
9022001014059001,0.0,1140
9022001014059002,0.0,1138
9022001014061001,0.0,1137
9022001014061002,0.0,1139
9022001014063001,0.0,1138
9022001014063002,0.0,1138
9022001014066001,0.0,1136
9022001014066002,0.0,1141
9022001014068001,0.0,2002
9022001014068002,0.0,1998
9022001014071002,0.0,2438
9022001014071003,0.0,2396
9022001014131002,0.000992227550851662,6047
9022001014131006,0.0,232
9022001014131007,0.0,1334
9022001014131008,0.0008156606851549756,1226
9022001014131009,0.0,1122
9022001014131010,0.0,191
9022001014131012,0.0,1644
9022001014131013,0.0024737167594310453,1617
9022001014131014,0.0,795
9022001014131017,0.011834319526627219,169
9022001014131020,0.0,1372
9022001015303001,0.0,3172
9022001015303002,0.0,3244
9022001015305001,0.000315059861373661,3174
9022001015305002,0.0,3233
9022001015307001,0.0009433962264150943,3180
9022001015307002,0.0,3261
9022001015309001,0.0014035087719298245,2850
9022001015309002,0.0,2898
9022001015309003,0.0,896
9022001015309004,0.0,855
9022001015311001,0.0010626992561105207,2823
9022001015311002,0.0,2896
9022001015311003,0.0,587
9022001015311004,0.0,567
9022001015313001,0.0010359116022099447,2896
9022001015313002,0.0,2946
9022001015315001,0.0010449320794148381,2871
9022001015315002,0.0,2930
9022001015317001,0.0010402219140083217,2884
9022001015317002,0.0,2913
9022001015319001,0.001052262364082778,2851
9022001015321001,0.0011066027296200663,2711
9022001015321003,0.0,1415
9022001015321004,0.0,1432
9022001015323001,0.0008253094910591472,3635
9022001015323002,0.0,3982
9022001015323003,0.0,119
9022001015325001,0.0,3891
9022001015325002,0.0005128205128205128,3900
9022001015327001,0.0,3888
9022001015327002,0.0005129520389843549,3899
9022001015329001,0.0,3095
9022001015329002,0.0003244646333549643,3082
9022001015331001,0.0,3101
9022001015331002,0.00039478878799842083,2533
9022001015333001,0.0,1179
9022001015333002,0.0005211047420531526,1919
9022001015333004,0.0016597510373443983,1205
9022001015335001,0.0,1177
9022001015335002,0.0008382229673093043,1193
9022001015337001,0.0,1178
9022001015337002,0.0,1166
9022001015339001,0.0,3754
9022001015341001,0.0,1183
9022001015341002,0.0,1170
9022001015342001,0.0,1347
9022001015342002,0.0,1361
9022001015344001,0.0,2636
9022001015344002,0.0,1455
9022001015344004,0.0,1440
9022001015345001,0.0,554
9022001015345002,0.0,561
9022001015347001,0.0,559
9022001015347002,0.0,558
9022001015349001,0.0,552
9022001015349002,0.0,564
9022001015352001,0.0,1614
9022001015352002,0.0,444
9022001015352003,0.0,446
9022001015353001,0.0,557
9022001015353002,0.0,566
9022001015355001,0.0,558
9022001015355002,0.0,555
9022001015357001,0.0,562
9022001015357002,0.0,554
9022001015359001,0.0,620
9022001015359002,0.0,599
9022001015361001,0.0,621
9022001015361002,0.0,591
9022001015364001,0.0,1226
9022001015365001,0.0,621
9022001015365002,0.0,592
9022001015368001,0.0,110
9022001015371001,0.0,1328
9022001015371002,0.0,1361
9022001015373001,0.0,1330
9022001015373002,0.0,1363
9022001015377001,0.0,1334
9022001015377002,0.0,1364
9022001015381001,0.0,1325
9022001015381002,0.0,1367
9022001015383002,0.0,1359
9022001015405001,0.0,875
9022001015405002,0.0,872
9022001015407002,0.0,1121
9022001015409001,0.0,291
9022001015409002,0.0,247
9022001015411001,0.0,305
9022001015411002,0.0,281
9022001015413001,0.0,314
9022001015413002,0.0,282
9022001015415001,0.0,238
9022001015415002,0.0,289
9022001015415003,0.0,418
9022001015415004,0.0,342
9022001015417001,0.0,415
9022001015417002,0.0,409
9022001015419001,0.0,418
9022001015419002,0.0,415
9022001015421001,0.0,415
9022001015421002,0.0,406
9022001015424001,0.0,731
9022001015427001,0.0,898
9022001015427002,0.0,865
9022001015431001,0.0,332
9022001015431002,0.0,330
9022001015447001,0.0,562
9022001015447002,0.0,561
9022001015449001,0.0,560
9022001015449002,0.0,559
9022001015455001,0.0,562
9022001015455002,0.0,556
9022001015457001,0.0,561
9022001015457002,0.0,573
9022001015459001,0.0,561
9022001015459002,0.0,551
9022001015462001,0.0,1119
9022001015463001,0.0,569
9022001015463002,0.0,565
9022001015466001,0.0,568
9022001015466002,0.0,588
9022001015490001,0.0,330
9022001015490002,0.0,322
9022001015501001,0.0,1184
9022001015501002,0.0,1185
9022001015503001,0.0,1186
9022001015503003,0.0,954
9022001015509001,0.0,1273
9022001015509002,0.0,1232
9022001015511001,0.0,1099
9022001015511002,0.0,1062
9022001015514001,0.0,1092
9022001015514002,0.0,1069
9022001015516001,0.0,1166
9022001015518001,0.001584786053882726,1262
9022001015520001,0.0008143322475570033,1228
9022001015520002,0.0008319467554076539,1202
9022001015522001,0.0,153
9022001015522002,0.0,138
9022001015524001,0.0,56
9022001015524002,0.0,66
9022001015525001,0.0,142
9022001015525002,0.0,149
9022001015529001,0.0,739
9022001015529002,0.0,363
9022001015529003,0.0,698
9022001015529004,0.0,715
9022001015533001,0.0,697
9022001015533002,0.0,701
9022001015535001,0.0,688
9022001015535002,0.0,710
9022001015537001,0.0,366
9022001015537002,0.0,378
9022001015539001,0.0,366
9022001015539002,0.0,372
9022001015541001,0.0,367
9022001015541002,0.0,369
9022001015543001,0.0,365
9022001015543002,0.0,383
9022001015545001,0.0,367
9022001015545002,0.0,383
9022001015547001,0.0,367
9022001015547002,0.0,379
9022001015549001,0.0,365
9022001015549002,0.0,383
9022001015551001,0.0,368
9022001015551002,0.0,382
9022001015554001,0.0,746
9022001015555001,0.0,737
9022001015555002,0.0,750
9022001015557001,0.0,739
9022001015557002,0.0,743
9022001015560001,0.0,753
9022001015562001,0.0,38
9022001015563001,0.0,66
9022001015563002,0.0,58
9022001015566001,0.0,60
9022001015566002,0.0,66
9022001015568001,0.0,124
9022001015569001,0.0,66
9022001015569002,0.0,55
9022001015571001,0.0,151
9022001015571002,0.0,137
9022001015573001,0.0,143
9022001015573002,0.0,159
9022001015575001,0.0,139
9022001015575002,0.0,141
9022001015577001,0.0,131
9022001015577002,0.0,153
9022001015578001,0.0,258
9022001015578002,0.0,183
9022001015579001,0.0,134
9022001015579002,0.0,157
9022001015580001,0.0,105
9022001015580002,0.0,179
9022001015582001,0.0,134
9022001015582002,0.0,149
9022001015583001,0.0,322
9022001015583002,0.0,327
9022001015585001,0.0,338
9022001015585002,0.0,333
9022001015589001,0.0,339
9022001015589002,0.0,339
9022001015591001,0.0,337
9022001015591002,0.0,323
9022001015593001,0.0,330
9022001015593002,0.0,328
9022001015595001,0.0,324
9022001015595002,0.0,338
9022001015597001,0.0,340
9022001015597002,0.0,337
9022001015599001,0.0,331
9022001015599002,0.0,326
9022001015601001,0.0,316
9022001015601002,0.0,336
9022001015605001,0.0,320
9022001015605002,0.0,330
9022001015607001,0.0,318
9022001015607002,0.0,325
9022001015609001,0.0,320
9022001015609002,0.0,333
9022001015611001,0.0,318
9022001015611002,0.0,326
9022001015613001,0.0,322
9022001015615001,0.0,320
9022001015615002,0.0,333
9022001015617001,0.0,322
9022001015617002,0.0,318
9022001015619001,0.0,321
9022001015619002,0.0,329
9022001015621002,0.0,375
9022001015621003,0.0,387
9022001015623001,0.0,374
9022001015623002,0.0,322
9022001015625001,0.0,376
9022001015625002,0.0,399
9022001015627002,0.0,986
9022001015634001,0.0,155
9022001015634002,0.0,134
9022001015635001,0.0,66
9022001015635002,0.0,55
9022001015636001,0.0,157
9022001015636002,0.0,136
9022001015638001,0.0,153
9022001015638002,0.0,129
9022001015639001,0.0,66
9022001015640001,0.0,157
9022001015640002,0.0,138
9022001015641001,0.0,322
9022001015641002,0.0,329
9022001015642001,0.0,159
9022001015642002,0.0,137
9022001015643001,0.0,320
9022001015643002,0.0,338
9022001015644001,0.0,190
9022001015644002,0.0,100
9022001015645001,0.0,374
9022001015645002,0.0,404
9022001015646001,0.0,151
9022001015646002,0.0,138
9022001015648001,0.0,147
9022001015648002,0.0,101
9022001015650001,0.0,149
9022001015650002,0.0,139
9022001015652001,0.0,147
9022001015652002,0.0,133
9022001015663001,0.0,156
9022001015663002,0.0,139
9022001015665001,0.0,247
9022001015665002,0.0,244
9022001015667001,0.0,237
9022001015667002,0.0,240
9022001015670001,0.0,247
9022001015672001,0.0,1946
9022001015672002,0.0,2302
9022001015673001,0.0,204
9022001015673002,0.0,213
9022001015675001,0.0,203
9022001015675002,0.0,213
9022001015677001,0.0,202
9022001015677002,0.0,213
9022001015679001,0.0,202
9022001015679002,0.0,213
9022001015681001,0.0,203
9022001015681002,0.0,213
9022001015683001,0.0,203
9022001015683002,0.0,213
9022001015685001,0.0,203
9022001015685002,0.0,209
9022001015687001,0.0,203
9022001015687002,0.0,213
9022001015689001,0.0,202
9022001015689002,0.0,213
9022001015691001,0.0,203
9022001015691002,0.0,212
9022001015693001,0.0,240
9022001015694001,0.0,243
9022001015695001,0.0,288
9022001015695002,0.0,328
9022001015696001,0.0,233
9022001015698001,0.0,239
9022001015702001,0.0,415
9022001015703001,0.0,1416
9022001015703002,0.0,1417
9022001015705001,0.0,1426
9022001015705002,0.0,1409
9022001015707001,0.0,1445
9022001015707002,0.0,1408
9022001015709001,0.0,1435
9022001015709002,0.0,1426
9022001015711001,0.0,1428
9022001015711002,0.0,1405
9022001015713001,0.0,1425
9022001015713002,0.0,1415
9022001015717001,0.0,464
9022001015717002,0.0,470
9022001015719001,0.0,269
9022001015719002,0.0,270
9022001015721001,0.0,252
9022001015721002,0.0,271
9022001015723001,0.0,261
9022001015723002,0.0,272
9022001015725001,0.0,259
9022001015725002,0.0,273
9022001015727001,0.0,262
9022001015727003,0.0,541
9022001015741001,0.0,255
9022001015741002,0.0,272
9022001015743001,0.0,36
9022001015745001,0.0,404
9022001015745002,0.0,394
9022001015747001,0.0,457
9022001015747002,0.0,466
9022001015747004,0.0,3
9022001015749001,0.0,458
9022001015749002,0.0,470
9022001015751001,0.0,463
9022001015751002,0.0,462
9022001015753001,0.0,455
9022001015753002,0.0,494
9022001015755001,0.0,520
9022001015755003,0.0,448
9022001015755004,0.0,203
9022001015757001,0.0,529
9022001015757002,0.0,523
9022001015760001,0.0,141
9022001015760002,0.0,128
9022001015762001,0.0,536
9022001015765001,0.0,429
9022001015765002,0.0,469
9022001015767001,0.0,442
9022001015767002,0.0,470
9022001015769001,0.0,673
9022001015769002,0.0,747
9022001015771001,0.0,372
9022001015771002,0.0,415
9022001015773001,0.0,381
9022001015773002,0.0,424
9022001015775001,0.0,374
9022001015775002,0.0,415
9022001015777001,0.0,376
9022001015777002,0.0,418
9022001015779001,0.0,374
9022001015779002,0.0,422
9022001015781001,0.0,374
9022001015781002,0.0,413
9022001015784001,0.0,247
9022001015784002,0.0,126
9022001015784003,0.0,432
9022001015785001,0.0,248
9022001015785002,0.0,248
9022001015788001,0.0,490
9022001015790001,0.0,193
9022001015790002,0.0,195
9022001015792001,0.0,270
9022001015792002,0.0,260
9022001015803001,0.0,1440
9022001015803002,0.0,1440
9022001015805001,0.0,1440
9022001015805002,0.0,1405
9022001015807001,0.0,1447
9022001015807002,0.0,1439
9022001015809001,0.0,1431
9022001015809002,0.0,1452
9022001015811001,0.0,1579
9022001015811002,0.0,1580
9022001015813001,0.0,1582
9022001015813002,0.0,1564
9022001015815001,0.0,1582
9022001015815002,0.0,1566
9022001015818002,0.0,1597
9022001015818003,0.0,1588
9022001015821001,0.0,400
9022001015821002,0.0,413
9022001015823001,0.0,404
9022001015823002,0.0,409
9022001015825001,0.0,406
9022001015825002,0.0,418
9022001015832001,0.0,34
9022001015835001,0.0,272
9022001015835002,0.0,280
9022001015837001,0.0,263
9022001015837002,0.0,273
9022001015839001,0.0,260
9022001015839002,0.0,282
9022001015841001,0.0,252
9022001015841002,0.0,275
9022001015843001,0.0,264
9022001015843002,0.0,275
9022001015845001,0.0,276
9022001015845002,0.0,268
9022001015847001,0.0,265
9022001015847002,0.0,277
9022001015849001,0.0,261
9022001015849002,0.0,265
9022001015851001,0.0,260
9022001015851002,0.0,266
9022001015853001,0.0,261
9022001015853002,0.0,279
9022001015855001,0.0,265
9022001015855002,0.0,258
9022001015857002,0.0,321
9022001015859001,0.0,340
9022001015859002,0.0,330
9022001015861001,0.0,351
9022001015861002,0.0,338
9022001015863001,0.0,318
9022001015863002,0.0,332
9022001015865001,0.0,318
9022001015865002,0.0,337
9022001015867001,0.0,293
9022001015867002,0.0,312
9022001015869001,0.0,290
9022001015869002,0.0,299
9022001015871001,0.0,290
9022001015871002,0.0,304
9022001015875001,0.0,263
9022001015875002,0.0,262
9022001015877001,0.0,263
9022001015877002,0.0,272
9022001015879001,0.0,263
9022001015879002,0.0,274
9022001015881001,0.0,263
9022001015881002,0.0,268
9022001015883001,0.0,263
9022001015883002,0.0,271
9022001015886001,0.0,540
9022001015887001,0.0,263
9022001015887002,0.0,264
9022001015889001,0.0,128
9022001015889002,0.0,133
9022001015893001,0.0,120
9022001015893002,0.0,179
9022001015895001,0.0,126
9022001015895002,0.0,183
9022001015897001,0.0,127
9022001015897002,0.0,185
9022001015899001,0.0,293
9022001015899002,0.0,302
9022001015901001,0.0,263
9022001015901002,0.0,268
9022001015903001,0.0,364
9022001015903002,0.0,408
9022001016703001,0.0,72
9022001016705001,0.0,72
9022001016707001,0.0,80
9022001016709001,0.0,80
9022001016711001,0.0,73
9022001016713001,0.0,74
9022001016715001,0.0,74
9022001016719001,0.0,76
9022001016721001,0.0,87
9022001016723001,0.0,81
9022001016725001,0.0,77
9022001016727001,0.0,80
9022001016728001,0.0,77
9022001016729001,0.0,74
9022001016730001,0.0,80
9022001016730002,0.0,76
9022001016733001,0.0,72
9022001016735001,0.0,85
9022001016736002,0.0,78
9022001016738002,0.01282051282051282,78
9022001016740002,0.013513513513513514,74
9022001016742002,0.012987012987012988,77
9022001016746001,0.0,83
9022001016748001,0.0,81
9022001016750001,0.012048192771084338,83
9022001016752001,0.012658227848101266,79
9022001016752002,0.012345679012345678,81
9022001016754001,0.011764705882352941,85
9022001016754002,0.012048192771084338,83
9022001016756001,0.011764705882352941,85
9022001016756002,0.012195121951219513,82
9022001016758001,0.012048192771084338,83
9022001016759001,0.011235955056179775,89
9022001017043001,0.0,1080
9022001017134001,0.0,919
9022001017134002,0.0,926
9022001017304001,0.0,123
9022001017304002,0.0,121
9022001017460001,0.0,167
9022001017460002,0.0,147
9022001020001001,0.0,555
9022001020001002,0.0,563
9022001020003001,0.0,886
9022001020003002,0.0,888
9022001020021001,0.0,4375
9022001020021002,0.0,3795
9022001020021003,0.041666666666666664,576
9022001020031001,0.0,4276
9022001020031002,0.0,4296
9022001020041001,0.0,4531
9022001020041002,0.0,4364
9022001020043001,0.0,1063
9022001020043002,0.0,1126
9022001020051001,0.0,1404
9022001020051002,0.0,1407
9022001020061001,0.0,1406
9022001020061002,0.0,1401
9022001020071001,0.0,948
9022001020071002,0.0,950
9022001020071003,0.0,461
9022001020071004,0.0,460
9022001020081001,0.0,947
9022001020081002,0.0,961
9022001020091001,0.0,947
9022001020091002,0.0,970
9022001020101001,0.0,910
9022001020101002,0.0,899
9022001020111001,0.002197802197802198,910
9022001020111002,0.0,914
9022001020121001,0.0021953896816684962,911
9022001020121002,0.0,910
9022001020131001,0.0022002200220022,909
9022001020131002,0.0,893
9022001020141001,0.002197802197802198,910
9022001020141002,0.0,904
9022001020152001,0.001100715465052284,1817
9022001020161001,0.0,38
9022001020161002,0.0,50
9022001020163001,0.0,84
9022001020211001,0.0,1073
9022001020211002,0.0,1127
9022001020221001,0.0,1577
9022001020221002,0.0,1637
9022001020231002,0.0,1614
9022001020231003,0.0,1268
9022001020231004,0.0,542
9022001020241001,0.0,1297
9022001020241002,0.0,1254
9022001020251001,0.0,1232
9022001020251002,0.0,1197
9022001020261001,0.0,1274
9022001020261002,0.0,1215
9022001020271001,0.0,1118
9022001020271002,0.0,1076
9022001020271003,0.0,60
9022001020281001,0.0,1117
9022001020281002,0.0,1077
9022001020291001,0.0,957
9022001020291002,0.0,1249
9022001020293001,0.0,163
9022001020293002,0.0,183
9022001020295001,0.0,295
9022001020311001,0.0,484
9022001020311002,0.0,464
9022001020321001,0.0,485
9022001020321002,0.0,481
9022001020331001,0.0,484
9022001020331002,0.0,458
9022001020341001,0.0,27
9022001020351001,0.0,472
9022001020351002,0.0,465
9022001020362001,0.0,54
9022001020371001,0.0,446
9022001020371002,0.0,429
9022001020381001,0.0,446
9022001020381002,0.0,437
9022001020392001,0.0,888
9022001020461001,0.0,439
9022001020461002,0.0,436
9022001020470001,0.0,9
9022001020471001,0.0,439
9022001020471002,0.0,448
9022001020473001,0.0,9
9022001020481001,0.0,438
9022001020481002,0.0,440
9022001020491001,0.0,439
9022001020491002,0.0,428
9022001020501001,0.0,439
9022001020501002,0.0,450
9022001020512001,0.0,940
9022001020611001,0.0,113
9022001020611002,0.0,120
9022001020621001,0.0,113
9022001020641001,0.0,808
9022001020641002,0.0,742
9022001020651001,0.0,1880
9022001020651002,0.0,1791
9022001020661001,0.0,837
9022001020661002,0.0,817
9022001020671001,0.0,837
9022001020671002,0.0,818
9022001020673001,0.0,839
9022001020673002,0.0,832
9022001020680001,0.0,489
9022001020691001,0.0,836
9022001020691002,0.0,809
9022001020702001,0.0,1641
9022001020711001,0.0,837
9022001020711002,0.0,826
9022001020721001,0.0,837
9022001020761001,0.0,1015
9022001020761002,0.0,1040
9022001020771001,0.0,901
9022001020771002,0.0,926
9022001020781001,0.0,899
9022001020781002,0.0,914
9022001020791001,0.0,898
9022001020791002,0.0,919
9022001020801001,0.0,906
9022001020801002,0.0,920
9022001020811001,0.0,110
9022001020812001,0.0,2247
9022001020812002,0.0,433
9022001020911001,0.0,1073
9022001020911002,0.0,1055
9022001020921001,0.0,1039
9022001020921002,0.0,984
9022001020931001,0.0,1515
9022001020931002,0.0,1510
9022001020941001,0.0,1506
9022001020941002,0.0,1494
9022001020951001,0.0,2921
9022001020961001,0.050505050505050504,495
9022001020961002,0.0,515
9022001020971001,0.04618473895582329,498
9022001020971002,0.0,506
9022001020973001,0.04474708171206226,514
9022001020981001,0.04431599229287091,519
9022001020981002,0.0,504
9022001020991001,0.04483430799220273,513
9022001020991002,0.0,511
9022001021001001,0.0,620
9022001021001002,0.0,617
9022001021011001,0.0,618
9022001021011002,0.0,616
9022001021021001,0.0,615
9022001021021002,0.0,623
9022001021031001,0.0,960
9022001021031002,0.0,993
9022001021041001,0.0,952
9022001021041002,0.0,864
9022001021051001,0.0,973
9022001021051002,0.0,950
9022001021111001,0.0,162
9022001021111002,0.0,140
9022001021121001,0.0,160
9022001021121002,0.0,74
9022001021121003,0.0,125
9022001021131001,0.0,161
9022001021131002,0.0,136
9022001021151001,0.0,161
9022001021151002,0.0,142
9022001021161001,0.0,159
9022001021161002,0.0,134
9022001021171001,0.0,160
9022001021171002,0.0,132
9022001021181001,0.0,767
9022001021181002,0.0,76
9022001021191002,0.0,121
9022001021202001,0.0,894
9022001022011001,0.0,1072
9022001022011002,0.0,2024
9022001022021001,0.0,1097
9022001022021002,0.0,2020
9022001022031001,0.0,1562
9022001022031002,0.0,1532
9022001022041001,0.0,1577
9022001022041002,0.0,1544
9022001022051001,0.0,1577
9022001022051002,0.0,1563
9022001022061001,0.0,24
9022001022061002,0.001272264631043257,1572
9022001022061003,0.0,1555
9022001022071001,0.0006626905235255136,1509
9022001022071002,0.0,1559
9022001022091001,0.0006609385327164573,1513
9022001022091002,0.0,1538
9022001022101001,0.0006711409395973154,1490
9022001022101002,0.0,1565
9022001022111001,0.0006648936170212766,1504
9022001022111002,0.0,1560
9022001022121001,0.0004992511233150275,2003
9022001022121002,0.0,1070
9022001022142001,0.0,1085
9022001022142002,0.0,986
9022001022151001,0.0,2030
9022001022151002,0.0,56
9022001023001001,0.0,300
9022001023015001,0.0,59
9022001023031001,0.0,123
9022001023041001,0.0,119
9022001023071001,0.0,492
9022001023071002,0.0,507
9022001023081001,0.0,237
9022001023091001,0.0,115
9022001023101001,0.0,118
9022001023500001,0.0,123
9022001023502001,0.0,120
9022001023503001,0.0,161
9022001023503002,0.0,136
9022001023505001,0.0,63
9022001023507001,0.0,63
9022001023508001,0.0,64
9022001023509001,0.0,63
9022001023512001,0.0,60
9022001023514001,0.0,64
9022001023516001,0.0,123
9022001028005001,0.0,876
9022001039641002,0.0,148
9022001040004001,0.0,2675
9022001040004002,0.0,1681
9022001040004003,0.0,1645
9022001040007001,0.0,1548
9022001040007002,0.0,1538
9022001040011001,0.0,1916
9022001040011002,0.0,1885
9022001040013001,0.0,2199
9022001040013002,0.0,2189
9022001040016001,0.0,2186
9022001040019001,0.0,2148
9022001040019002,0.0,2183
9022001040021001,0.0,2134
9022001040021002,0.0,2171
9022001040023001,0.0,1805
9022001040023002,0.0,2163
9022001040027001,0.0,1677
9022001040027002,0.0,1712
9022001040029001,0.0,2203
9022001040029002,0.0,2203
9022001040031001,0.0,1714
9022001040031002,0.0,1715
9022001040034001,0.0,2381
9022001040035001,0.0,1696
9022001040035002,0.0,1744
9022001040037001,0.0,2204
9022001040037002,0.0,2215
9022001040039001,0.0,1713
9022001040039002,0.0,1707
9022001040041001,0.0,1704
9022001040041002,0.0,1685
9022001040045001,0.0,2228
9022001040045002,0.0,2208
9022001040048001,0.0,2436
9022001040048002,0.0,2476
9022001040049001,0.0,2973
9022001040049002,0.0,2951
9022001040051001,0.0,2467
9022001040051002,0.0,2461
9022001040056001,0.0,184
9022001040056002,0.0,688
9022001040056003,0.0,662
9022001040058001,0.0,1333
9022001040058002,0.0,1329
9022001040060001,0.0,952
9022001040062001,0.0,948
9022001040065001,0.0,1318
9022001040065002,0.0,1351
9022001040085001,0.0010131712259371835,987
9022001040085002,0.0,783
9022001040091001,0.0,448
9022001040091002,0.0,448
9022001040093001,0.0,450
9022001040093002,0.0,442
9022001040095001,0.0,353
9022001040095002,0.0,542
9022001040103001,0.0,3669
9022001040103002,0.0005292405398253506,3779
9022001040106001,0.0005274261603375527,3792
9022001040107001,0.0,3645
9022001040107002,0.0,3800
9022001040109001,0.0,3570
9022001040109002,0.0,3681
9022001040111001,0.0,3539
9022001040111002,0.0,3656
9022001040113001,0.00022197558268590456,4505
9022001040113002,0.0,4565
9022001040116001,0.0,5895
9022001040116002,0.0,6034
9022001040116003,0.0,795
9022001040116004,0.0,790
9022001040117002,0.0,516
9022001040117003,0.0,2542
9022001040122001,0.0,863
9022001040126001,0.0,858
9022001040129001,0.0,5290
9022001040129002,0.0,2087
9022001040130001,0.0,1894
9022001040130002,0.0,1849
9022001040131001,0.0,2134
9022001040133002,0.0,2053
9022001040137001,0.0008847600088476001,4521
9022001040138001,0.0008548835221201111,4679
9022001040140001,0.0,870
9022001040141001,0.0,927
9022001040141002,0.0,460
9022001040141003,0.0,921
9022001040143001,0.0,205
9022001040143002,0.0,220
9022001040145001,0.0,205
9022001040145002,0.0,220
9022001040147001,0.0,211
9022001040147002,0.0,222
9022001040149001,0.0,206
9022001040149002,0.0,220
9022001040151001,0.0,206
9022001040151002,0.0,228
9022001040153001,0.0,206
9022001040153002,0.0,230
9022001040155001,0.0,205
9022001040155002,0.0,219
9022001040158001,0.0,429
9022001040159001,0.00047596382674916705,2101
9022001040159002,0.0,36
9022001040161001,0.0005205622071837585,1921
9022001040161002,0.0010922992900054614,1831
9022001040163001,0.0009940357852882703,1006
9022001040163002,0.002183406113537118,916
9022001040164001,0.0,937
9022001040164002,0.0010256410256410256,975
9022001040165001,0.0,907
9022001040165002,0.0010141987829614604,986
9022001040168001,0.0,878
9022001040168003,0.0,958
9022001040169001,0.0,40
9022001040170001,0.0,149
9022001040170002,0.0,110
9022001040173001,0.0,153
9022001040173002,0.0,109
9022001040175003,0.0,6901
9022001040175004,0.0,6756
9022001040177001,0.0,6260
9022001040177002,0.0,5967
9022001040179001,0.0,4002
9022001040179002,0.0,3955
9022001040181001,0.0,6249
9022001040181002,0.0,6012
9022001040181004,0.0,1292
9022001040183001,0.0,975
9022001040183002,0.0,756
9022001040185001,0.0,692
9022001040185002,0.0,755
9022001040187001,0.0,692
9022001040187002,0.0,752
9022001040189001,0.0,702
9022001040189002,0.0,756
9022001040191001,0.0,682
9022001040191002,0.0,753
9022001040193001,0.0,697
9022001040193002,0.0,756
9022001040196001,0.0,115
9022001040197001,0.0,701
9022001040197002,0.0,757
9022001040199001,0.0,695
9022001040199002,0.0,766
9022001040202001,0.0,755
9022001040203001,0.0,692
9022001040203002,0.0,755
9022001040205001,0.0,689
9022001040205002,0.0,759
9022001040207001,0.0,713
9022001040207002,0.0,750
9022001040209001,0.0,695
9022001040209002,0.0,750
9022001040211001,0.0,706
9022001040211002,0.0,758
9022001040215001,0.0,144
9022001040215002,0.0,131
9022001040219001,0.0,794
9022001040219002,0.0013280212483399733,753
9022001040221001,0.0,785
9022001040221002,0.0,768
9022001040222001,0.0,908
9022001040222002,0.0,644
9022001040231001,0.0,305
9022001040231002,0.0,304
9022001040233001,0.0,309
9022001040233002,0.0,293
9022001040235001,0.0,307
9022001040235002,0.0,297
9022001040237001,0.0,307
9022001040237002,0.0,304
9022001040239001,0.0,307
9022001040239002,0.0,300
9022001040242001,0.0,610
9022001040243001,0.0015135135135135136,4625
9022001040243002,0.0005107252298263534,9790
9022001040243003,0.0,4764
9022001040253001,0.0,4827
9022001040253002,0.0,4496
9022001040255001,0.0,4873
9022001040255002,0.0,3744
9022001040258002,0.0006525285481239804,6130
9022001040259001,0.0,1466
9022001040261001,0.0,1437
9022001040261002,0.0,1330
9022001040265001,0.0,1444
9022001040265002,0.0,1343
9022001040267001,0.0,1443
9022001040267002,0.0,1348
9022001040273002,0.0009694619486185168,4126
9022001040273003,0.0,2306
9022001040273004,0.00023730422401518748,4214
9022001040273006,0.0,2178
9022001040273007,0.0,433
9022001040283001,0.0,248
9022001040283002,0.0,2334
9022001040283003,0.0007616146230007616,3939
9022001040283004,0.0005096839959225281,1962
9022001040285001,0.0,248
9022001040285002,0.0,237
9022001040287001,0.0,249
9022001040287002,0.0,241
9022001040289001,0.0,249
9022001040289002,0.0,238
9022001040291001,0.0,248
9022001040291002,0.0,242
9022001040294001,0.0,486
9022001040302001,0.0,156
9022001040303001,0.0005129520389843549,3899
9022001040303002,0.0002469745616201531,4049
9022001040305001,0.0007695267410542517,2599
9022001040305002,0.0,797
9022001040305003,0.0005117707267144319,1954
9022001040307001,0.0005074854097944684,3941
9022001040307002,0.0,2082
9022001040307003,0.0005159958720330237,1938
9022001040312001,0.0,230
9022001040312002,0.0,206
9022001040319001,0.0,1445
9022001040319002,0.0,1363
9022001040323001,0.0,1467
9022001040323002,0.0,1319
9022001040325001,0.0,1448
9022001040325002,0.0,1346
9022001040330001,0.0,1447
9022001040330002,0.0,1336
9022001040331001,0.0,1446
9022001040331002,0.0,1334
9022001040333001,0.0,1446
9022001040333002,0.0,1336
9022001040335001,0.0,1440
9022001040335002,0.0,1353
9022001040337001,0.0,1439
9022001040337002,0.0,1382
9022001040359001,0.0011634671320535194,1719
9022001040359002,0.0,838
9022001040359003,0.0,2003
9022001040359004,0.0,734
9022001040359005,0.0,329
9022001040359006,0.001841620626151013,543
9022001040359007,0.0,2210
9022001040359008,0.0,1210
9022001040375001,0.0,3821
9022001040375002,0.0,1782
9022001040379001,0.0,3043
9022001040379002,0.0,1779
9022001040381001,0.0,3053
9022001040381002,0.0,1782
9022001040383001,0.0,3003
9022001040383002,0.0,1775
9022001040389001,0.0,362
9022001040389002,0.0,363
9022001040391001,0.0,204
9022001040391002,0.0,220
9022001040399001,0.0,29
9022001040403001,0.0,427
9022001040403002,0.0,449
9022001040405001,0.0,427
9022001040405002,0.0,448
9022001040407001,0.0,427
9022001040407002,0.0,448
9022001040409002,0.0,449
9022001040411001,0.0,427
9022001040411002,0.0,449
9022001040414001,0.0,877
9022001040415001,0.0015600624024961,1282
9022001040415002,0.0007627765064836003,1311
9022001040417001,0.0015735641227380016,1271
9022001040417002,0.0007587253414264037,1318
9022001040419001,0.001583531274742676,1263
9022001040419002,0.0,1317
9022001040421001,0.0,2558
9022001040421002,0.0,3883
9022001040423001,0.0,1469
9022001040423002,0.0,636
9022001040425001,0.0,1325
9022001040431001,0.0,1543
9022001040431002,0.0,1570
9022001040435001,0.001091703056768559,1832
9022001040435002,0.0,420
9022001040437001,0.0,371
9022001040437002,0.0,421
9022001040439001,0.0,372
9022001040439002,0.0,419
9022001040441001,0.0,372
9022001040441002,0.0,418
9022001040444001,0.0,785
9022001040461001,0.0013698630136986301,1460
9022001040461002,0.0,1342
9022001040463001,0.0,501
9022001040463002,0.0,1366
9022001040463003,0.002074688796680498,964
9022001040465001,0.0,515
9022001040465002,0.0,483
9022001040467001,0.0,494
9022001040467002,0.0,474
9022001040469001,0.0,965
9022001040469002,0.0,945
9022001040471001,0.0,940
9022001040471002,0.0,927
9022001040473001,0.0,967
9022001040473002,0.0,941
9022001040476001,0.0,984
9022001040477001,0.0,447
9022001040477002,0.0,460
9022001040479001,0.0,445
9022001040479002,0.0,447
9022001040481001,0.0,446
9022001040481002,0.0,467
9022001040483001,0.0,460
9022001040483002,0.0,445
9022001040485001,0.0,446
9022001040485002,0.0,479
9022001040487001,0.0,447
9022001040487002,0.0,481
9022001040489001,0.0,446
9022001040489002,0.0,462
9022001040491001,0.0007996801279488205,2501
9022001040491002,0.0,2409
9022001040492001,0.0,930
9022001040493001,0.0,4108
9022001040493002,0.0,5286
9022001040500001,0.0,727
9022001040523002,0.0,1370
9022001040523003,0.0,1335
9022001040530001,0.0,716
9022001040530002,0.0,814
9022001040540001,0.0,713
9022001040540002,0.0,820
9022001040801001,0.0,179
9022001040803001,0.0,179
9022001040804001,0.0,691
9022001040805001,0.0,174
9022001040806001,0.0,279
9022001040807001,0.0136986301369863,146
9022001040807002,0.0,137
9022001040809001,0.0037593984962406013,266
9022001040813001,0.005780346820809248,173
9022001040813002,0.005555555555555556,180
9022001040815001,0.005747126436781609,174
9022001040819001,0.0,278
9022001040821001,0.0,280
9022001040982001,0.0,816
9022001040982002,0.0,797
9022001040984001,0.0,813
9022001040984002,0.0,788
9022001041027001,0.002053388090349076,974
9022001041027002,0.0,873
9022001041029001,0.0020387359836901123,981
9022001041029002,0.0,872
9022001041031001,0.002068252326783868,967
9022001041031002,0.0,849
9022001041033001,0.0,112
9022001041033002,0.0,1134
9022001041033004,0.001710863986313088,1169
9022001041035001,0.0,111
9022001041035002,0.0,111
9022001041037001,0.0,109
9022001041037002,0.0,113
9022001041039001,0.0,116
9022001041039002,0.0,119
9022001041041001,0.0,110
9022001041041002,0.0,113
9022001041043001,0.0,110
9022001041043002,0.0,244
9022001041043003,0.0,119
9022001041045001,0.0,246
9022001041045002,0.0,254
9022001041047001,0.0,237
9022001041047002,0.0,244
9022001041049002,0.0,226
9022001041049003,0.0,32
9022001041063001,0.0015625,1280
9022001041063002,0.000794912559618442,1258
9022001041065001,0.001558846453624318,1283
9022001041065002,0.0008090614886731392,1236
9022001041067001,0.001564945226917058,1278
9022001041067002,0.0008058017727639,1241
9022001041073001,0.0,485
9022001041073002,0.0,473
9022001041075001,0.0,355
9022001041075002,0.0,345
9022001041077001,0.0016406890894175555,1219
9022001041077002,0.0,1102
9022001041079001,0.0016722408026755853,1196
9022001041079002,0.0,1140
9022001041081001,0.0,122
9022001041081002,0.0,138
9022001041083001,0.0,131
9022001041083002,0.0,133
9022001041085001,0.0,132
9022001041085002,0.0,134
9022001041111001,0.001951219512195122,1025
9022001041111002,0.0,958
9022001041113001,0.0,169
9022001041113002,0.0,189
9022001041115001,0.0,168
9022001041115002,0.0,189
9022001041117001,0.0,168
9022001041117002,0.0,188
9022001041119001,0.0,168
9022001041119002,0.0,188
9022001041121001,0.0,168
9022001041121002,0.0,189
9022001041123001,0.0,168
9022001041123002,0.0,189
9022001041125001,0.0,168
9022001041125002,0.0,186
9022001041128001,0.0,355
9022001041129001,0.0,169
9022001041129002,0.0,189
9022001041141001,0.0,2287
9022001041141002,0.0,2423
9022001041143001,0.0,2958
9022001041143002,0.0,3011
9022001041145001,0.0,1042
9022001041145002,0.0016433853738701725,1217
9022001041151001,0.0,1062
9022001041151002,0.0016570008285004142,1207
9022001041157001,0.0,1059
9022001041157002,0.0008368200836820083,1195
9022001041159001,0.0,1078
9022001041159002,0.0,1220
9022001041161001,0.0,517
9022001041161002,0.0,664
9022001041161003,0.0,210
9022001041161004,0.0,884
9022001041181001,0.0,200
9022001041181002,0.0,242
9022001041183001,0.0,213
9022001041183002,0.0,238
9022001041185001,0.0,218
9022001041185002,0.0,238
9022001041187001,0.0,200
9022001041187002,0.0,244
9022001041189001,0.0,205
9022001041189002,0.0,252
9022001041191001,0.0,472
9022001041191002,0.0,448
9022001041193001,0.0,474
9022001041195001,0.0,465
9022001041197001,0.0,212
9022001041197002,0.0,242
9022001041199001,0.0,208
9022001041199002,0.0,260
9022001041201001,0.0,208
9022001041201002,0.0,252
9022001041203001,0.0,199
9022001041203002,0.0,252
9022001041205001,0.0,202
9022001041205002,0.0,243
9022001041207001,0.0,204
9022001041207002,0.0,248
9022001041209001,0.0,464
9022001041209002,0.0,476
9022001041211001,0.0,477
9022001041211002,0.0,467
9022001041213001,0.0,476
9022001041213002,0.0,458
9022001041215001,0.0,466
9022001041215002,0.0,477
9022001041217001,0.0,326
9022001041217002,0.0,359
9022001041219001,0.0,576
9022001041221001,0.0,269
9022001041221002,0.0,254
9022001041223001,0.0,270
9022001041223002,0.0,254
9022001041225001,0.0,287
9022001041225002,0.0,257
9022001041227001,0.0,291
9022001041227002,0.0,258
9022001041229001,0.0,292
9022001041229002,0.0,251
9022001041231001,0.0,552
9022001041231002,0.0,495
9022001041233001,0.0,572
9022001041233002,0.0,482
9022001041235001,0.0,208
9022001041235002,0.0,251
9022001041237001,0.0,280
9022001041237002,0.0,259
9022001041239001,0.0,217
9022001041239002,0.0,259
9022001041249001,0.0,521
9022001041249002,0.0,577
9022001041251001,0.0,517
9022001041251002,0.0,550
9022001041253001,0.0,502
9022001041253002,0.0,565
9022001041255001,0.0,251
9022001041255002,0.0,279
9022001041257001,0.0,266
9022001041257002,0.0,267
9022001041259001,0.0,254
9022001041259002,0.0,277
9022001041261001,0.0,267
9022001041261002,0.0,289
9022001041263001,0.0,248
9022001041263002,0.0,273
9022001041265001,0.0,254
9022001041265002,0.0,279
9022001041267001,0.0,248
9022001041267002,0.0,282
9022001041269001,0.0,258
9022001041269002,0.0,285
9022001041271001,0.0,234
9022001041271002,0.0,267
9022001041273001,0.0,232
9022001041273002,0.0,279
9022001041275001,0.0,236
9022001041275002,0.0,267
9022001041277001,0.0,236
9022001041277002,0.0,291
9022001041279001,0.0,235
9022001041279002,0.0,282
9022001041281001,0.0,233
9022001041281002,0.0,268
9022001041284001,0.0,515
9022001041285001,0.0,237
9022001041285002,0.0,283
9022001041309001,0.0,2210
9022001041309002,0.0004506534474988734,2219
9022001041313001,0.0,2211
9022001041313002,0.0,2213
9022001041315001,0.0,2162
9022001041315002,0.00044822949350067237,2231
9022001041317001,0.0,2196
9022001041317002,0.0,2201
9022001041321001,0.0,2973
9022001041321002,0.0,3082
9022001041323001,0.0,2952
9022001041323002,0.0,3055
9022001041325001,0.0,2957
9022001041325002,0.0,3057
9022001041327001,0.0,837
9022001041327002,0.0,789
9022001041329001,0.0,838
9022001041329002,0.0,779
9022001041331001,0.0,809
9022001041331002,0.0,796
9022001041333001,0.0,836
9022001041333002,0.0,780
9022001041335001,0.0,827
9022001041335002,0.0,776
9022001041337001,0.0,825
9022001041337002,0.0,761
9022001041339001,0.0,830
9022001041339002,0.0,793
9022001041341001,0.0,836
9022001041341002,0.0,777
9022001041345001,0.0,826
9022001041345002,0.0,774
9022001041349001,0.0,827
9022001041349002,0.0,776
9022001041353001,0.0,820
9022001041353002,0.0,770
9022001041355001,0.0,843
9022001041355002,0.0,797
9022001041357001,0.0,18
9022001041357002,0.0,17
9022001041359001,0.0,18
9022001041359002,0.0,14
9022001041361001,0.0,18
9022001041361002,0.0,16
9022001041363001,0.0,18
9022001041363002,0.0,17
9022001041365001,0.0,18
9022001041365002,0.0,17
9022001041367001,0.0,18
9022001041367002,0.0,13
9022001041370001,0.0,31
9022001041371001,0.0,18
9022001041371002,0.0,15
9022001041391001,0.0,816
9022001041391002,0.0,782
9022001041393001,0.0,820
9022001041393002,0.0,783
9022001041395001,0.0,824
9022001041395002,0.0,782
9022001041397001,0.0,831
9022001041397002,0.0,765
9022001041399001,0.0,808
9022001041399002,0.0,784
9022001041401001,0.0,822
9022001041401002,0.0,795
9022001041403001,0.0,901
9022001041403002,0.0,814
9022001041403003,0.0016722408026755853,1196
9022001041403004,0.0,1107
9022001041405001,0.0,1203
9022001041405002,0.0,1127
9022001041407001,0.0,1207
9022001041407003,0.0,1127
9022001041411002,0.0,705
9022001041411003,0.0,764
9022001041419001,0.0,825
9022001041419002,0.0,778
9022001041433001,0.0,583
9022001041433002,0.0017035775127768314,587
9022001041435001,0.0,584
9022001041435002,0.0016806722689075631,595
9022001041437001,0.0,584
9022001041437002,0.0017035775127768314,587
9022001041439001,0.0,580
9022001041439002,0.003355704697986577,596
9022001041441001,0.0,573
9022001041441002,0.0016863406408094434,593
9022001041443001,0.0,409
9022001041443002,0.002288329519450801,437
9022001041445001,0.0,414
9022001041445002,0.004629629629629629,432
9022001041447001,0.0,408
9022001041447002,0.004618937644341801,433
9022001041449001,0.0,391
9022001041449002,0.004618937644341801,433
9022001041451001,0.0,409
9022001041451002,0.0022675736961451248,441
9022001041453001,0.0,404
9022001041453002,0.0022675736961451248,441
9022001041455001,0.0,408
9022001041455002,0.0045871559633027525,436
9022001041457001,0.0,398
9022001041457002,0.002336448598130841,428
9022001041459001,0.0,265
9022001041459002,0.004347826086956522,460
9022001041459003,0.0,202
9022001041461001,0.0,298
9022001041461002,0.006211180124223602,322
9022001041463001,0.0,306
9022001041463002,0.003048780487804878,328
9022001041465001,0.0,317
9022001041465002,0.005917159763313609,338
9022001041468001,0.0019120458891013384,523
9022001041469001,0.0,209
9022001041469002,0.0,225
9022001041471001,0.0,206
9022001041471002,0.0,222
9022001041473001,0.0,205
9022001041473002,0.0,236
9022001041475001,0.0,204
9022001041475002,0.0,214
9022001041477001,0.0,208
9022001041477002,0.0,218
9022001041479001,0.0,208
9022001041479002,0.0,231
9022001041481001,0.0,205
9022001041481002,0.0,216
9022001041483001,0.0,205
9022001041483002,0.0,221
9022001041485001,0.0,207
9022001041485002,0.0,229
9022001041488001,0.0,433
9022001041489001,0.0,587
9022001041489002,0.0034423407917383822,581
9022001041492001,0.0,403
9022001041494001,0.0,118
9022001041523001,0.0,12
9022001041523002,0.0,2259
9022001041525001,0.0,2146
9022001041525002,0.0,2283
9022001041527001,0.0,2126
9022001041527002,0.0,2310
9022001041529001,0.0,2669
9022001041529002,0.0,2744
9022001041531001,0.0,2661
9022001041531002,0.0,2749
9022001041533001,0.0,2663
9022001041533002,0.0,2742
9022001041535001,0.0,2635
9022001041535002,0.0,2732
9022001041535003,0.0,38
9022001041551001,0.0,677
9022001041551002,0.0,610
9022001041553001,0.0,654
9022001041553002,0.0,613
9022001041555001,0.0,441
9022001041555002,0.0,624
9022001041559001,0.0,385
9022001041559002,0.0,350
9022001041561001,0.0,378
9022001041561002,0.0,347
9022001041563001,0.0,387
9022001041563002,0.0,350
9022001041565001,0.0,382
9022001041565002,0.0,354
9022001041567001,0.0,378
9022001041567002,0.0,352
9022001041569001,0.0,409
9022001041569002,0.0,370
9022001041572001,0.0,618
9022001041593001,0.0,538
9022001041593002,0.0,522
9022001041595001,0.0,566
9022001041595002,0.0,507
9022001041597001,0.0,566
9022001041597002,0.0,516
9022001041599001,0.0,565
9022001041599002,0.0,512
9022001041601001,0.0,557
9022001041601002,0.0,499
9022001041603001,0.0,485
9022001041603002,0.0,583
9022001041603003,0.0,82
9022001041603004,0.0,10
9022001041605001,0.0,480
9022001041605002,0.0,505
9022001041607001,0.0,486
9022001041607002,0.0,506
9022001041609001,0.0,485
9022001041609002,0.0,500
9022001041611001,0.0,487
9022001041611002,0.0,510
9022001041613001,0.0,344
9022001041613002,0.0,362
9022001041631001,0.0,132
9022001041631002,0.0,142
9022001041633001,0.0,134
9022001041633002,0.0,142
9022001041635001,0.0,134
9022001041635002,0.0,138
9022001041637001,0.0,134
9022001041637002,0.0,137
9022001041639001,0.0,145
9022001041639002,0.0,137
9022001041639003,0.0,118
9022001041641001,0.0,146
9022001041641002,0.0,144
9022001041643001,0.0,144
9022001041643002,0.0,148
9022001041646001,0.0,172
9022001041647001,0.0,160
9022001041647002,0.0,165
9022001041650001,0.0,167
9022001041650002,0.0,105
9022001041661001,0.0,230
9022001041661002,0.0,229
9022001041663001,0.0,234
9022001041663002,0.0,226
9022001041665001,0.0,231
9022001041665002,0.0,241
9022001041667001,0.0,155
9022001041667002,0.0,147
9022001041669001,0.0,152
9022001041669002,0.0,142
9022001041672001,0.0,301
9022001041673001,0.0,80
9022001041673002,0.0,77
9022001041677001,0.0,79
9022001041677002,0.0,82
9022001041680001,0.0,100
9022001041681001,0.0,80
9022001041681002,0.0,79
9022001041684001,0.0,155
9022001041685001,0.0,155
9022001041685002,0.0,149
9022001041701001,0.0,235
9022001041701002,0.0,229
9022001041703001,0.0,227
9022001041703002,0.0,233
9022001041707001,0.0,231
9022001041707002,0.0,237
9022001041709001,0.0,232
9022001041709002,0.0,234
9022001041711001,0.0,231
9022001041711002,0.0,226
9022001041713001,0.0,230
9022001041713002,0.0,221
9022001041715001,0.0,228
9022001041715002,0.0,239
9022001041717001,0.0,229
9022001041717002,0.0,221
9022001041720001,0.0,460
9022001041721001,0.0,232
9022001041721002,0.0,233
9022001041723001,0.0,223
9022001041723002,0.0,236
9022001041729001,0.0,384
9022001041729002,0.0,114
9022001041729003,0.0,389
9022001041733001,0.0,120
9022001041733002,0.0,108
9022001041735001,0.0,116
9022001041735002,0.0,105
9022001041738001,0.0,161
9022001041761001,0.0,78
9022001041761002,0.0,61
9022001041763001,0.0,73
9022001041763002,0.0,63
9022001041765001,0.0,76
9022001041765002,0.0,65
9022001041771001,0.0,75
9022001041771002,0.0,70
9022001041773001,0.0,75
9022001041773002,0.0,59
9022001041776001,0.0,140
9022001041791001,0.0,85
9022001041791002,0.0,85
9022001041793001,0.0,84
9022001041793002,0.0,86
9022001041795001,0.0,84
9022001041795002,0.0,86
9022001041797001,0.0,84
9022001041797002,0.0,81
9022001041799001,0.0,84
9022001041799002,0.0,86
9022001041801001,0.0,84
9022001041801002,0.0,87
9022001041804001,0.0,166
9022001041805001,0.0,84
9022001041805002,0.0,85
9022001042001001,0.0,223
9022001042002001,0.0,1669
9022001042002002,0.0,1554
9022001042004001,0.0,871
9022001042004002,0.0,1021
9022001042006003,0.0,286
9022001042006004,0.0,320
9022001042008001,0.0,133
9022001042008002,0.0,127
9022001042010001,0.0,128
9022001042010002,0.0,126
9022001042012001,0.0,130
9022001042012002,0.0,126
9022001042015001,0.0,323
9022001042015002,0.0,283
9022001042016001,0.0,125
9022001042016002,0.0,120
9022001042018001,0.0,258
9022001042021001,0.0,125
9022001042021002,0.0,130
9022001042023001,0.0,689
9022001042023002,0.0,596
9022001042029001,0.0,2984
9022001042029002,0.0006734006734006734,2970
9022001042271001,0.0023121387283236996,865
9022001042271002,0.0,765
9022001042273001,0.002328288707799767,859
9022001042273002,0.0,787
9022001042276001,0.0,2973
9022001042276002,0.0,2927
9022001042278001,0.0,794
9022001042278002,0.0,821
9022001042281001,0.0,292
9022001042281002,0.0,325
9022001042282001,0.0,282
9022001042282002,0.0,234
9022001042289001,0.0,129
9022001042289002,0.0,122
9022001042291001,0.0,705
9022001042291002,0.0,823
9022001042556001,0.0,342
9022001042556002,0.0,377
9022001042558001,0.0,133
9022001042558002,0.0,136
9022001042863001,0.0,75
9022001042863002,0.0,65
9022001042865001,0.0,75
9022001042865002,0.0,64
9022001042867001,0.0,75
9022001042867002,0.0,60
9022001043001001,0.0,154
9022001043001002,0.0,194
9022001044000001,0.0,2073
9022001044000002,0.0,922
9022001044000003,0.0,1330
9022001044000004,0.0,666
9022001044000005,0.0,1022
9022001044000006,0.0,1369
9022001044000007,0.0,929
9022001044000008,0.0,1069
9022001044000009,0.0,794
9022001044000010,0.0,1140
9022001044000011,0.0,628
9022001044000012,0.0,689
9022001044000013,0.0,352
9022001044000014,0.0,26
9022001044000015,0.0,470
9022001044000016,0.0,412
9022001044000017,0.0,389
9022001044000019,0.00013790250293042817,14503
9022001050005001,0.0,2460
9022001050005002,0.0,2526
9022001050007001,0.0,4274
9022001050007002,0.0,4247
9022001050010001,0.0,4231
9022001050010002,0.0,4316
9022001050012001,0.0,4376
9022001050012002,0.0,5093
9022001050012003,0.017173051519154558,757
9022001050013001,0.0,1334
9022001050013002,0.0,4274
9022001050013005,0.0,3019
9022001050016001,0.0,1959
9022001050016002,0.0,2016
9022001050016003,0.004858299595141701,1235
9022001050016004,0.0033030553261767133,1211
9022001050018001,0.0005763688760806917,1735
9022001050018003,0.0,1720
9022001050020001,0.000572737686139748,1746
9022001050020003,0.005668016194331984,1235
9022001050020004,0.0033250207813798837,1203
9022001050020008,0.0,1689
9022001050031001,0.013835511145272867,1301
9022001050031002,0.016291698991466253,1289
9022001050035001,0.01452599388379205,1308
9022001050035002,0.016166281755196306,1299
9022001050043001,0.005390835579514825,742
9022001050043002,0.02595797280593325,809
9022001050045001,0.006720430107526882,744
9022001050045002,0.023514851485148515,808
9022001050047001,0.8042609853528628,751
9022001050047002,0.8331273176761433,809
9022001050049001,0.0,3677
9022001050049002,0.0002603488674824265,3841
9022001050051001,0.016059957173447537,934
9022001050051002,0.002844950213371266,2812
9022001050051003,0.0035070140280561123,1996
9022001050051004,0.0,142
9022001050053003,0.017297297297297298,925
9022001050053004,0.007345225603357817,953
9022001050055001,0.018741633199464525,747
9022001050059001,0.006613756613756613,756
9022001050059002,0.0012391573729863693,807
9022001050065001,0.0,823
9022001050065002,0.0011337868480725624,882
9022001050067001,0.0,822
9022001050067002,0.000531632110579479,1881
9022001050067003,0.0,754
9022001050073001,0.0037429819089207735,1603
9022001050073002,0.0017667844522968198,1698
9022001050075001,0.002523659305993691,1585
9022001050075002,0.0017889087656529517,1677
9022001050077001,0.0024706609017912293,1619
9022001050077002,0.0017513134851138354,1713
9022001050083001,0.0,768
9022001050083002,0.0,789
9022001050085001,0.0,777
9022001050085002,0.0,789
9022001050087001,0.0,766
9022001050087002,0.0,797
9022001050089001,0.0,767
9022001050089002,0.0,789
9022001050091001,0.0,2853
9022001050091002,0.0,2236
9022001050097001,0.0,842
9022001050097002,0.0,872
9022001050101001,0.0,78
9022001050103001,0.0,880
9022001050103002,0.0,932
9022001050105001,0.0,840
9022001050105002,0.0,932
9022001050107001,0.0,843
9022001050107002,0.0,921
9022001050109001,0.0,844
9022001050109002,0.0,930
9022001050111001,0.0,839
9022001050111002,0.0,922
9022001050113001,0.0,843
9022001050113002,0.0,926
9022001050115001,0.0,825
9022001050115002,0.0,933
9022001050117001,0.0,2393
9022001050117002,0.0,2306
9022001050117003,0.0,716
9022001050117004,0.0,681
9022001050119001,0.0,2396
9022001050119002,0.0,2267
9022001050121001,0.0963923337091319,1774
9022001050121003,0.021087680355160933,901
9022001050121004,0.0,112
9022001050121005,0.020454545454545454,880
9022001050125001,0.025,880
9022001050125002,0.022321428571428572,896
9022001050125003,0.0,56
9022001050125004,0.0,56
9022001050126001,0.022962112514351322,871
9022001050126002,0.0228310502283105,876
9022001050130002,0.0,1304
9022001050132002,0.0,1292
9022001050134002,0.0,1323
9022001050137001,0.0,942
9022001050144002,0.008463541666666666,1536
9022001050144003,0.004781829049611476,1673
9022001050146002,0.002025931928687196,4936
9022001050146003,0.003825920612147298,6273
9022001050148001,0.0,4635
9022001050148003,0.0005947071067499256,3363
9022001050150001,0.0,1211
9022001050152001,0.0,1353
9022001050154001,0.0,1333
9022001050156002,0.005805515239477504,1378
9022001050156003,0.011386470194239785,1493
9022001050158001,0.002274450341167551,1319
9022001050158002,0.007326007326007326,2184
9022001050160001,0.0,1232
9022001050163001,0.0052525252525252525,2475
9022001050165001,0.0,142
9022001050165002,0.0,146
9022001050167001,0.0,158
9022001050167002,0.0,146
9022001050174001,0.0171875,640
9022001050174003,0.003367003367003367,891
9022001050174004,0.013636363636363636,880
9022001050176001,0.0171606864274571,641
9022001050176002,0.013029315960912053,614
9022001050178001,0.017027863777089782,646
9022001050178003,0.01088646967340591,643
9022001050186001,0.0007142857142857143,1400
9022001050186002,0.0,1328
9022001050195001,0.0003466204506065858,2885
9022001050195002,0.0,1841
9022001050197001,0.0,206
9022001050197002,0.0,236
9022001050201001,0.0,775
9022001050201002,0.0,788
9022001050203001,0.003612281757977122,1661
9022001050203003,0.004530011325028313,883
9022001050203004,0.0,805
9022001050209001,0.007829977628635347,894
9022001050209002,0.0034207525655644243,877
9022001050213001,0.00563063063063063,888
9022001050213002,0.005668934240362812,882
9022001050224001,0.0017152658662092624,1749
9022001050224002,0.004507042253521127,1775
9022001050226001,0.001145475372279496,1746
9022001050226002,0.008766014834794335,1483
9022001050226003,0.001336898395721925,2244
9022001050231001,0.004921259842519685,2032
9022001050231002,0.012297097884899164,2033
9022001050233001,0.0,1911
9022001050233002,0.0,1880
9022001050237001,0.0,882
9022001050237002,0.0,906
9022001050240001,0.0035122930255895636,1993
9022001050240002,0.0035714285714285713,1960
9022001050241001,0.0030472320975114273,1969
9022001050241002,0.002513826043237808,1989
9022001050242001,0.0035317860746720484,1982
9022001050242002,0.003116883116883117,1925
9022001050244001,0.0,984
9022001050244002,0.0,773
9022001050246001,0.0,2157
9022001050246002,0.0004633920296570899,2158
9022001050250002,0.0,1035
9022001050252002,0.0,1034
9022001050254001,0.0,2281
9022001050254002,0.0,2307
9022001050256001,0.0,1180
9022001050256002,0.0,1189
9022001050258001,0.0,1162
9022001050258002,0.0,1178
9022001050264001,0.0,81
9022001050264002,0.0,133
9022001050266001,0.0,1127
9022001050267001,0.0,60
9022001050267002,0.0,69
9022001050270001,0.0007077140835102619,1413
9022001050270002,0.0,1348
9022001050274001,0.0,326
9022001050274002,0.0,328
9022001050276001,0.0,654
9022001050280001,0.0,672
9022001050280002,0.0,328
9022001050289001,0.001756697408871322,2277
9022001050289002,0.0,2066
9022001050291001,0.0017391304347826088,2300
9022001050291002,0.0,2048
9022001050297001,0.0,1208
9022001050297002,0.002421307506053269,1239
9022001050301001,0.0,959
9022001050301002,0.001953125,1024
9022001050305001,0.0,3456
9022001050305002,0.00028768699654775604,3476
9022001050307002,0.0,3465
9022001050307003,0.0,3444
9022001050309001,0.0,2082
9022001050309002,0.0,2080
9022001050311001,0.0,1077
9022001050311002,0.0,1094
9022001050313001,0.0005107252298263534,1958
9022001050313002,0.0004887585532746823,2046
9022001050315001,0.37683823529411764,544
9022001050315002,0.3848987108655617,543
9022001050317001,0.0,1988
9022001050317002,0.000484027105517909,2066
9022001050331001,0.014749262536873156,678
9022001050331002,0.014619883040935672,684
9022001050342001,0.004291845493562232,932
9022001050342002,0.0,57
9022001050348001,0.001637331150225133,2443
9022001050348002,0.004897959183673469,2450
9022001050350001,0.002175805047867711,2298
9022001050350002,0.005575467941059339,2511
9022001050350003,0.0,161
9022001050353001,0.000432152117545376,2314
9022001050353002,0.001015744032503809,1969
9022001050355001,0.00043233895373973193,2313
9022001050355002,0.0,2271
9022001050357001,0.0004310344827586207,2320
9022001050357002,0.0,2269
9022001050359001,0.0004314063848144953,2318
9022001050359002,0.0,2247
9022001050359003,0.0,388
9022001050366001,0.0,1988
9022001050366002,0.0,9733
9022001050366003,0.0022413149047441168,2677
9022001050366004,0.0,787
9022001050366005,0.00015885623510722796,6295
9022001050366007,0.0,1150
9022001050366008,0.0024271844660194173,412
9022001050366009,0.0,835
9022001050366010,0.0,2267
9022001050366011,0.0,1841
9022001050366012,0.0,1710
9022001050366014,0.0,1296
9022001050366015,0.0,4186
9022001050367001,0.0,674
9022001050367002,0.0,655
9022001050369001,0.0,677
9022001050369002,0.0,654
9022001050371001,0.0,1350
9022001050373001,0.0,680
9022001050373002,0.0,652
9022001050375001,0.0,681
9022001050375002,0.0,662
9022001050377001,0.0,680
9022001050377002,0.0,652
9022001050379001,0.0,460
9022001050379002,0.0,1795
9022001050379003,0.0,758
9022001050383001,0.0,1076
9022001050388001,0.0,4777
9022001050388002,0.0,4797
9022001050390001,0.004205214465937763,2378
9022001050390002,0.008107012565869477,2467
9022001050392001,0.0049833887043189366,2408
9022001050392002,0.007714169711733658,2463
9022001050394001,0.004616030214015947,2383
9022001050394002,0.007764609726195341,2447
9022001050403001,0.0,1549
9022001050403002,0.0,1509
9022001050405001,0.0,1558
9022001050405002,0.0,1517
9022001050407001,0.0,1538
9022001050407002,0.0,1508
9022001050409001,0.0,1603
9022001050409002,0.0,1482
9022001050435001,0.0,1438
9022001050435002,0.0,1442
9022001050437001,0.0,1434
9022001050437002,0.0,1423
9022001050450001,0.0,113
9022001050452001,0.0,57
9022001050452002,0.0,61
9022001050454001,0.0,55
9022001050454002,0.0,53
9022001050457001,0.0,112
9022001050458001,0.0,61
9022001050458002,0.0,53
9022001050460001,0.0,56
9022001050460002,0.0,55
9022001050462002,0.0,61
9022001050467001,0.0,57
9022001050474001,0.0,56
9022001050474002,0.0,62
9022001050478001,0.0,60
9022001050478002,0.0,58
9022001050480001,0.0,120
9022001050482001,0.0,109
9022001050484001,0.0,53
9022001050484002,0.0,58
9022001050486001,0.0,55
9022001050486002,0.0,58
9022001050490001,0.0,110
9022001050493001,0.0,55
9022001050493002,0.0,53
9022001050501001,0.0003943217665615142,5072
9022001050501002,0.0,3862
9022001050501004,0.0,1921
9022001050501007,0.0,1721
9022001050501008,0.0,1821
9022001050501009,0.0,1911
9022001050501011,0.0,1269
9022001050501012,0.0,1264
9022001050501013,0.0,823
9022001050502001,0.0,4257
9022001050502002,0.0,4308
9022001050504001,0.0,4239
9022001050504002,0.0,4315
9022001050506001,0.0,4246
9022001050506002,0.0,4223
9022001050510001,0.0,2093
9022001050510002,0.0,2058
9022001050512001,0.0,611
9022001050512002,0.0,967
9022001050514001,0.0,615
9022001050514002,0.0,524
9022001050516001,0.0,540
9022001050516002,0.0,974
9022001050520001,0.0,1218
9022001050520002,0.0,1143
9022001050522001,0.0,1639
9022001050522002,0.0,1554
9022001050524001,0.0,203
9022001050524002,0.0,163
9022001050525001,0.0,874
9022001050525002,0.0,911
9022001050526001,0.0,906
9022001050526002,0.0,868
9022001050527001,0.0,867
9022001050527002,0.0,905
9022001050532001,0.0,449
9022001050532002,0.0,433
9022001050534001,0.0,462
9022001050534002,0.0,435
9022001050536001,0.0005797101449275362,1725
9022001050538001,0.0,1198
9022001050538002,0.000859106529209622,1164
9022001050540001,0.0,725
9022001050540002,0.0,739
9022001050542001,0.0,2761
9022001050542002,0.0,2737
9022001050546001,0.0,784
9022001050546002,0.00130718954248366,765
9022001050548001,0.0,786
9022001050548002,0.00130718954248366,765
9022001050550001,0.0,802
9022001050550002,0.0013054830287206266,766
9022001050552001,0.0,786
9022001050552002,0.0013054830287206266,766
9022001050554001,0.0,776
9022001050554002,0.0013054830287206266,766
9022001050556001,0.0,798
9022001050556002,0.0013054830287206266,766
9022001050558001,0.0006418485237483953,1558
9022001050560001,0.0,1102
9022001050560002,0.0,1122
9022001050563001,0.0,1116
9022001050563002,0.0,1110
9022001050565001,0.0,1195
9022001050565002,0.0,1223
9022001050567001,0.0,1229
9022001050567002,0.0,1189
9022001050569001,0.0,1148
9022001050569002,0.0,1810
9022001050569003,0.0,1820
9022001050571001,0.0,1170
9022001050571002,0.0,1320
9022001050573001,0.0,1792
9022001050573002,0.0,1803
9022001050575001,0.0,749
9022001050575002,0.023255813953488372,688
9022001050577001,0.0,749
9022001050577002,0.024285714285714285,700
9022001050579001,0.0,2152
9022001050579002,0.0,3775
9022001050579003,0.0,2268
9022001050579004,0.011416339636104174,2803
9022001050579005,0.0,554
9022001050579006,0.0,1220
9022001050579007,0.0,330
9022001050585001,0.0,2124
9022001050585002,0.0,2151
9022001050597001,0.0,223
9022001050597002,0.0,300
9022001050598001,0.0,915
9022001050598002,0.0,869
9022001050600001,0.0,894
9022001050600002,0.0,869
9022001050602001,0.0,908
9022001050602002,0.0,869
9022001050642001,0.0,571
9022001050642002,0.0,579
9022001050644001,0.0,1136
9022001050644002,0.0,1695
9022001050646001,0.0,1147
9022001050646002,0.0,1723
9022001050649001,0.0,1696
9022001050649002,0.0,1159
9022001050664001,0.0,3099
9022001050664002,0.0,3127
9022001050666001,0.0,2952
9022001050666002,0.0,3034
9022001050668001,0.0,3139
9022001050668002,0.001310615989515072,3052
9022001050670001,0.0006600660066006601,1515
9022001050670002,0.0,1433
9022001050672001,0.000585480093676815,1708
9022001050672002,0.0,1657
9022001050674001,0.0006605019815059445,1514
9022001050674002,0.0,1456
9022001050678001,0.0017421602787456446,574
9022001050678002,0.0,584
9022001050680001,0.0017152658662092624,583
9022001050680002,0.0,581
9022001050682001,0.001692047377326565,591
9022001050682002,0.0,574
9022001050684002,0.0,577
9022001050686001,0.0017543859649122807,570
9022001050686002,0.0,583
9022001050688001,0.0017513134851138354,571
9022001050688002,0.0,9
9022001050688003,0.0,581
9022001050688004,0.0,11
9022001050690001,0.0,12
9022001050690002,0.0,11
9022001050692002,0.0,9
9022001050692003,0.0,11
9022001050694001,0.001669449081803005,599
9022001050694002,0.0,606
9022001050696001,0.028125,640
9022001050696002,0.35555555555555557,45
9022001050696003,0.0016863406408094434,593
9022001050698001,0.010801080108010801,1111
9022001050698002,0.02664576802507837,638
9022001050701001,0.03065134099616858,522
9022001050701002,0.011739594450373533,937
9022001050711002,0.0017094017094017094,585
9022001050741001,0.0,1700
9022001050741002,0.0005824111822947001,1717
9022001050745001,0.0,1670
9022001050745002,0.0005787037037037037,1728
9022001050747001,0.0,1721
9022001050747002,0.0005827505827505828,1716
9022001050772001,0.0,1088
9022001050772002,0.0,1110
9022001050774001,0.0,1074
9022001050774002,0.0,1110
9022001050776001,0.0,771
9022001050776002,0.0,793
9022001050778001,0.0,777
9022001050778002,0.0,782
9022001050780001,0.0,570
9022001050780002,0.0,544
9022001050781001,0.0,1580
9022001050782001,0.0,877
9022001050782002,0.001177856301531213,849
9022001050786001,0.0,889
9022001050786002,0.001152073732718894,868
9022001050790001,0.0,314
9022001050790002,0.006134969325153374,326
9022001050797001,0.0,317
9022001050797002,0.006060606060606061,330
9022001050798002,0.0,669
9022001050798003,0.0,664
9022001050800001,0.0,387
9022001050800002,0.0,1640
9022001050800003,0.0008593526210254941,3491
9022001050800004,0.0,522
9022001050800005,0.0,1002
9022001050800007,0.0,947
9022001050800009,0.044666923373122835,2597
9022001050800012,0.0,1306
9022001050800013,0.0,1114
9022001050835001,0.0,753
9022001050835002,0.0,758
9022001050837001,0.0,757
9022001050837002,0.0,755
9022001050862001,0.002325581395348837,430
9022001050862002,0.0,452
9022001050864001,0.0,2092
9022001050864002,0.0,2078
9022001050866001,0.0,1460
9022001050866002,0.0,1486
9022001050870001,0.0,1478
9022001050870002,0.0,1496
9022001050872001,0.0,938
9022001050872002,0.0,872
9022001050874001,0.0,1501
9022001050874002,0.0,1498
9022001050875001,0.0,2057
9022001050875002,0.0,2085
9022001050880001,0.0,1497
9022001050880002,0.0,1159
9022001050880003,0.0,1443
9022001050899001,0.0,948
9022001050899002,0.0,901
9022001050901001,0.0,970
9022001050901002,0.0,704
9022001050907001,0.0,954
9022001050907002,0.0,900
9022001050909001,0.0,1028
9022001050909003,0.0,982
9022001050910001,0.0,887
9022001050910002,0.0,2345
9022001050910003,0.0,131
9022001050911001,0.0,1022
9022001050911002,0.0,993
9022001050913001,0.0,1623
9022001050915001,0.0,562
9022001050915002,0.0,546
9022001050917001,0.0,555
9022001050917002,0.0,539
9022001050920001,0.0,705
9022001050920002,0.0,750
9022001050922001,0.0,1354
9022001050922002,0.0,1388
9022001050924001,0.0,2983
9022001050924002,0.0,2981
9022001050932001,0.0,919
9022001050932002,0.0,875
9022001050934001,0.0,921
9022001050934002,0.0,866
9022001050936001,0.0,933
9022001050936002,0.0,877
9022001050938001,0.0,935
9022001050938002,0.0,877
9022001050940001,0.0,1233
9022001050940004,0.0,1239
9022001050942001,0.0,539
9022001050942002,0.0,556
9022001050953001,0.0,969
9022001050953002,0.0,896
9022001050964001,0.0,929
9022001050964002,0.0,868
9022001050968002,0.0,753
9022001050968003,0.0,735
9022001050970001,0.0010471204188481676,955
9022001050970002,0.0,911
9022001050972001,0.0,1655
9022001050972002,0.0,1607
9022001050976001,0.0,1326
9022001050976002,0.0,1278
9022001050977001,0.0,1339
9022001050978001,0.0,1334
9022001050978002,0.0,1293
9022001050980001,0.0,1199
9022001050980002,0.0,1214
9022001050984001,0.0,1341
9022001050984002,0.0,1286
9022001050990001,0.0,1007
9022001050990002,0.0,1034
9022001050993001,0.0,255
9022001050993002,0.0,1023
9022001050995001,0.0,1889
9022001050995002,0.0,1984
9022001050997001,0.0,772
9022001051000001,0.0,550
9022001051000002,0.0,2186
9022001051002001,0.0,716
9022001051002002,0.0,694
9022001051004001,0.0,714
9022001051004002,0.0,688
9022001051006001,0.0,690
9022001051006002,0.0,706
9022001051008001,0.0,189
9022001051008002,0.0,199
9022001051008003,0.0,703
9022001051010001,0.0,222
9022001051010002,0.0,200
9022001051012001,0.0,786
9022001051014001,0.0,777
9022001051016001,0.0,773
9022001051019001,0.0,44
9022001051020001,0.0,125
9022001051020002,0.0,124
9022001051022001,0.0,122
9022001051022002,0.0,127
9022001051024001,0.0,118
9022001051024002,0.0,124
9022001051026001,0.0,120
9022001051026002,0.0,128
9022001051028001,0.0,123
9022001051028002,0.0,126
9022001051030001,0.0,126
9022001051030002,0.0,126
9022001051032001,0.0,129
9022001051032002,0.0,117
9022001051034001,0.0,113
9022001051034002,0.0,113
9022001051036001,0.0,104
9022001051036002,0.0,113
9022001051038001,0.0,108
9022001051038002,0.0,113
9022001051040001,0.0,226
9022001051042001,0.0,893
9022001051042002,0.0,908
9022001051045001,0.0,117
9022001051045002,0.0,129
9022001051047001,0.0,125
9022001051047002,0.0,123
9022001051049001,0.0,777
9022001051051001,0.0,2267
9022001051051002,0.0,2298
9022001051053002,0.0,1309
9022001051053003,0.0,1182
9022001051054001,0.00026164311878597594,3822
9022001051054002,0.0,2960
9022001051055001,0.0,90
9022001051055002,0.0,974
9022001051055003,0.0,1023
9022001051057001,0.0,97
9022001051057002,0.0,88
9022001051059001,0.0,83
9022001051059002,0.0,89
9022001051061001,0.0,97
9022001051061002,0.0,88
9022001051063002,0.0,86
9022001051065001,0.0,93
9022001051065002,0.0,90
9022001051067001,0.0,89
9022001051067002,0.0,90
9022001051069001,0.0,43
9022001051069002,0.0,43
9022001051071001,0.0,50
9022001051071002,0.0,39
9022001051073001,0.0,44
9022001051073002,0.0,45
9022001051075001,0.0,42
9022001051075002,0.0,43
9022001051077001,0.0,44
9022001051077002,0.0,44
9022001051079001,0.0,42
9022001051079002,0.0,36
9022001051081001,0.0,40
9022001051081002,0.0,38
9022001051083001,0.0,43
9022001051083002,0.0,42
9022001051085001,0.0,44
9022001051085002,0.0,42
9022001051087001,0.0,45
9022001051087002,0.0,38
9022001051089001,0.0,41
9022001051089002,0.0,41
9022001051091001,0.0,36
9022001051091002,0.0,41
9022001051093001,0.0,40
9022001051093002,0.0,42
9022001051095001,0.0,38
9022001051095002,0.0,42
9022001051097001,0.0,43
9022001051097002,0.0,38
9022001051099001,0.0,43
9022001051099002,0.0,40
9022001051101001,0.0,37
9022001051101002,0.0,40
9022001051103001,0.0,37
9022001051103002,0.0,39
9022001051105001,0.0,40
9022001051105002,0.0,43
9022001051107001,0.0,43
9022001051107002,0.0,37
9022001051109001,0.0,40
9022001051109002,0.0,45
9022001051111001,0.0,42
9022001051111002,0.0,40
9022001051113001,0.0,45
9022001051113002,0.0,41
9022001051115001,0.0,1183
9022001051115002,0.0,1198
9022001051121001,0.0,1716
9022001051121002,0.0005787037037037037,1728
9022001051123001,0.0,1225
9022001051123002,0.0,1167
9022001051127001,0.0,1985
9022001051127002,0.001010611419909045,1979
9022001051129001,0.0,1982
9022001051129002,0.0005047955577990914,1981
9022001051133001,0.0,9
9022001051133002,0.0,15
9022001051135001,0.0,11
9022001051135002,0.0,15
9022001051137001,0.0,10
9022001051137002,0.0,15
9022001051139001,0.0,13
9022001051139002,0.0,15
9022001051141001,0.1956521739130435,46
9022001051141002,0.0,26
9022001051144001,0.2571428571428571,35
9022001051144002,0.0,354
9022001051144003,0.0,362
9022001051144004,0.0,13
9022001051153001,0.0007518796992481203,1330
9022001051153002,0.001941747572815534,2060
9022001051155001,0.0,133
9022001051155002,0.0033333333333333335,900
9022001051169001,0.0,43
9022001051169002,0.0,41
9022001051174001,0.0,55
9022001051174002,0.0,62
9022001051176001,0.0,115
9022001051176002,0.0,99
9022001051207001,0.0,58
9022001051207002,0.0,55
9022001051209001,0.0,60
9022001051209002,0.0,55
9022001051211001,0.0,61
9022001051211002,0.0,54
9022001051213001,0.0,66
9022001051213002,0.0,48
9022001051215001,0.0,57
9022001051215002,0.0,51
9022001051217001,0.0,64
9022001051217002,0.0,55
9022001051219001,0.0,68
9022001051219002,0.0,49
9022001051221001,0.0,61
9022001051221002,0.0,48
9022001051223001,0.0,64
9022001051223002,0.0,50
9022001051225001,0.0,58
9022001051225002,0.0,54
9022001051227001,0.0,57
9022001051227002,0.0,45
9022001051229001,0.0,63
9022001051229002,0.0,52
9022001051231001,0.0,65
9022001051231002,0.0,48
9022001051233001,0.0,66
9022001051233002,0.0,54
9022001051235001,0.0,65
9022001051235002,0.0,51
9022001051237001,0.0,471
9022001051239002,0.0,221
9022001051239003,0.0,245
9022001051241001,0.0,245
9022001051241002,0.0,222
9022001051243001,0.0,243
9022001051243002,0.0,218
9022001051245001,0.0,516
9022001051245002,0.0,673
9022001051247001,0.0,515
9022001051247002,0.0,663
9022001051249001,0.0,515
9022001051249002,0.0,670
9022001051251001,0.0,1240
9022001051251002,0.0,1459
9022001051257001,0.0,58
9022001051257002,0.0,53
9022001051259001,0.0,60
9022001051259002,0.0,50
9022001051261001,0.0,58
9022001051261002,0.0,51
9022001051263001,0.0,452
9022001051264001,0.0,54
9022001051264002,0.0,56
9022001051266001,0.0,50
9022001051266002,0.0,67
9022001051268001,0.0,42
9022001051268002,0.0,42
9022001051273001,0.0,1336
9022001051273002,0.0,1299
9022001051275001,0.0,93
9022001051275002,0.0,93
9022001051281001,0.0,1186
9022001051281002,0.0,1149
9022001051283001,0.0,1723
9022001051284001,0.0,1467
9022001051284002,0.0,1545
9022001051286001,0.0,825
9022001051286002,0.0,850
9022001051288001,0.0,813
9022001051288002,0.0,867
9022001051290001,0.0,830
9022001051290002,0.0,854
9022001051292001,0.0,818
9022001051292002,0.0,855
9022001051294001,0.0,1499
9022001051294002,0.0,1535
9022001051296001,0.0,1219
9022001051296002,0.0,1292
9022001051298001,0.0,560
9022001051298002,0.0,615
9022001051300001,0.0,1222
9022001051300002,0.0,1297
9022001051302001,0.0,435
9022001051302002,0.0,446
9022001051304001,0.0,100
9022001051304002,0.0,102
9022001051306001,0.0,89
9022001051306002,0.0,88
9022001051308001,0.0,86
9022001051308002,0.0,89
9022001051313001,0.0,1328
9022001051313002,0.0,1363
9022001051315001,0.0,1352
9022001051315002,0.0,1383
9022001051317001,0.0,2096
9022001051317002,0.0,2105
9022001051319001,0.0,2102
9022001051319002,0.0,2083
9022001051321001,0.0,1589
9022001051321002,0.0,1611
9022001051323001,0.0,1579
9022001051323002,0.0,1627
9022001051325001,0.0,728
9022001051325002,0.0,713
9022001051327001,0.0,1456
9022001051333001,0.0,190
9022001051333002,0.0,2589
9022001051333003,0.0,1310
9022001051333005,0.0,1017
9022001051337001,0.0,519
9022001051337002,0.0,553
9022001051339001,0.0,518
9022001051339002,0.0,557
9022001051341001,0.0,518
9022001051341002,0.0,557
9022001051343001,0.0,512
9022001051343002,0.0,551
9022001051347001,0.0,528
9022001051347002,0.0,549
9022001051349001,0.0,793
9022001051349002,0.0,765
9022001051351001,0.0,872
9022001051351002,0.0,863
9022001051353001,0.0,759
9022001051353002,0.0,791
9022001051355001,0.0,749
9022001051355002,0.0,779
9022001051357001,0.0,781
9022001051357002,0.0,776
9022001051359001,0.0,774
9022001051359002,0.0,734
9022001051361001,0.0,1605
9022001051361002,0.0,1630
9022001051361003,0.0,503
9022001051361004,0.0,469
9022001051365001,0.0,1346
9022001051365002,0.0,1368
9022001051367001,0.0,1353
9022001051367002,0.0,1381
9022001051369001,0.0,1013
9022001051369002,0.0,1031
9022001051371001,0.0,494
9022001051371002,0.0,471
9022001051373001,0.0,415
9022001051373002,0.0,402
9022001051375001,0.0,414
9022001051375002,0.0,415
9022001051377001,0.0,1282
9022001051377002,0.0,1314
9022001051380001,0.0,2606
9022001051381001,0.0,97
9022001051381002,0.0,88
9022001051382001,0.0,777
9022001051382002,0.0,752
9022001051386001,0.0,808
9022001051386002,0.0,838
9022001051389001,0.0,443
9022001051389002,0.0,426
9022001051390001,0.0,99
9022001051390002,0.0,88
9022001051391001,0.0,91
9022001051391002,0.0,93
9022001051393001,0.0,88
9022001051393002,0.0,87
9022001051395001,0.0,89
9022001051395002,0.0,93
9022001051396001,0.0,85
9022001051396002,0.0,90
9022001051397001,0.0,90
9022001051397002,0.0,91
9022001051399001,0.0,89
9022001051399002,0.0,86
9022001051402001,0.0,179
9022001051405001,0.0,93
9022001051405002,0.0,94
9022001051413001,0.0,2254
9022001051413002,0.0,2074
9022001051416001,0.0,2102
9022001051416002,0.0,2229
9022001051418001,0.0,2039
9022001051418002,0.0,2242
9022001051422001,0.0,701
9022001051422002,0.0,663
9022001051424001,0.0,1751
9022001051425001,0.0,1866
9022001051426001,0.0,1726
9022001051426002,0.0,1860
9022001051428001,0.0,1747
9022001051428002,0.0,1834
9022001051430001,0.0,1729
9022001051430002,0.0,1850
9022001051432001,0.0,1737
9022001051432002,0.0,1854
9022001051434001,0.0,1744
9022001051434002,0.0,1831
9022001051436001,0.0,1740
9022001051436002,0.0,448
9022001051436003,0.0,2058
9022001051436004,0.0,82
9022001051438001,0.0,298
9022001051438002,0.0,453
9022001051440001,0.0,83
9022001051440002,0.0,1260
9022001051442001,0.0,2847
9022001051442002,0.0,2753
9022001051444001,0.0,1632
9022001051444002,0.0,1508
9022001051446001,0.0,3274
9022001051446002,0.0,3287
9022001051446003,0.0,419
9022001051446004,0.0,503
9022001051448001,0.0,2280
9022001051448002,0.0,2356
9022001051452001,0.0,3317
9022001051452002,0.0,3355
9022001051455001,0.0,1033
9022001051458001,0.0,1803
9022001051458002,0.0,1750
9022001051460001,0.0,554
9022001051460002,0.0,528
9022001051462001,0.00955593029792018,1779
9022001051462002,0.0,1809
9022001051464001,0.009653605905735378,1761
9022001051464003,0.0,1686
9022001051464004,0.0,4880
9022001051464006,0.0,2573
9022001051466001,0.007751937984496124,2064
9022001051466002,0.0,2100
9022001051468001,0.004155124653739612,3610
9022001051468002,0.0,3659
9022001051470001,0.006211180124223602,2415
9022001051470002,0.0,2454
9022001051472001,0.005002779321845469,3598
9022001051472002,0.0,3672
9022001051474001,0.006705783738474434,2386
9022001051474002,0.0,2448
9022001051476001,0.006576243321002877,2433
9022001051476002,0.0,2428
9022001051482001,0.0,2909
9022001051482002,0.0,2841
9022001051487001,0.0,1795
9022001051487002,0.009620826259196379,1767
9022001051489001,0.0,748
9022001051489002,0.023255813953488372,688
9022001051492001,0.0019267822736030828,1038
9022001051492002,0.0,1003
9022001051494001,0.0,1689
9022001051494002,0.0,1739
9022001051496001,0.0,3055
9022001051496002,0.0018181818181818182,1100
9022001051496003,0.0,4196
9022001051498001,0.0,1078
9022001051498002,0.0018198362147406734,1099
9022001051500001,0.0,702
9022001051500002,0.0,731
9022001051502001,0.0,1087
9022001051502002,0.0018181818181818182,1100
9022001051506001,0.0,694
9022001051506002,0.0,724
9022001051508001,0.02564102564102564,702
9022001051508002,0.0,740
9022001051514001,0.0,2639
9022001051514002,0.0,2692
9022001051524001,0.0009191176470588235,2176
9022001051524002,0.0,2194
9022001051526001,0.0,2176
9022001051526002,0.0,2155
9022001051528001,0.0,4153
9022001051528002,0.0,4155
9022001051528004,0.0,631
9022001051530001,0.0,2460
9022001051530002,0.0,2439
9022001051532001,0.0,4482
9022001051532002,0.0,4433
9022001051538001,0.0014858841010401188,2692
9022001051538002,0.0011645962732919255,2576
9022001051544001,0.0,324
9022001051546001,0.0,665
9022001051548001,0.0,669
9022001051550001,0.0,679
9022001051550002,0.0,326
9022001051554001,0.0,1244
9022001051554002,0.0006856359273225917,2917
9022001051556001,0.0,1084
9022001051556002,0.0,1085
9022001051556003,0.0,1572
9022001051556004,0.0012531328320802004,1596
9022001051562001,0.0,1659
9022001051562002,0.0,1671
9022001051564001,0.0,1660
9022001051564002,0.0,1709
9022001051568001,0.0,1184
9022001051568002,0.0,1183
9022001051571001,0.0,1701
9022001051571002,0.0,1487
9022001051574001,0.0,2040
9022001051574002,0.0,2040
9022001051576001,0.0,2086
9022001051576002,0.0,2046
9022001051578001,0.0,2077
9022001051578002,0.0,2082
9022001051582001,0.0,5975
9022001051582002,0.0,7450
9022001051584001,0.0,1197
9022001051584002,0.0,1205
9022001051586016,0.0,226
9022001051586017,0.0,1228
9022001051586018,0.0,1179
9022001051586019,0.0,1132
9022001051586020,0.0,1093
9022001051586021,0.0,1378
9022001051586022,0.0,850
9022001051586023,0.0,818
9022001051586024,0.0,600
9022001051586025,0.0,463
9022001051586026,0.0,1316
9022001051586027,0.0,242
9022001051586028,0.0,1099
9022001051586029,0.0,7318
9022001051586030,0.0,4062
9022001051588001,0.0,1619
9022001051588002,0.0,1588
9022001051592001,0.0,2282
9022001051592002,0.0,3482
9022001051594001,0.0,1161
9022001051594002,0.0,1123
9022001051596001,0.0,1142
9022001051596002,0.0,1120
9022001051598001,0.0,1157
9022001051598002,0.0,1137
9022001051600001,0.0,1141
9022001051600002,0.0,1130
9022001051602001,0.0,1147
9022001051602002,0.0,1128
9022001051606001,0.0,1158
9022001051606002,0.0,1122
9022001051608001,0.0,1274
9022001051608002,0.0,926
9022001051608003,0.0,1910
9022001051608004,0.0,1081
9022001051610001,0.0,715
9022001051610002,0.0,113
9022001051610003,0.0,595
9022001051612001,0.0,1729
9022001051612002,0.0,1891
9022001051614001,0.0,95
9022001051614002,0.0,114
9022001051614003,0.0,1089
9022001051614004,0.0,1077
9022001051616002,0.0,691
9022001051616003,0.0,717
9022001051618001,0.0,719
9022001051618002,0.0,701
9022001051620001,0.0,750
9022001051620002,0.0,697
9022001051622001,0.0,1219
9022001051624001,0.0,27
9022001051624002,0.0,26
9022001051626001,0.0,26
9022001051626002,0.0,26
9022001051628001,0.0,29
9022001051628002,0.0,26
9022001051630001,0.0,54
9022001051631001,0.0,705
9022001051631002,0.0,720
9022001051633001,0.0,686
9022001051635001,0.0,3995
9022001051635002,0.0,2782
9022001051638001,0.0,546
9022001051638002,0.0,519
9022001051642001,0.0,575
9022001051642002,0.0,611
9022001051645001,0.0,630
9022001051657001,0.0,602
9022001051657002,0.0,602
9022001051659001,0.0,463
9022001051659002,0.0,441
9022001051661001,0.0,472
9022001051661002,0.0,439
9022001051664001,0.0,617
9022001051664002,0.0,546
9022001051667001,0.0,461
9022001051667002,0.0,434
9022001051684001,0.0,613
9022001051684002,0.0,547
9022001051692001,0.0,1387
9022001051693002,0.0,85
9022001051694001,0.0,1366
9022001051696001,0.0,1386
9022001051697001,0.0,1387
9022001051698001,0.0,1441
9022001051699001,0.0,1379
9022001051699002,0.0,80
9022001051700001,0.0,1450
9022001051703001,0.0,1461
9022001051711001,0.0,490
9022001051711002,0.0,471
9022001051712001,0.0,497
9022001051712002,0.0,551
9022001051714001,0.0,499
9022001051714002,0.0,471
9022001051716001,0.0,496
9022001051716002,0.0,481
9022001051718001,0.0,495
9022001051718002,0.0,482
9022001051720001,0.0,478
9022001051720002,0.0,475
9022001051722001,0.0,470
9022001051722002,0.0,479
9022001051726001,0.0,463
9022001051726002,0.0,1088
9022001051728001,0.0,1060
9022001051728002,0.0,1081
9022001051732001,0.0,2000
9022001051732002,0.0,1975
9022001051734001,0.0,2011
9022001051734002,0.0,1971
9022001051736001,0.0,2637
9022001051736002,0.0,2761
9022001051738001,0.0,2636
9022001051738002,0.0,2722
9022001051742001,0.0,2288
9022001051742002,0.0,38
9022001051744001,0.0,3451
9022001051744002,0.0,3554
9022001051746001,0.0,3450
9022001051746002,0.0,3525
9022001051748001,0.0,1469
9022001051748002,0.0,1639
9022001051750001,0.0,1483
9022001051750002,0.0,1584
9022001051752001,0.0,2607
9022001051752002,0.0,2704
9022001051754002,0.0,853
9022001051754003,0.0,831
9022001051755001,0.0,1891
9022001051755002,0.0,2647
9022001051757001,0.0,1885
9022001051757002,0.0,1788
9022001051761001,0.0,86
9022001051761002,0.0,135
9022001051761003,0.0013605442176870747,735
9022001051763001,0.0,764
9022001051763002,0.002472187886279357,809
9022001051767001,0.0,702
9022001051767002,0.0013351134846461949,749
9022001051772001,0.0,889
9022001051772002,0.0,874
9022001051775001,0.0,834
9022001051775002,0.0,870
9022001051777001,0.0,828
9022001051777002,0.0,849
9022001051779001,0.0,819
9022001051779002,0.0,864
9022001051781001,0.0,830
9022001051781002,0.0,856
9022001051783001,0.0,829
9022001051783002,0.0,839
9022001051785001,0.0,849
9022001051785002,0.0,885
9022001051787001,0.0,857
9022001051787002,0.0,869
9022001051789001,0.0,878
9022001051789002,0.0,860
9022001051791001,0.0,865
9022001051791002,0.0,904
9022001051793001,0.0,851
9022001051793002,0.0,900
9022001051799001,0.0,870
9022001051799002,0.0,805
9022001051801001,0.0,863
9022001051801002,0.0,814
9022001051803001,0.0,845
9022001051803002,0.0,831
9022001051805001,0.0,1110
9022001051805002,0.0,1100
9022001051806001,0.0,1159
9022001051806002,0.0,1092
9022001051813001,0.0,1081
9022001051813002,0.0,1068
9022001051815001,0.0,1063
9022001051815002,0.0,1087
9022001051817001,0.0,1074
9022001051817002,0.0,1060
9022001051821001,0.0,34
9022001051821002,0.0,35
9022001051823001,0.0,36
9022001051823002,0.0,35
9022001051826001,0.0,73
9022001051827001,0.0,761
9022001051827002,0.0,648
9022001051829001,0.0,1120
9022001051829002,0.0,1128
9022001051831001,0.0,1076
9022001051831002,0.0,1120
9022001051833001,0.0,1110
9022001051833002,0.0,1119
9022001051835001,0.0,1120
9022001051835002,0.0,1130
9022001051837001,0.0,1097
9022001051837002,0.0,1152
9022001051859001,0.0,201
9022001051859002,0.0,200
9022001051886001,0.0,58
9022001051886002,0.0,60
9022001051900001,0.0,477
9022001051900002,0.0,501
9022001051902001,0.0,201
9022001051902002,0.0,316
9022001051904001,0.0,177
9022001051904002,0.0,173
9022001051909001,0.0,394
9022001051909002,0.0,386
9022001051950001,0.0,1062
9022001051950002,0.0,1072
9022001051950004,0.0,837
9022001051950005,0.0,883
9022001051955001,0.0,194
9022001051955002,0.0,195
9022001051957001,0.0,735
9022001051957002,0.0,702
9022001051973001,0.0,827
9022001051973002,0.0,747
9022001051975001,0.0,684
9022001051975002,0.0,718
9022001051977001,0.0,814
9022001051977002,0.0,750
9022001051979001,0.0,560
9022001051979002,0.0,577
9022001051983001,0.0,1335
9022001051983002,0.0,1388
9022001051987001,0.0,1886
9022001051987002,0.0,1966
9022001051989001,0.0,1320
9022001051989002,0.0,1370
9022001051991002,0.0,1160
9022001051991003,0.0,1153
9022001051993001,0.0,551
9022001051993002,0.0,579
9022001051995001,0.0,551
9022001051995002,0.0,561
9022001051997001,0.0,567
9022001051997002,0.0,584
9022001051999001,0.0,563
9022001051999002,0.0,570
9022001052001001,0.0,548
9022001052001002,0.0,580
9022001052005001,0.0,1334
9022001052005002,0.0,1306
9022001052007001,0.0,760
9022001052007002,0.0,747
9022001052009001,0.0,1496
9022001052009002,0.0,1514
9022001052011002,0.0,1501
9022001052013001,0.0,1512
9022001052014001,0.0,757
9022001052014002,0.0,762
9022001052016001,0.0,1344
9022001052016002,0.0,1337
9022001052018001,0.0,2688
9022001052021001,0.0,483
9022001052021002,0.0,429
9022001052023001,0.0,488
9022001052023002,0.0,430
9022001052033001,0.0,485
9022001052033002,0.0,435
9022001052034001,0.0,1063
9022001052034002,0.0,978
9022001052035001,0.0,1425
9022001052035002,0.0,1305
9022001052036001,0.0,1305
9022001052036002,0.0,1191
9022001052037001,0.0,1429
9022001052037002,0.0,1301
9022001052038001,0.0,1295
9022001052038002,0.0,1185
9022001052040001,0.0,1301
9022001052040002,0.0,1177
9022001052049001,0.0,433
9022001052049002,0.0,482
9022001052064001,0.0,2587
9022001052064002,0.0,2558
9022001052072001,0.0,1032
9022001052072002,0.0,968
9022001052074001,0.0,1040
9022001052074002,0.0,967
9022001052076001,0.0,1045
9022001052076002,0.0,984
9022001052078001,0.0,1043
9022001052078002,0.0,964
9022001052084001,0.0,1138
9022001052084002,0.0,1176
9022001052093001,0.0,1309
9022001052093002,0.0,1956
9022001052096001,0.0,1447
9022001052096002,0.0,1344
9022001052098001,0.0,532
9022001052098002,0.0,513
9022001052100001,0.0,1177
9022001052100002,0.0,1148
9022001052102001,0.0,1176
9022001052102002,0.0,1159
9022001052104001,0.0,1177
9022001052104002,0.0,1194
9022001052111001,0.0,515
9022001052111002,0.0,530
9022001052113001,0.0,221
9022001052113002,0.0,243
9022001052130001,0.0,1033
9022001052130002,0.0,956
9022001052131001,0.0,581
9022001052131002,0.0,577
9022001052132001,0.0,571
9022001052132002,0.0,575
9022001052134001,0.0,563
9022001052134002,0.0,573
9022001052136001,0.0,578
9022001052136002,0.0,576
9022001052138001,0.0,570
9022001052138002,0.0,578
9022001052140001,0.0,570
9022001052140002,0.0,579
9022001052144001,0.0,4017
9022001052144002,0.0,3801
9022001052170001,0.0,480
9022001052171001,0.0,202
9022001052171002,0.0,220
9022001052173001,0.0,201
9022001052173002,0.0,216
9022001052175001,0.0,191
9022001052175002,0.0,214
9022001052177001,0.0,90
9022001052177002,0.0,104
9022001052179001,0.0,94
9022001052179002,0.0,89
9022001052181001,0.0,57
9022001052181002,0.0,89
9022001052183001,0.0,157
9022001052183002,0.0,179
9022001052185001,0.0,195
9022001052185002,0.0,234
9022001052187001,0.0,192
9022001052187002,0.0,220
9022001052189001,0.0,195
9022001052189002,0.0,228
9022001052223001,0.0,37
9022001052223002,0.0,39
9022001052225001,0.0,12
9022001052225002,0.0,31
9022001052227001,0.0,14
9022001052227002,0.0,30
9022001052229001,0.0,13
9022001052229002,0.0,34
9022001052231001,0.0,14
9022001052231002,0.0,32
9022001052233001,0.0,17
9022001052233003,0.0,30
9022001052259003,0.0,49
9022001052259004,0.0,49
9022001052265001,0.0,58
9022001052265002,0.0,86
9022001052271001,0.0,11
9022001052271002,0.0,8
9022001052273001,0.0,21
9022001052274001,0.0,40
9022001052274002,0.0,39
9022001052278001,0.0,30
9022001052278002,0.0,13
9022001052281001,0.0,47
9022001052281002,0.0,43
9022001052283001,0.0,46
9022001052283002,0.0,48
9022001052285001,0.0,44
9022001052285002,0.0,45
9022001052287001,0.0,48
9022001052287002,0.0,42
9022001052291001,0.0,50
9022001052291002,0.0,44
9022001052293001,0.0,87
9022001052293002,0.0,91
9022001052296001,0.0,83
9022001052296002,0.0,67
9022001052298001,0.0,719
9022001052298002,0.0,662
9022001052301001,0.0,1416
9022001052301002,0.0,1327
9022001052316001,0.0,814
9022001052316002,0.0,823
9022001052320001,0.0,615
9022001052320002,0.0,549
9022001052322001,0.0,2147
9022001052322002,0.0,2158
9022001052326001,0.0,2345
9022001052326002,0.0,2352
9022001052330001,0.0,950
9022001052330002,0.0,971
9022001052332001,0.0,948
9022001052332002,0.0,964
9022001052336001,0.0,104
9022001052336002,0.0,92
9022001052340001,0.0,4162
9022001052340002,0.0,4206
9022001052342001,0.0,4172
9022001052342002,0.0,4236
9022001052344001,0.0,2038
9022001052344002,0.0,2075
9022001052346001,0.0,1673
9022001052346002,0.0,1670
9022001052347001,0.0,1668
9022001052347002,0.0,1676
9022001052348001,0.0,1671
9022001052348002,0.0,1641
9022001052349001,0.0,79
9022001052350001,0.0,868
9022001052350002,0.0,914
9022001052352001,0.0,869
9022001052352002,0.0,891
9022001052354001,0.0,869
9022001052354002,0.0,891
9022001052356001,0.0,869
9022001052356002,0.0,907
9022001052358001,0.0,74
9022001052359001,0.0,66
9022001052361001,0.0,77
9022001052372001,0.0,2346
9022001052372002,0.0,2371
9022001052375001,0.0,687
9022001052375002,0.0,696
9022001052377001,0.0,1027
9022001052377002,0.0,1006
9022001052380001,0.0,1117
9022001052444001,0.0,315
9022001052444002,0.0,1374
9022001052450001,0.0,284
9022001052450002,0.0,226
9022001052583001,0.0,1571
9022001052583003,0.0,1614
9022001052585001,0.0,559
9022001052585002,0.0,588
9022001052586001,0.0,1159
9022001052591002,0.0,4
9022001052622001,0.0,583
9022001052622002,0.0,576
9022001052624001,0.0,588
9022001052624002,0.0,575
9022001052626001,0.0,585
9022001052626002,0.0,566
9022001052628001,0.0,585
9022001052628002,0.0,555
9022001052630001,0.0,583
9022001052630002,0.0,584
9022001052632001,0.0,583
9022001052632002,0.0,571
9022001052634001,0.0,584
9022001052634002,0.0,575
9022001052636001,0.0,586
9022001052636002,0.0,561
9022001052638001,0.0,575
9022001052638002,0.0,564
9022001052640001,0.0,569
9022001052640002,0.0,566
9022001052703001,0.0,164
9022001052709001,0.0,73
9022001052710001,0.0,67
9022001052711001,0.0,75
9022001052821001,0.0,571
9022001052821002,0.0,587
9022001052823001,0.0,571
9022001052823002,0.0,590
9022001052825001,0.0,570
9022001052825002,0.0,585
9022001052827001,0.0,564
9022001052827002,0.0,587
9022001052829001,0.0,565
9022001052829002,0.0,584
9022001052831001,0.0,565
9022001052831002,0.0,591
9022001052833001,0.0,565
9022001052833002,0.0,579
9022001052839001,0.0,565
9022001052839002,0.0,562
9022001052841001,0.0,5
9022001052994001,0.0,1367
9022001052994002,0.0,1256
9022001052994003,0.0,927
9022001052994007,0.0,1664
9022001054009001,0.0,60
9022001054009002,0.0,2551
9022001054009003,0.0,533
9022001054009004,0.0,1390
9022001054009005,0.0,729
9022001054012001,0.0,715
9022001054012002,0.0,739
9022001054015001,0.0,688
9022001054022001,0.0,1431
9022001054022002,0.0,89
9022001054022003,0.0,96
9022001054024001,0.0,96
9022001054024002,0.0,90
9022001054026001,0.0,1215
9022001054026002,0.0,1229
9022001054028001,0.0,1245
9022001054028002,0.0,1192
9022001054030001,0.0,1214
9022001054030002,0.0,1185
9022001054032001,0.0,1457
9022001054381001,0.0,428
9022001054381002,0.0,399
9022001054385001,0.0,487
9022001054385002,0.0,471
9022001054839001,0.0,201
9022001054839002,0.0,203
9022001054841001,0.0,203
9022001054841002,0.0,203
9022001054843001,0.0,201
9022001054843002,0.0,205
9022001054845001,0.0,194
9022001054845002,0.0,208
9022001054847001,0.0,197
9022001054847002,0.0,208
9022001054849001,0.0,191
9022001054849002,0.0,203
9022001054851001,0.0,194
9022001054851002,0.0,201
9022001054853001,0.0,189
9022001054853002,0.0,207
9022001054855001,0.0,202
9022001054855002,0.0,195
9022001054857001,0.0,204
9022001054857002,0.0,201
9022001054861001,0.0,197
9022001054861002,0.0,197
9022001054863001,0.0,207
9022001054863002,0.0,199
9022001054865001,0.0,187
9022001054865002,0.0,196
9022001054867001,0.0,198
9022001054867002,0.0,195
9022001054869001,0.0,205
9022001054869002,0.0,202
9022001054871001,0.0,197
9022001054871002,0.0,208
9022001054874001,0.0,196
9022001054875001,0.0,197
9022001054875002,0.0,193
9022001054877001,0.0,202
9022001054877002,0.0,201
9022001054879001,0.0,195
9022001054879002,0.0,209
9022001054881001,0.0,200
9022001054881002,0.0,195
9022001054885001,0.0,597
9022001054885002,0.0,578
9022001054887001,0.0,410
9022001054887002,0.0,594
9022001054889001,0.0,395
9022001054889002,0.0,392
9022001054955001,0.0,584
9022001054955002,0.0,569
9022001054961002,0.0,401
9022001054964001,0.0,93
9022001054964002,0.0,91
9022001054997001,0.0,374
9022001054997002,0.0,395
9022001055001001,0.0013966480446927375,1432
9022001055001002,0.0,1352
9022001055010001,0.0,1629
9022001055010002,0.0,1639
9022001055011001,0.0,2392
9022001055011002,0.0,2303
9022001055015001,0.0,2389
9022001055015002,0.0,2303
9022001055017001,0.10170250896057348,2232
9022001055017002,0.11465271170313987,2102
9022001055019001,0.0,2375
9022001055019002,0.0,2307
9022001055021001,0.0,2432
9022001055021002,0.0,2317
9022001055023001,0.0,2398
9022001055023002,0.0,2294
9022001055025001,0.0,2387
9022001055025002,0.0,2297
9022001055030001,0.0,914
9022001055030002,0.0,849
9022001055032001,0.0,1216
9022001055033001,0.0,1207
9022001055033002,0.0,1229
9022001055035001,0.0,1214
9022001055035002,0.0,1204
9022001055039001,0.0,134
9022001055039002,0.0,131
9022001055051001,0.0,1336
9022001055051002,0.0,1512
9022001055060001,0.0,1135
9022001055060002,0.0,1045
9022001055062001,0.0,1311
9022001055062002,0.0,1169
9022001055064001,0.0,449
9022001055064002,0.0,481
9022001055069001,0.0,512
9022001055069002,0.0,530
9022001055071001,0.0,1027
9022001055073001,0.0,72
9022001055073002,0.0,111
9022001055075001,0.0,1038
9022001055075002,0.0,603
9022001055078001,0.0,407
9022001055078002,0.0,376
9022001055080001,0.0,393
9022001055081001,0.0,91
9022001055082001,0.0,372
9022001055085001,0.0,2420
9022001055085002,0.0,2364
9022001055087001,0.0,4586
9022001055087002,0.0,4544
9022001055101001,0.0,85
9022001055102001,0.0,85
9022001055103001,0.0,85
9022001055105001,0.0,328
9022001055106001,0.0,161
9022001055111001,0.0,94
9022001055112001,0.0,82
9022001055114001,0.0,84
9022001055138001,0.0,2371
9022001055138002,0.0,2421
9022001055139001,0.0,1142
9022001055139002,0.0,1168
9022001055141001,0.0,1163
9022001055141002,0.0,1183
9022001055162001,0.0,2635
9022001055162002,0.0,2794
9022001055180001,0.0,389
9022001055180002,0.0,517
9022001055182001,0.0,398
9022001055182002,0.0,514
9022001055184001,0.0,401
9022001055184002,0.0,486
9022001055186001,0.0,518
9022001055186002,0.0,397
9022001055200001,0.0,1137
9022001055200002,0.0,2084
9022001055200003,0.0,1919
9022001055200004,0.0,524
9022001055200009,0.0,452
9022001055200010,0.0,1310
9022001055200011,0.0,4064
9022001055215001,0.0,5738
9022001055215002,0.0,5866
9022001055739001,0.0,582
9022001055739002,0.0,626
9022001055761001,0.0,583
9022001055761002,0.0,618
9022001055765001,0.0,158
9022001055765002,0.0,172
9022001055767001,0.0,162
9022001055767002,0.0,159
9022001055769001,0.0,605
9022001055769002,0.0,578
9022001055775001,0.0,623
9022001055775002,0.0,581
9022001055825001,0.0,34
9022001055825002,0.0,37
9022001055827001,0.0,35
9022001055827002,0.0,34
9022001055829001,0.0,16
9022001056013001,0.0,3648
9022001056013002,0.000270929287455974,3691
9022001056017001,0.0,664
9022001056017002,0.0,662
9022001056086001,0.0,1177
9022001056086002,0.0,1170
9022001056404001,0.0,1759
9022001056404002,0.0,1711
9022001056408001,0.0,347
9022001056408002,0.0,345
9022001056512001,0.0,249
9022001056512002,0.0,223
9022001056521001,0.0,627
9022001056521002,0.0,635
9022001056523001,0.0,634
9022001056523002,0.0,621
9022001056683001,0.0,602
9022001056683002,0.0,629
9022001056685001,0.0,600
9022001056685002,0.0,639
9022001056687001,0.0,603
9022001056687002,0.0,636
9022001056701001,0.0,1342
9022001056701002,0.0005707762557077625,1752
9022001056701003,0.0,928
9022001056701004,0.0,124
9022001056701006,0.0,1082
9022001056701007,0.0,923
9022001056701008,0.0,1493
9022001056701010,0.0,1205
9022001056701012,0.0,1075
9022001056701014,0.0,5329
9022001056730001,0.0,568
9022001056730002,0.0,519
9022001056771001,0.0,101
9022001056771002,0.0,113
9022001056771003,0.0,640
9022001056771004,0.0,629
9022001056821001,0.0,1226
9022001056821002,0.0007686395080707148,1301
9022001056823001,0.0,673
9022001056823002,0.0,701
9022001056829001,0.0,1463
9022001056829002,0.0006756756756756757,1480
9022001056831001,0.0,1612
9022001056831002,0.0005875440658049354,1702
9022001056834001,0.0,528
9022001056834002,0.0,643
9022001056837001,0.0,536
9022001056837002,0.0,639
9022001056839001,0.0,533
9022001056839002,0.0,622
9022001056841001,0.0,1194
9022001056841002,0.0,1218
9022001056851001,0.0,196
9022001056851002,0.0,1622
9022001057002001,0.0,36
9022001057002003,0.0,32
9022001057022001,0.0,9
9022001057022002,0.0,11
9022001057025001,0.0,1177
9022001057025002,0.0,1167
9022001057027001,0.0,857
9022001057027002,0.0,885
9022001057029001,0.0,857
9022001057029002,0.0,856
9022001057032001,0.0,1926
9022001057032002,0.0,2082
9022001057032003,0.0,473
9022001057032004,0.0,1276
9022001057032005,0.0,2110
9022001057032006,0.0,1146
9022001057032007,0.0,7345
9022001057039001,0.0,522
9022001057039002,0.0,558
9022001057041001,0.0,521
9022001057041002,0.0,530
9022001057060001,0.0,520
9022001057060002,0.0,531
9022001057062001,0.0,521
9022001057062002,0.0,535
9022001057064001,0.0,520
9022001057064002,0.0,537
9022001057066001,0.0,520
9022001057066002,0.0,530
9022001057068001,0.0,518
9022001057068002,0.0,528
9022001057087001,0.0,890
9022001057087002,0.0,854
9022001057092001,0.0,429
9022001057092002,0.0,487
9022001057094001,0.0,202
9022001057094002,0.0,185
9022001057096001,0.0,201
9022001057096002,0.0,185
9022001057099001,0.0,649
9022001057099002,0.0,670
9022001057100002,0.0,1329
9022001057295001,0.0,26
9022001057295002,0.0,28
9022001057301001,0.0,1661
9022001057301002,0.0,28
9022001057313002,0.0,2874
9022001057318001,0.0,873
9022001057318002,0.0,853
9022001057320001,0.0,864
9022001057320002,0.0,844
9022001057322001,0.0,858
9022001057322002,0.0,833
9022001057324001,0.0,845
9022001057324002,0.0,1028
9022001057329001,0.0,893
9022001057331001,0.0,830
9022001057331002,0.0,838
9022001057332001,0.0,834
9022001057332002,0.0,811
9022001057342001,0.0,2880
9022001057405001,0.0,837
9022001057405002,0.0,869
9022001057426001,0.0,678
9022001057426002,0.0,738
9022001057426003,0.0,2428
9022001057426004,0.0,2505
9022001057428001,0.0,1447
9022001057428002,0.0,829
9022001057433001,0.0,4149
9022001057433002,0.0,4165
9022001057439001,0.0,272
9022001057439002,0.0,142
9022001057441001,0.0,146
9022001057443001,0.0,145
9022001057445001,0.0,142
9022001057447001,0.0,132
9022001057449001,0.0,538
9022001057450001,0.0,142
9022001057450002,0.0,272
9022001057452001,0.0,459
9022001057452002,0.0,479
9022001057454001,0.0,456
9022001057454002,0.0,484
9022001057456001,0.0,463
9022001057456002,0.0,480
9022001057458001,0.0,466
9022001057458002,0.0,483
9022001057460001,0.0,456
9022001057460002,0.0,478
9022001057462001,0.0,469
9022001057462002,0.0,479
9022001057464002,0.0,1872
9022001057466001,0.0,462
9022001057466002,0.0,480
9022001057468001,0.0,294
9022001057468002,0.0,275
9022001057494001,0.0,245
9022001057494002,0.0,232
9022001057504003,0.0,791
9022001057504004,0.0,66
9022001057507001,0.0,48
9022001057507002,0.0,47
9022001057515001,0.0,327
9022001057519001,0.0,330
9022001057521001,0.0,326
9022001057523001,0.0,315
9022001057525001,0.0,312
9022001057527001,0.0,326
9022001057529001,0.0,319
9022001057531001,0.0,172
9022001057531003,0.0,155
9022001057539001,0.0,337
9022001057543001,0.0,14
9022001057543002,0.0,12
9022001057818001,0.0,552
9022001057818002,0.0,579
9022001057820001,0.0,572
9022001057820002,0.0,581
9022001057822001,0.0,581
9022001057822002,0.0,578
9022001057941001,0.0,1361
9022001057941002,0.0,1369
9022001057943001,0.0,574
9022001057943002,0.0,578
9022001057945001,0.0,576
9022001057945002,0.0,586
9022001057947001,0.0,591
9022001057947002,0.0,582
9022001057960001,0.0,772
9022001057960002,0.0,754
9022001057962002,0.0,579
9022001057970001,0.0,377
9022001057970002,0.0,394
9022001057972001,0.0,386
9022001057972002,0.0,384
9022001057975001,0.0,1158
9022001057986001,0.0,376
9022001057986002,0.0,387
9022001057988001,0.0,380
9022001057988002,0.0,398
9022001057990001,0.0,770
9022001057992001,0.0,386
9022001057992002,0.0,395
9022001057994001,0.0,376
9022001057994002,0.0,387
9022001057996001,0.0,369
9022001057996002,0.0,381
9022001060011001,0.0008750437521876093,5714
9022001060011002,0.0,5778
9022001060011003,0.0,1057
9022001060011004,0.0,344
9022001060014001,0.0,9687
9022001060017002,0.0,4044
9022001060017003,0.0,2232
9022001060017005,0.0,3905
9022001060020001,0.0002457606291472106,4069
9022001060020002,0.0,879
9022001060020003,0.0,927
9022001060020004,0.0,504
9022001060020005,0.0,697
9022001060020006,0.0,1046
9022001060020007,0.0,71
9022001060028001,0.0,23
9022001060028002,0.0,21
9022001060040002,0.009280742459396751,431
9022001060040003,0.0,568
9022001060040004,0.0,27
9022001060040005,0.0,566
9022001060040006,0.008620689655172414,696
9022001060040008,0.0,632
9022001060050001,0.0005462988254575252,3661
9022001060050002,0.0,376
9022001060050003,0.0,796
9022001060050004,0.0,551
9022001060050005,0.0,433
9022001060050006,0.0,205
9022001060050007,0.0,1302
9022001060050008,0.0,406
9022001060050009,0.0,226
9022001060050010,0.0,420
9022001060050011,0.0,899
9022001060050012,0.0,941
9022001060050013,0.0,1347
9022001060060002,0.0,286
9022001060060003,0.0,299
9022001060060004,0.0,457
9022001060080001,0.0005385029617662897,3714
9022001060080003,0.0,1181
9022001060080004,0.0,1262
9022001060080009,0.0022488755622188904,1334
9022001060090001,0.0,858
9022001060090002,0.0,719
9022001060090003,0.0,79
9022001060101001,0.0,8044
9022001060101002,0.0,2209
9022001060105001,0.0,2156
9022001060105002,0.0,2048
9022001060107001,0.0,2232
9022001060107002,0.0,2058
9022001060109001,0.0,2215
9022001060109002,0.0,2039
9022001060111001,0.00045372050816696913,2204
9022001060111002,0.0,2057
9022001060113001,0.0004522840343735866,2211
9022001060113002,0.0,2074
9022001060115001,0.00045248868778280545,2210
9022001060115002,0.0,2039
9022001060117001,0.0004522840343735866,2211
9022001060117002,0.0,2034
9022001060119001,0.0006693440428380187,1494
9022001060119002,0.0,1387
9022001060121001,0.0,1139
9022001060121002,0.0,1372
9022001060121003,0.0,881
9022001060121004,0.0010976948408342481,911
9022001060123001,0.0,1135
9022001060123002,0.0,1049
9022001060125001,0.0,1132
9022001060125002,0.0,1036
9022001060127001,0.0,1709
9022001060127002,0.0,1535
9022001060129001,0.0,1722
9022001060129002,0.0,1548
9022001060131001,0.0,1704
9022001060131002,0.0,1561
9022001060133001,0.0,1702
9022001060133002,0.0,1535
9022001060135001,0.0,3243
9022001060135002,0.0,1343
9022001060135003,0.0,2411
9022001060137001,0.00039032006245121,2562
9022001060137002,0.0,2419
9022001060139001,0.0003946329913180742,2534
9022001060139002,0.0,2446
9022001060141001,0.00032637075718015666,3064
9022001060141002,0.0,2403
9022001060141003,0.0,532
9022001060143001,0.00032711808963035657,3057
9022001060143002,0.0,2969
9022001060145001,0.0004935834155972359,2026
9022001060145002,0.0,1910
9022001060147001,0.0004916420845624386,2034
9022001060147002,0.0,1930
9022001060149001,0.0004868549172346641,2054
9022001060149002,0.0,1917
9022001060151001,0.00040933278755628325,2443
9022001060151002,0.0,2332
9022001060153001,0.00047036688617121356,2126
9022001060153002,0.0,2003
9022001060155001,0.000474158368895211,2109
9022001060155002,0.0,2029
9022001060157001,0.004640371229698376,431
9022001060157002,0.000357653791130186,2796
9022001060157003,0.0016556291390728477,1208
9022001060157004,0.0,2015
9022001060157005,0.0,1162
9022001060157007,0.031088082901554404,386
9022001060161001,0.006541291905151268,2446
9022001060161002,0.007062733693394266,2407
9022001060163001,0.005681818181818182,2288
9022001060163002,0.00807899461400359,2228
9022001060165001,0.0,2268
9022001060165002,0.011547344110854504,1299
9022001060165003,0.020606060606060607,825
9022001060167002,0.004761904761904762,420
9022001060167003,0.01511879049676026,463
9022001060168001,0.004728132387706856,423
9022001060168002,0.013071895424836602,459
9022001060170001,0.0,11
9022001060170002,0.0,12
9022001060171001,0.0,660
9022001060171002,0.0,659
9022001060171003,0.0,185
9022001060171004,0.005813953488372093,172
9022001060173001,0.0,680
9022001060173002,0.0,668
9022001060173003,0.0,182
9022001060173004,0.0,172
9022001060178001,0.0,103
9022001060178002,0.0,101
9022001060203001,0.0,562
9022001060203002,0.0,548
9022001060203003,0.0,11
9022001060205001,0.0,550
9022001060205002,0.0,534
9022001060207003,0.0,543
9022001060207004,0.0,533
9022001060213001,0.0,840
9022001060213002,0.0,855
9022001060215001,0.0,1696
9022001060217001,0.0,859
9022001060217002,0.0,836
9022001060219001,0.0,858
9022001060219002,0.0,847
9022001060223001,0.0,179
9022001060223002,0.005780346820809248,173
9022001060225001,0.0,188
9022001060225002,0.005813953488372093,172
9022001060227001,0.0,194
9022001060227002,0.005714285714285714,175
9022001060231001,0.0,862
9022001060231002,0.0,852
9022001060233001,0.0,16
9022001060236001,0.0,16
9022001060237003,0.0,90
9022001060239001,0.0,459
9022001060239002,0.0,461
9022001060301003,0.001443418013856813,3464
9022001060301004,0.0005735589331803843,3487
9022001060303001,0.0,1180
9022001060303002,0.0,1133
9022001060309001,0.0,1184
9022001060309002,0.0,1122
9022001060311002,0.0,1134
9022001060313001,0.0,1120
9022001060313002,0.0,1183
9022001060314001,0.0,3105
9022001060314002,0.0,1210
9022001060314003,0.0,1832
9022001060403001,0.0,684
9022001060403002,0.0,649
9022001060405001,0.0,1039
9022001060405002,0.0,989
9022001060407001,0.0,1047
9022001060407002,0.0,970
9022001060407003,0.0,513
9022001060407004,0.0,541
9022001060409001,0.0,1593
9022001060409002,0.0,1544
9022001060411001,0.0,2238
9022001060411002,0.0,2528
9022001060413001,0.0,1808
9022001060413002,0.0,1931
9022001060415001,0.0,1838
9022001060415002,0.0,1904
9022001060417001,0.0,1873
9022001060417002,0.0,1825
9022001060419001,0.0,1410
9022001060419002,0.0,1373
9022001060421001,0.0,1196
9022001060421002,0.0,1207
9022001060423001,0.0,1220
9022001060423002,0.0,1225
9022001060425001,0.0,708
9022001060425002,0.0,648
9022001060501001,0.0,736
9022001060501002,0.0,1387
9022001060501003,0.0,626
9022001060503001,0.0,736
9022001060503002,0.0,767
9022001060505001,0.0,739
9022001060505002,0.0,758
9022001060601001,0.0,758
9022001060601002,0.0,757
9022001060603001,0.0,726
9022001060603002,0.0,754
9022001060605001,0.0,751
9022001060605002,0.0,740
9022001060607001,0.0,738
9022001060607002,0.0,756
9022001060609001,0.0,731
9022001060609002,0.0,736
9022001060611001,0.0,752
9022001060611002,0.0,731
9022001060613001,0.0,756
9022001060613002,0.0,751
9022001060616001,0.0,1891
9022001060616002,0.0,1874
9022001060617001,0.0,1221
9022001060617002,0.0,1204
9022001060619001,0.0,757
9022001060619002,0.0,1177
9022001060619003,0.0,466
9022001060621001,0.0,752
9022001060621002,0.0,736
9022001060623001,0.0,756
9022001060623002,0.0,760
9022001060625001,0.0,758
9022001060625002,0.0,733
9022001060631001,0.0,455
9022001060631002,0.0,460
9022001060633001,0.0,483
9022001060633002,0.0,463
9022001060635001,0.0,847
9022001060637001,0.0,413
9022001060637002,0.0,426
9022001060639001,0.0,473
9022001060639002,0.0,466
9022001060641001,0.0,529
9022001060641002,0.0,548
9022001060643001,0.0,755
9022001060643002,0.0,730
9022001060645001,0.0,1486
9022001060651001,0.0,728
9022001060651002,0.0,750
9022001060701001,0.0,1787
9022001060701002,0.0,1947
9022001060703001,0.0,1773
9022001060703002,0.0,1938
9022001060705001,0.0,1783
9022001060705002,0.0,1935
9022001060707001,0.0,1789
9022001060707002,0.0,1958
9022001060709001,0.0,1910
9022001060709002,0.0,1965
9022001060711001,0.19491525423728814,118
9022001060711002,0.0,2100
9022001060713001,0.0,2092
9022001060713002,0.0,2144
9022001060715001,0.0,2049
9022001060715002,0.0,2144
9022001060717001,0.0,2078
9022001060717002,0.0,2133
9022001060719001,0.0,2054
9022001060719002,0.0,2112
9022001060721001,0.0,2037
9022001060721002,0.0,2101
9022001060723001,0.0,1568
9022001060723002,0.0,1642
9022001060731001,0.0,2501
9022001060731002,0.0,2459
9022001061001001,0.0,3216
9022001061001002,0.0005812263876780006,3441
9022001061003001,0.0,2461
9022001061003002,0.0,3433
9022001061005001,0.0,1892
9022001061005002,0.0,1854
9022001061011001,0.0,2186
9022001061011002,0.0,270
9022001061011006,0.0,218
9022001061011007,0.0,926
9022001061011008,0.0,327
9022001061011009,0.0,692
9022001061011011,0.0,2768
9022001061011012,0.0,2800
9022001061027001,0.0,96
9022001061030001,0.0,531
9022001061030002,0.0,527
9022001061050001,0.0,1933
9022001061050002,0.0,1929
9022001061060003,0.0,2206
9022001061060005,0.0,556
9022001061060007,0.0,722
9022001061060008,0.0,2733
9022001061060009,0.0,3120
9022001061060010,0.004518072289156626,664
9022001061060011,0.001070090957731407,1869
9022001061060012,0.0,1307
9022001061152001,0.0,1035
9022001061152002,0.0,1040
9022001061154001,0.0,1036
9022001061154002,0.0,1037
9022001061156001,0.0,1040
9022001061156002,0.0,1045
9022001061158001,0.0,2090
9022001061205001,0.0,89
9022001061210001,0.0,650
9022001061210002,0.0,669
9022001061303001,0.0014005602240896359,714
9022001061303002,0.0,546
9022001061303003,0.0,538
9022001061498001,0.0,339
9022001061498002,0.0,339
9022001061503001,0.0,426
9022001061503002,0.0,2006
9022001061507001,0.0,748
9022001061507002,0.0,763
9022001061511001,0.0,598
9022001061511002,0.0,773
9022001061514001,0.0,1366
9022001061514002,0.0,600
9022001061517001,0.0,605
9022001061517002,0.0,612
9022001061521002,0.0,930
9022001061521003,0.0,1498
9022001061521004,0.0,534
9022001061523001,0.0,330
9022001061523002,0.0,324
9022001061529001,0.0,2280
9022001061529002,0.0,2259
9022001061533001,0.0,76
9022001061533002,0.0,80
9022001061535001,0.0,76
9022001061535002,0.0,89
9022001061537002,0.0,173
9022001061543001,0.0,1363
9022001061543002,0.0,1334
9022001061545001,0.0,723
9022001061545002,0.0,787
9022001061549001,0.0,760
9022001061549002,0.0,738
9022001061551001,0.0,762
9022001061551002,0.0,739
9022001061555001,0.0,1340
9022001061556001,0.0,1371
9022001061556002,0.0,1343
9022001061558001,0.0,3323
9022001061558002,0.0,3335
9022001061559001,0.0,1505
9022001061559002,0.0,1506
9022001061567001,0.0,2086
9022001061567002,0.0,2061
9022001061569001,0.0,2078
9022001061569002,0.0,2045
9022001061703001,0.0,866
9022001061703002,0.0011013215859030838,908
9022001061707001,0.0,530
9022001061707002,0.0,543
9022001061709001,0.0,519
9022001061709002,0.0,542
9022001061711001,0.0,526
9022001061711002,0.0,544
9022001061713001,0.0,540
9022001061713002,0.0,541
9022001061715001,0.0,426
9022001061715002,0.0,387
9022001061717001,0.0,407
9022001061717002,0.0,393
9022001061719001,0.0,2233
9022001061719002,0.0,1654
9022001061721001,0.0,1799
9022001061721002,0.0,1769
9022001061723001,0.0,607
9022001061723002,0.0,581
9022001061725001,0.0,608
9022001061725002,0.0,605
9022001061727002,0.0,1205
9022001061729001,0.0,1635
9022001061729002,0.0,2186
9022001061731001,0.0,613
9022001061731002,0.0,637
9022001061734001,0.0,531
9022001061736001,0.0,514
9022001061738001,0.0,526
9022001061741004,0.0,685
9022001061743001,0.0,685
9022001061743002,0.0,657
9022001061745001,0.0,1504
9022001061745002,0.0,1547
9022001061747001,0.0,2081
9022001061747002,0.0,2060
9022001061748001,0.0,1355
9022001061749001,0.0,480
9022001061749002,0.0,492
9022001061751001,0.0,1066
9022001061772001,0.0,1566
9022001061772002,0.0,1514
9022001061774001,0.0,537
9022001061774002,0.0,526
9022001061782001,0.0,237
9022001061782002,0.0,263
9022001061784001,0.0,2307
9022001061784002,0.0,2267
9022001061788001,0.0,662
9022001061788002,0.0,684
9022001061790001,0.0,2110
9022001061790002,0.0,2241
9022001061790003,0.0,1703
9022001061790004,0.0005817335660267597,1719
9022001061794001,0.0,1402
9022001061794002,0.0,1367
9022001061796001,0.0,3090
9022001061796002,0.0,3253
9022001061798001,0.0,684
9022001061798002,0.0,687
9022001061901001,0.0,1019
9022001061903001,0.0,678
9022001061903002,0.0,688
9022001061905001,0.0,713
9022001061905002,0.0,687
9022001061907001,0.0,665
9022001061907002,0.0,703
9022001061909001,0.0,590
9022001061909002,0.0,619
9022001061913001,0.0,1055
9022001061913002,0.0,623
9022001061915001,0.0,1072
9022001061915002,0.0,631
9022001061917001,0.0,829
9022001061917002,0.0,613
9022001061919001,0.0,1053
9022001061919002,0.0,624
9022001061921001,0.0,1059
9022001061921002,0.0,626
9022001061921003,0.0,88
9022001061923001,0.0,83
9022001061925001,0.0,424
9022001061927001,0.0,423
9022001061929001,0.0,429
9022001061931001,0.0,422
9022001061933001,0.0,68
9022001061933002,0.0,376
9022001061935001,0.0,68
9022001061935002,0.0,385
9022001061937001,0.0,64
9022001061937002,0.0,293
9022001061939001,0.0,215
9022001061941001,0.0,631
9022001061941002,0.0,616
9022001061943001,0.0,88
9022001061949001,0.0,518
9022001061949002,0.0,520
9022001061951001,0.0,822
9022001061951002,0.0,829
9022001062001001,0.0,145
9022001062001002,0.0,113
9022001062003001,0.0,138
9022001062003002,0.0,119
9022001062005001,0.0,153
9022001062005002,0.0,122
9022001062007001,0.0,140
9022001062007002,0.0,119
9022001062009001,0.0,145
9022001062009002,0.0,111
9022001062011001,0.0,151
9022001062011002,0.0,113
9022001062013001,0.0,147
9022001062013002,0.0,121
9022001062015001,0.0,145
9022001062015002,0.0,117
9022001062017001,0.0,150
9022001062017002,0.0,123
9022001062019001,0.0,144
9022001062019002,0.0,114
9022001062021001,0.0,153
9022001062021002,0.0,120
9022001062023001,0.0,146
9022001062023002,0.0,123
9022001062025001,0.0,143
9022001062025002,0.0,127
9022001062027001,0.0,152
9022001062027002,0.0,112
9022001062029001,0.0,150
9022001062029003,0.0,231
9022001062029004,0.0,362
9022001062031001,0.0,153
9022001062031002,0.0,115
9022001062033001,0.0,145
9022001062033002,0.0,121
9022001062035001,0.0,145
9022001062035002,0.0,117
9022001062037001,0.0,143
9022001062037002,0.0,121
9022001062039001,0.0,147
9022001062039002,0.0,120
9022001062041001,0.0,138
9022001062041002,0.0,116
9022001062043001,0.0,145
9022001062043002,0.0,122
9022001062045001,0.0,150
9022001062045002,0.0,116
9022001062047001,0.0,180
9022001062047002,0.0,157
9022001062049001,0.0,184
9022001062049002,0.0,156
9022001062051001,0.0,194
9022001062051002,0.0,153
9022001062053001,0.0,189
9022001062053002,0.0,143
9022001062055001,0.0,182
9022001062055002,0.0,161
9022001062057001,0.0,178
9022001062057002,0.0,160
9022001062059001,0.0,182
9022001062059002,0.0,152
9022001062061001,0.0,180
9022001062061002,0.0,162
9022001062063001,0.0,189
9022001062063002,0.0,160
9022001062065001,0.0,183
9022001062065002,0.0,152
9022001062067001,0.0,192
9022001062067002,0.0,153
9022001062069001,0.0,181
9022001062069002,0.0,156
9022001062071001,0.0,185
9022001062071002,0.0,161
9022001062073001,0.0,184
9022001062073002,0.0,154
9022001062075001,0.0,276
9022001062075003,0.0,42
9022001062075004,0.0,34
9022001062077001,0.0,290
9022001062079001,0.0,276
9022001062081001,0.0,291
9022001062083001,0.0,285
9022001062085001,0.0,197
9022001062085002,0.0,166
9022001062087001,0.0,191
9022001062087002,0.0,168
9022001062089001,0.0,179
9022001062089002,0.0,183
9022001062091001,0.0,175
9022001062091002,0.0,195
9022001062095001,0.0,12
9022001062095002,0.0,13
9022001062097001,0.0,11
9022001062097002,0.0,9
9022001062099001,0.0,9
9022001062099002,0.0,13
9022001062101001,0.0,621
9022001062101002,0.0,756
9022001062103001,0.0,610
9022001062103002,0.0,763
9022001062105001,0.0,558
9022001062105002,0.0,761
9022001062107001,0.0,578
9022001062107002,0.0,561
9022001062109001,0.0,571
9022001062109002,0.0,567
9022001062111001,0.0,563
9022001062111002,0.0,565
9022001062113001,0.0,571
9022001062113002,0.0,586
9022001062115001,0.0,566
9022001062115002,0.0,566
9022001062117001,0.0,577
9022001062117002,0.0,561
9022001062119001,0.0,427
9022001062119002,0.0,450
9022001062121001,0.0,427
9022001062121002,0.0,443
9022001062123001,0.0,426
9022001062123002,0.0,453
9022001062125001,0.0,424
9022001062125002,0.0,454
9022001062127001,0.0,437
9022001062127002,0.0,451
9022001062129001,0.0,420
9022001062129002,0.0,444
9022001062131001,0.0,563
9022001062131002,0.0,441
9022001062131004,0.0,113
9022001062133001,0.0,571
9022001062133002,0.0,570
9022001062135001,0.0,352
9022001062135002,0.0,569
9022001062135003,0.0,332
9022001062139001,0.0,229
9022001062139002,0.0,244
9022001062141001,0.0,226
9022001062141002,0.0,238
9022001062143001,0.0,215
9022001062143002,0.0,242
9022001062145001,0.0,240
9022001062145002,0.0,245
9022001062147001,0.0,220
9022001062147002,0.0,252
9022001062149001,0.0,227
9022001062149002,0.0,239
9022001062151001,0.0,222
9022001062151002,0.0,233
9022001062156001,0.0,44
9022001062157001,0.0,226
9022001062157002,0.0,244
9022001062159001,0.0,227
9022001062159002,0.0,244
9022001062161001,0.0,237
9022001062161002,0.0,240
9022001062163001,0.0,226
9022001062163002,0.0,239
9022001062165001,0.0,226
9022001062165002,0.0,241
9022001062167001,0.0,232
9022001062167002,0.0,239
9022001062169001,0.0,419
9022001062169002,0.0,162
9022001062169003,0.0,248
9022001062171001,0.0,386
9022001062171002,0.0,379
9022001062173001,0.0,389
9022001062173002,0.0,375
9022001062175001,0.0,373
9022001062175002,0.0,369
9022001062177001,0.0,373
9022001062177002,0.0,358
9022001062179001,0.0,389
9022001062179002,0.0,361
9022001062181001,0.0,530
9022001062181002,0.0,519
9022001062183001,0.0,559
9022001062183002,0.0,510
9022001062183003,0.8,5
9022001062183004,0.5555555555555556,9
9022001062185001,0.005681818181818182,528
9022001062185002,0.009746588693957114,513
9022001062187001,0.005639097744360902,532
9022001062187002,0.0074487895716946,537
9022001062189001,0.005660377358490566,530
9022001062189002,0.009505703422053232,526
9022001062191001,0.005671077504725898,529
9022001062191002,0.009487666034155597,527
9022001062193001,0.005671077504725898,529
9022001062193002,0.011928429423459244,503
9022001062195001,0.00273224043715847,1098
9022001062195002,0.007619047619047619,525
9022001062195003,0.0,539
9022001062197001,0.0,10
9022001062197002,0.0,12
9022001062199001,0.0,8
9022001062199002,0.0,13
9022001062201001,0.0,445
9022001062201002,0.0,377
9022001062203001,0.0,448
9022001062203002,0.0,381
9022001062205001,0.0,453
9022001062205002,0.0,361
9022001062207001,0.0,460
9022001062207002,0.0,371
9022001062209001,0.0,461
9022001062209002,0.0,380
9022001062211001,0.0,462
9022001062211002,0.0,378
9022001062213001,0.0,462
9022001062213002,0.0,377
9022001062219001,0.0,195
9022001062219002,0.0,53
9022001062223001,0.0,9
9022001062223002,0.0,14
9022001062225001,0.0,38
9022001062226001,0.0,580
9022001062226002,0.0,515
9022001062227001,0.0,516
9022001062227002,0.0,562
9022001062228001,0.0,580
9022001062228002,0.0,515
9022001062233001,0.0,1083
9022001062234001,0.0,80
9022001062235001,0.0,992
9022001062235002,0.0,998
9022001062237001,0.001697792869269949,1178
9022001062237002,0.0,1182
9022001062237003,0.0,39
9022001062237004,0.0,31
9022001062248001,0.05785123966942149,121
9022001062248002,0.018867924528301886,106
9022001062250003,0.0,317
9022001062250004,0.0,327
9022001062253001,0.02040816326530612,98
9022001062253002,0.058333333333333334,120
9022001062257001,0.034482758620689655,58
9022001062258001,0.0,487
9022001062260001,0.0,48
9022001062260002,0.0,40
9022001062263001,0.0010526315789473684,1900
9022001062263002,0.0,1818
9022001062263003,0.005797101449275362,345
9022001062263004,0.0030959752321981426,323
9022001062265001,0.0,503
9022001062265002,0.0,477
9022001062267001,0.0,95
9022001062267002,0.0,96
9022001062269001,0.0,264
9022001062269002,0.0,233
9022001062273001,0.0,231
9022001062273002,0.0,249
9022001062278002,0.0,491
9022001062280002,0.0,483
9022001062282002,0.0,488
9022001062285001,0.0,19
9022001062301001,0.0,593
9022001062301002,0.0,564
9022001062303001,0.0,593
9022001062303002,0.0,664
9022001062305001,0.0,604
9022001062305002,0.0,564
9022001062307001,0.0,705
9022001062307002,0.0,563
9022001062309001,0.0,1027
9022001062309002,0.0,782
9022001062309003,0.0,263
9022001062311001,0.0,1066
9022001062311002,0.0,1058
9022001062313001,0.0004038772213247173,2476
9022001062313002,0.0,2462
9022001062315001,0.0,176
9022001062315002,0.0,113
9022001062317001,0.0,174
9022001062317002,0.0,225
9022001062319001,0.0,89
9022001062319002,0.0,109
9022001062321001,0.0,2
9022001062321002,0.0,2
9022001062324001,0.0,755
9022001062403001,0.0,1018
9022001062403002,0.0,1010
9022001062405002,0.0,1009
9022001062407001,0.0,781
9022001062407002,0.0,806
9022001062411001,0.0,727
9022001062411002,0.0,717
9022001062413001,0.0,666
9022001062413002,0.0,696
9022001062415001,0.0,677
9022001062415002,0.0,697
9022001062417001,0.0,663
9022001062417002,0.0,701
9022001062419001,0.0,659
9022001062419002,0.0,706
9022001062421001,0.0,1428
9022001062421002,0.0,1316
9022001062423001,0.0,1420
9022001062423002,0.0,1321
9022001062425001,0.0,1507
9022001062425002,0.0007012622720897616,1426
9022001062427001,0.0,1523
9022001062427002,0.0007107320540156361,1407
9022001062429001,0.0,1451
9022001062429002,0.0007087172218284905,1411
9022001062431001,0.0,1458
9022001062431002,0.000708215297450425,1412
9022001062433001,0.0,1445
9022001062433002,0.0007127583749109052,1403
9022001062435001,0.0,1450
9022001062435002,0.0007067137809187279,1415
9022001062437001,0.0,1438
9022001062437002,0.0007097232079489,1409
9022001062439001,0.0,1457
9022001062439002,0.0,1394
9022001062441001,0.0,999
9022001062441002,0.0,1046
9022001062443001,0.0,999
9022001062443002,0.0,1036
9022001062445001,0.0,1460
9022001062445002,0.0007189072609633358,1391
9022001062488001,0.0,294
9022001062488002,0.0,270
9022001062492001,0.0,38
9022001062497001,0.0011799410029498525,1695
9022001062497002,0.0,1669
9022001062497003,0.0,339
9022001062497004,0.0,745
9022001062501001,0.0011435105774728416,1749
9022001062501002,0.0,1697
9022001062503001,0.037037037037037035,54
9022001062505001,0.015873015873015872,63
9022001062505002,0.05128205128205128,78
9022001062507001,0.0,280
9022001062507002,0.0,295
9022001062507003,0.015873015873015872,63
9022001062507004,0.05063291139240506,79
9022001062509001,0.005952380952380952,336
9022001062509002,0.011049723756906077,362
9022001062511001,0.0,341
9022001062511002,0.01084010840108401,369
9022001062513001,0.0,319
9022001062513002,0.0,338
9022001062515001,0.0,311
9022001062515002,0.0,334
9022001062517001,0.006075334143377886,823
9022001062519001,0.0,287
9022001062519002,0.0,318
9022001062521001,0.0,238
9022001062521002,0.0,257
9022001062523001,0.0,237
9022001062523002,0.0,260
9022001062525001,0.0,226
9022001062525002,0.0,250
9022001062527001,0.0,241
9022001062527002,0.0,249
9022001062529001,0.0,222
9022001062529002,0.0,254
9022001062531001,0.0,232
9022001062531002,0.0,256
9022001062533001,0.0,241
9022001062533002,0.0,256
9022001062535001,0.0,235
9022001062535002,0.0,253
9022001062537001,0.0,240
9022001062537002,0.0,256
9022001062539001,0.0,239
9022001062539002,0.0,257
9022001062543001,0.0,829
9022001062543002,0.0,1010
9022001062543004,0.0,167
9022001062545001,0.0,834
9022001062545002,0.0,822
9022001062547001,0.0,840
9022001062547002,0.0,836
9022001062549001,0.0,854
9022001062549002,0.0,816
9022001062551001,0.0,878
9022001062551002,0.0,892
9022001062553001,0.0,216
9022001062553002,0.0,232
9022001062555001,0.0,203
9022001062555002,0.0,234
9022001062557001,0.0,179
9022001062557002,0.0,217
9022001062559001,0.0,196
9022001062559002,0.0,210
9022001062561001,0.0,192
9022001062561002,0.0,213
9022001062563001,0.0,147
9022001062563002,0.0,225
9022001062563003,0.0,41
9022001062565001,0.0,159
9022001062565002,0.0,156
9022001062567001,0.0,697
9022001062567002,0.0,724
9022001062569002,0.0,724
9022001062571001,0.0,255
9022001062571002,0.0,264
9022001062573001,0.0010135135135135136,2960
9022001062573002,0.001053740779768177,2847
9022001062575001,0.0,1004
9022001062575002,0.0,471
9022001062578001,0.0,247
9022001062578002,0.0,229
9022001062581001,0.0,13
9022001062601001,0.0,331
9022001062601002,0.0,341
9022001062603001,0.0,209
9022001062603002,0.0,332
9022001062605001,0.0,209
9022001062605002,0.0,214
9022001062607001,0.0,204
9022001062607002,0.0,219
9022001062609001,0.0,371
9022001062609002,0.002570694087403599,389
9022001062611001,0.0,374
9022001062611002,0.002583979328165375,387
9022001062613001,0.0,227
9022001062613002,0.0,220
9022001062615001,0.0,221
9022001062615002,0.0,222
9022001062615003,0.0,51
9022001062617001,0.0,211
9022001062617002,0.0,223
9022001062619001,0.0,230
9022001062619002,0.0,231
9022001062621001,0.0,243
9022001062621002,0.0,242
9022001062623001,0.0,233
9022001062625001,0.005050505050505051,198
9022001062625002,0.0,181
9022001062627001,0.005319148936170213,188
9022001062627002,0.0,195
9022001062629001,0.005050505050505051,198
9022001062629002,0.0,182
9022001062631001,0.005,200
9022001062631002,0.0,179
9022001062633001,0.005291005291005291,189
9022001062633002,0.0,191
9022001062635001,0.007352941176470588,136
9022001062635002,0.0,147
9022001062635003,0.0,113
9022001062635004,0.0,103
9022001062637001,0.005128205128205128,195
9022001062637002,0.0,187
9022001062639001,0.005263157894736842,190
9022001062639002,0.0,184
9022001062641003,0.005076142131979695,197
9022001062641004,0.0,183
9022001062643001,0.0,373
9022001062643002,0.0,377
9022001062645001,0.0,373
9022001062649001,0.00510204081632653,196
9022001062649002,0.0,183
9022001062651001,0.005154639175257732,194
9022001062651002,0.0,181
9022001062653001,0.005208333333333333,192
9022001062653002,0.0,181
9022001062655001,0.0026109660574412533,383
9022001062659001,0.0,105
9022001062659002,0.0,100
9022001062661001,0.0,108
9022001062661002,0.0,100
9022001062663001,0.0,103
9022001062663002,0.0,103
9022001062665001,0.0,102
9022001062665002,0.0,106
9022001062667001,0.0,102
9022001062667002,0.0,108
9022001062669001,0.0,113
9022001062669002,0.0,103
9022001062671002,0.0,105
9022001062675001,0.0,49
9022001062675002,0.0,57
9022001062677001,0.0,51
9022001062677002,0.0,53
9022001062679001,0.0,51
9022001062679002,0.0,55
9022001062681001,0.0,51
9022001062681002,0.0,57
9022001062683001,0.0,70
9022001062685001,0.0,24
9022001062685002,0.0,24
9022001062687001,0.0,27
9022001062687002,0.0,24
9022001062689001,0.0,28
9022001062689002,0.0,25
9022001062691001,0.0,30
9022001062691002,0.0,23
9022001062693001,0.0,30
9022001062693002,0.0,25
9022001062695001,0.0,30
9022001062695002,0.0,24
9022001062697001,0.0,30
9022001062697002,0.0,22
9022001062699001,0.0,30
9022001062699002,0.0,23
9022001062701001,0.0,30
9022001062701002,0.0,27
9022001062703001,0.0,30
9022001062703002,0.0,30
9022001062705001,0.0,30
9022001062705002,0.0,29
9022001062801001,0.0,1000
9022001062801002,0.0,1026
9022001062803001,0.0,1001
9022001062803002,0.0,1012
9022001062807001,0.0,229
9022001062807002,0.0,252
9022001062825001,0.0,65
9022001062825002,0.0,66
9022001062827001,0.0,60
9022001062827002,0.0,46
9022001062980001,0.0,344
9022001062980002,0.0,318
9022001062984001,0.0,274
9022001062984002,0.0,286
9022001062986001,0.0,608
9022001062986002,0.0,615
9022001062992001,0.0,327
9022001062992002,0.0,318
9022001063001001,0.0,223
9022001063001002,0.0,573
9022001063003001,0.0,223
9022001063003002,0.0,234
9022001063005001,0.0,224
9022001063005002,0.0,242
9022001063007001,0.0,221
9022001063007002,0.0,227
9022001063009001,0.0,224
9022001063009002,0.0,240
9022001063011001,0.0,214
9022001063011002,0.0,244
9022001063013001,0.0,214
9022001063013002,0.0,251
9022001063017001,0.0,216
9022001063017002,0.0,234
9022001063019001,0.0,148
9022001063019002,0.0,148
9022001063021001,0.0,144
9022001063021002,0.0,153
9022001063023001,0.0,147
9022001063023002,0.0,148
9022001063025001,0.0,259
9022001063025002,0.0,158
9022001063025003,0.0,176
9022001063027001,0.0,163
9022001063027002,0.0,318
9022001063027003,0.0,150
9022001063029001,0.0,162
9022001063029002,0.0,162
9022001063031001,0.0,169
9022001063031002,0.0,167
9022001063033001,0.0,170
9022001063033002,0.0,159
9022001063035001,0.0,161
9022001063035002,0.0,169
9022001063037001,0.0,169
9022001063037002,0.0,161
9022001063039001,0.0,165
9022001063039002,0.0,166
9022001063041001,0.0,165
9022001063041002,0.0,164
9022001063043001,0.0,167
9022001063043002,0.0,153
9022001063045001,0.0,269
9022001063047001,0.0,188
9022001063051002,0.0,83
9022001063052001,0.0,280
9022001063052002,0.0,236
9022001063054001,0.0,743
9022001063054002,0.0,708
9022001063054003,0.0,1164
9022001063054004,0.001644736842105263,1216
9022001063058001,0.0,452
9022001063062001,0.0,271
9022001063062002,0.0,252
9022001063064001,0.0,252
9022001063064002,0.0,275
9022001063065001,0.0,13
9022001063067001,0.0,23
9022001063070001,0.0,699
9022001063070002,0.0,126
9022001063073001,0.0,162
9022001063073002,0.0,697
9022001063077001,0.0,152
9022001063077002,0.0,217
9022001063079001,0.0,211
9022001063079002,0.0,250
9022001063081001,0.0,490
9022001063081002,0.0,543
9022001063100001,0.0,186
9022001063105001,0.0,151
9022001063105002,0.0,221
9022001063111001,0.0,151
9022001063111002,0.0,206
9022001063113001,0.0,147
9022001063113002,0.0,225
9022001063115001,0.0,147
9022001063115002,0.0,206
9022001063117001,0.0,177
9022001063117002,0.0,218
9022001063119001,0.0,166
9022001063119002,0.0,223
9022001063121001,0.0,169
9022001063121002,0.0,215
9022001063123001,0.0,174
9022001063123002,0.0,222
9022001063125001,0.0,134
9022001063125002,0.0,94
9022001063127001,0.0,68
9022001063129001,0.0,113
9022001063129002,0.0,76
9022001063131001,0.0,123
9022001063131002,0.0,65
9022001063133001,0.0,112
9022001063133002,0.0,72
9022001063135001,0.0,115
9022001063135002,0.0,68
9022001063137001,0.0,119
9022001063137002,0.0,73
9022001063139001,0.0,116
9022001063139002,0.0,68
9022001063141001,0.0,123
9022001063141002,0.0,74
9022001063143001,0.0,119
9022001063143002,0.0,71
9022001063145001,0.0,125
9022001063145002,0.0,73
9022001063147001,0.0,114
9022001063147002,0.0,72
9022001063149001,0.0,117
9022001063149002,0.0,69
9022001063151001,0.0,117
9022001063151002,0.0,75
9022001063153001,0.0,186
9022001063155001,0.0,109
9022001063155002,0.0,58
9022001063157001,0.0,115
9022001063157002,0.0,63
9022001063159001,0.0,120
9022001063159002,0.0,67
9022001063161001,0.0,115
9022001063161002,0.0,61
9022001063163001,0.0,121
9022001063163002,0.0,63
9022001063165001,0.0,179
9022001063165002,0.0,69
9022001063165003,0.0,132
9022001063169001,0.0,119
9022001063169003,0.0,57
9022001063171001,0.0,117
9022001063171002,0.0,54
9022001063173001,0.0,112
9022001063173002,0.0,55
9022001063175001,0.0,121
9022001063175002,0.0,51
9022001063177001,0.0,127
9022001063177002,0.0,56
9022001063179001,0.0,121
9022001063179002,0.0,50
9022001063181001,0.0,130
9022001063181002,0.0,54
9022001063183001,0.0,137
9022001063183002,0.0,47
9022001063185001,0.0,125
9022001063185002,0.0,55
9022001063187001,0.0,133
9022001063187002,0.0,52
9022001063189001,0.0,131
9022001063189002,0.0,55
9022001063191001,0.0,129
9022001063191002,0.0,56
9022001063193001,0.0,131
9022001063193002,0.0,51
9022001063195001,0.0,129
9022001063195002,0.0,52
9022001063197001,0.0,119
9022001063197002,0.0,70
9022001063201001,0.0,66
9022001063201002,0.0,78
9022001063203001,0.0,62
9022001063203002,0.0,79
9022001063205001,0.0,71
9022001063205002,0.0,72
9022001063207001,0.0,60
9022001063207002,0.0,78
9022001063209001,0.0,75
9022001063209002,0.0,73
9022001063211001,0.0,65
9022001063211002,0.0,78
9022001063213001,0.0,72
9022001063213002,0.0,80
9022001063215001,0.0,59
9022001063215002,0.0,74
9022001063215003,0.0,152
9022001063217001,0.0,66
9022001063217002,0.0,81
9022001063219001,0.0,62
9022001063219002,0.0,86
9022001063221001,0.0,66
9022001063221002,0.0,88
9022001063223001,0.0,67
9022001063223002,0.0,86
9022001063225001,0.0,63
9022001063225002,0.0,85
9022001063227001,0.0,69
9022001063227002,0.0,87
9022001063229001,0.0,67
9022001063229002,0.0,87
9022001063231001,0.0,69
9022001063231002,0.0,77
9022001063233001,0.0,66
9022001063233002,0.0,83
9022001063235001,0.0,67
9022001063235002,0.0,81
9022001063237001,0.0,70
9022001063237002,0.0,88
9022001063239001,0.0,69
9022001063239002,0.0,78
9022001063241001,0.0,68
9022001063241002,0.0,75
9022001063243001,0.0,67
9022001063243002,0.0,73
9022001063245001,0.0,67
9022001063245002,0.0,81
9022001063247001,0.0,69
9022001063247002,0.0,77
9022001063249001,0.0,69
9022001063249002,0.0,83
9022001063251001,0.0,69
9022001063251002,0.0,79
9022001063253001,0.0,69
9022001063253002,0.0,83
9022001063255001,0.0,69
9022001063255002,0.0,78
9022001063257001,0.0,69
9022001063258001,0.0,76
9022001063259001,0.0,69
9022001063259002,0.0,83
9022001063261001,0.0,153
9022001063263001,0.0,69
9022001063263002,0.0,77
9022001063265001,0.0,112
9022001063265002,0.0,172
9022001063267001,0.0,120
9022001063275001,0.0,38
9022001063275002,0.0,43
9022001063277001,0.0,186
9022001063277002,0.0,160
9022001063279001,0.0,36
9022001063279002,0.0,39
9022001063300001,0.0,82
9022001063301001,0.0,129
9022001063301002,0.0,118
9022001063303001,0.0,129
9022001063303002,0.0,121
9022001063305001,0.0,129
9022001063305002,0.0,121
9022001063307001,0.0,129
9022001063307002,0.0,112
9022001063309001,0.0,129
9022001063309002,0.0,118
9022001063311001,0.0,129
9022001063311002,0.0,116
9022001063313001,0.0,257
9022001063314001,0.0,251
9022001063314002,0.0,273
9022001063330001,0.0,1017
9022001063332001,0.0,107
9022001063332002,0.0,119
9022001063333001,0.0,120
9022001063333002,0.0,115
9022001063335001,0.0,111
9022001063335002,0.0,117
9022001063337001,0.0,111
9022001063337002,0.0,116
9022001063339001,0.0,115
9022001063339002,0.0,116
9022001063341001,0.0,104
9022001063341002,0.0,125
9022001063343001,0.0,116
9022001063343002,0.0,124
9022001063345001,0.0,120
9022001063347001,0.0,122
9022001063347002,0.0,122
9022001063347003,0.0,76
9022001063347004,0.0,56
9022001063349001,0.0,20
9022001063349002,0.0,121
9022001063349003,0.0,99
9022001063349004,0.0,157
9022001063401001,0.0,136
9022001063401002,0.0,146
9022001063403001,0.0,139
9022001063403002,0.0,153
9022001063405001,0.0,134
9022001063405002,0.0,150
9022001063407001,0.0,288
9022001063407002,0.0,280
9022001063409001,0.0,292
9022001063409002,0.0,302
9022001063411001,0.0,287
9022001063411002,0.0,287
9022001063413001,0.0,285
9022001063413002,0.0,283
9022001063415001,0.0,290
9022001063415002,0.0,283
9022001063417001,0.0,296
9022001063417002,0.0,295
9022001063419001,0.0,301
9022001063421001,0.0,142
9022001063421002,0.0,153
9022001063423001,0.0,141
9022001063423002,0.0,148
9022001063425001,0.0,138
9022001063425002,0.0,160
9022001063427001,0.0,139
9022001063427002,0.0,143
9022001063429001,0.0,142
9022001063429002,0.0,149
9022001063431001,0.0,137
9022001063431002,0.0,148
9022001063433001,0.0,130
9022001063433002,0.0,151
9022001063435001,0.0,131
9022001063435002,0.0,146
9022001063437001,0.0,133
9022001063437002,0.0,150
9022001063439001,0.0,135
9022001063439002,0.0,150
9022001063443001,0.0,135
9022001063443002,0.0,150
9022001063445001,0.0,135
9022001063445002,0.0,151
9022001063447001,0.0,135
9022001063447002,0.0,148
9022001063449001,0.0,135
9022001063449002,0.0,144
9022001063451001,0.0,136
9022001063451002,0.0,160
9022001063453001,0.0,135
9022001063453002,0.0,146
9022001063455001,0.0,135
9022001063455002,0.0,145
9022001063457001,0.0,135
9022001063457002,0.0,145
9022001063459001,0.0,134
9022001063459002,0.0,156
9022001063461001,0.0,287
9022001063481001,0.0,134
9022001063499001,0.0,117
9022001063499002,0.0,127
9022001063500001,0.0,811
9022001063501001,0.0,136
9022001063501002,0.0,156
9022001063503001,0.0,144
9022001063503002,0.0,156
9022001063505001,0.0,138
9022001063505002,0.0,156
9022001063507001,0.0,145
9022001063507002,0.0,158
9022001063509001,0.0,143
9022001063509002,0.0,158
9022001063511001,0.0,145
9022001063511002,0.0,151
9022001063513001,0.0,137
9022001063515001,0.0,160
9022001063515002,0.0,140
9022001063517001,0.0,204
9022001063517002,0.0,220
9022001063519001,0.0,205
9022001063519002,0.0,229
9022001063521001,0.0,208
9022001063521002,0.0,214
9022001063523001,0.0,209
9022001063523002,0.0,235
9022001063525001,0.0,202
9022001063525002,0.0,209
9022001063527001,0.0,216
9022001063527002,0.0,215
9022001063529001,0.0,206
9022001063529002,0.0,224
9022001063531001,0.0,207
9022001063531002,0.0,223
9022001063533001,0.0,201
9022001063533002,0.0,215
9022001063535001,0.0,207
9022001063535002,0.0,220
9022001063537001,0.0,212
9022001063537002,0.0,223
9022001063539001,0.0,202
9022001063539002,0.0,223
9022001063541001,0.0,211
9022001063541002,0.0,218
9022001063543001,0.0,204
9022001063543002,0.0,223
9022001063545001,0.0,206
9022001063545002,0.0,231
9022001063547001,0.0,207
9022001063547002,0.0,222
9022001063549001,0.0,204
9022001063549002,0.0,216
9022001063551001,0.0,200
9022001063551002,0.0,227
9022001063553001,0.0,208
9022001063553002,0.0,218
9022001063555001,0.0,204
9022001063555002,0.0,228
9022001063557001,0.0,135
9022001063557002,0.0,156
9022001063599001,0.0,121
9022001063599002,0.0,121
9022001063601001,0.0,116
9022001063601002,0.0,118
9022001063601003,0.0,166
9022001063601004,0.0,202
9022001063603001,0.0,120
9022001063603002,0.0,129
9022001063605001,0.0,123
9022001063605002,0.0,117
9022001063607001,0.0,117
9022001063607002,0.0,120
9022001063609001,0.0,126
9022001063609002,0.0,124
9022001063611001,0.0,115
9022001063611002,0.0,116
9022001063613001,0.0,121
9022001063613002,0.0,123
9022001063615002,0.0,113
9022001063615003,0.0,113
9022001063617001,0.0,124
9022001063617002,0.0,114
9022001063619001,0.0,125
9022001063619002,0.0,109
9022001063621001,0.0,123
9022001063621002,0.0,117
9022001063623001,0.0,120
9022001063623002,0.0,119
9022001063625001,0.0,115
9022001063625002,0.0,114
9022001063627001,0.0,119
9022001063627002,0.0,122
9022001063629001,0.0,120
9022001063629002,0.0,125
9022001063631001,0.0,111
9022001063631002,0.0,126
9022001063633001,0.0,114
9022001063633002,0.0,124
9022001063635001,0.0,116
9022001063635002,0.0,116
9022001063637001,0.0,115
9022001063637002,0.0,122
9022001063639001,0.0,116
9022001063639002,0.0,124
9022001063641001,0.0,121
9022001063641002,0.0,128
9022001063643001,0.0,123
9022001063643002,0.0,116
9022001063645001,0.0,125
9022001063645002,0.0,128
9022001063647001,0.0,125
9022001063647002,0.0,125
9022001063649001,0.0,118
9022001063649002,0.0,116
9022001063651001,0.0,117
9022001063651002,0.0,133
9022001063653001,0.0,117
9022001063653002,0.0,118
9022001063655001,0.0,123
9022001063655002,0.0,116
9022001063657001,0.0,124
9022001063657002,0.0,115
9022001063659001,0.0,119
9022001063659002,0.0,118
9022001063661001,0.0,121
9022001063661002,0.0,122
9022001063663001,0.0,118
9022001063663002,0.0,118
9022001063665001,0.0,118
9022001063665002,0.0,121
9022001063667001,0.0,118
9022001063667002,0.0,128
9022001063671001,0.0,136
9022001063671002,0.0,135
9022001063673001,0.0,130
9022001063673002,0.0,137
9022001063675001,0.0,136
9022001063675002,0.0,128
9022001063677001,0.0,131
9022001063677002,0.0,131
9022001063681001,0.0,133
9022001063682001,0.0,28
9022001063685001,0.0,155
9022001063685002,0.0,160
9022001063687001,0.0,157
9022001063687002,0.0,168
9022001063689001,0.0,150
9022001063689002,0.0,161
9022001063691001,0.0,158
9022001063691002,0.0,157
9022001063693001,0.0,154
9022001063693002,0.0,155
9022001063695001,0.0,155
9022001063696001,0.0,99
9022001063697001,0.0,128
9022001063697002,0.0,123
9022001063699001,0.0,129
9022001063699002,0.0,120
9022001063701001,0.0,166
9022001063701002,0.0,197
9022001063703001,0.0,175
9022001063703002,0.0,200
9022001063705001,0.0,164
9022001063705002,0.0,185
9022001063707001,0.0,167
9022001063707002,0.0,206
9022001063709001,0.0,182
9022001063709002,0.0,189
9022001063711001,0.0,168
9022001063711002,0.0,203
9022001063713001,0.0,167
9022001063713002,0.0,200
9022001063715001,0.0,175
9022001063715002,0.0,199
9022001063717001,0.0,164
9022001063717002,0.0,198
9022001063719001,0.0,159
9022001063719002,0.0,197
9022001063721001,0.0,162
9022001063721002,0.0,196
9022001063723001,0.0,169
9022001063723002,0.0,197
9022001063725001,0.0,169
9022001063725002,0.0,201
9022001063727001,0.0,172
9022001063727002,0.0,193
9022001063729001,0.0,168
9022001063729002,0.0,202
9022001063731001,0.0,168
9022001063731002,0.0,196
9022001063733001,0.0,169
9022001063733002,0.0,198
9022001063735001,0.0,161
9022001063735002,0.0,203
9022001063737001,0.0,178
9022001063737002,0.0,202
9022001063739001,0.0,165
9022001063739002,0.0,187
9022001063743001,0.0,164
9022001063743002,0.0,198
9022001063745001,0.0,174
9022001063745002,0.0,202
9022001063747001,0.0,106
9022001063747002,0.0,116
9022001063749001,0.0,118
9022001063749002,0.0,117
9022001063751001,0.0,111
9022001063751002,0.0,114
9022001063753001,0.0,117
9022001063753002,0.0,108
9022001063755001,0.0,114
9022001063755002,0.0,107
9022001063757001,0.0,118
9022001063757002,0.0,109
9022001063759001,0.0,116
9022001063759002,0.0,115
9022001063761001,0.0,117
9022001063761002,0.0,114
9022001063763001,0.0,103
9022001063763002,0.0,118
9022001063765001,0.0,121
9022001063765002,0.0,116
9022001063767001,0.0,114
9022001063767002,0.0,114
9022001063769001,0.0,115
9022001063769002,0.0,112
9022001063771001,0.0,118
9022001063771002,0.0,112
9022001063773001,0.0,115
9022001063773002,0.0,112
9022001063775001,0.0,111
9022001063775002,0.0,112
9022001063777001,0.0,114
9022001063777002,0.0,115
9022001063779001,0.0,111
9022001063779002,0.0,118
9022001063781001,0.0,117
9022001063781002,0.0,112
9022001063783001,0.0,107
9022001063783002,0.0,120
9022001063785001,0.0,107
9022001063785002,0.0,114
9022001063787001,0.0,107
9022001063787002,0.0,107
9022001063789001,0.0,107
9022001063789002,0.0,121
9022001063791001,0.0,107
9022001063791002,0.0,121
9022001063793001,0.0,214
9022001063795001,0.0,117
9022001063795002,0.0,121
9022001063797001,0.0,114
9022001063797002,0.0,107
9022001063799001,0.0,679
9022001063799002,0.0,645
9022001063801001,0.0,632
9022001063801002,0.0,710
9022001063804001,0.0,711
9022001063804002,0.0,633
9022001063805001,0.0,636
9022001063805002,0.0,711
9022001063807001,0.0,296
9022001063807002,0.0,316
9022001063809001,0.0,209
9022001063809002,0.0,233
9022001063811001,0.0,206
9022001063811002,0.0,231
9022001063813001,0.0,217
9022001063813002,0.0,233
9022001063815001,0.0,212
9022001063815002,0.0,233
9022001063817001,0.0,206
9022001063817002,0.0,232
9022001063819001,0.0,226
9022001063819002,0.0,234
9022001063821001,0.0,129
9022001063821002,0.0,135
9022001063823001,0.0,130
9022001063823002,0.0,127
9022001063825001,0.0,132
9022001063825002,0.0,133
9022001063827001,0.0,138
9022001063827002,0.0,132
9022001063829001,0.0,139
9022001063829002,0.0,127
9022001063831001,0.0,134
9022001063831002,0.0,139
9022001063833001,0.0,131
9022001063833002,0.0,135
9022001063835001,0.0,128
9022001063835002,0.0,138
9022001063837001,0.0,140
9022001063837002,0.0,147
9022001063840001,0.0,136
9022001063841001,0.0,134
9022001063841002,0.0,138
9022001063843001,0.0,135
9022001063843002,0.0,133
9022001063845001,0.0,134
9022001063845002,0.0,132
9022001063847001,0.0,277
9022001063847002,0.0,243
9022001063849001,0.0,123
9022001063849002,0.0,139
9022001063849004,0.0,15
9022001063857001,0.0,123
9022001063857002,0.0,122
9022001063859001,0.0,123
9022001063859002,0.0,240
9022001063861001,0.0,127
9022001063861002,0.0,125
9022001063863001,0.0,110
9022001063863002,0.0,124
9022001063865001,0.0,116
9022001063865002,0.0,119
9022001063867001,0.0,116
9022001063867002,0.0,122
9022001063869001,0.0,113
9022001063869002,0.0,123
9022001063871001,0.0,119
9022001063871002,0.0,117
9022001063873001,0.0,113
9022001063873002,0.0,115
9022001063875001,0.0,116
9022001063875002,0.0,119
9022001063877001,0.0,119
9022001063877002,0.0,125
9022001063879001,0.0,117
9022001063879002,0.0,122
9022001063881001,0.0,124
9022001063881002,0.0,117
9022001063883001,0.0,121
9022001063885001,0.0,119
9022001063885002,0.0,118
9022001063887001,0.0,119
9022001063887002,0.0,118
9022001063889001,0.0,122
9022001063889002,0.0,115
9022001063891001,0.0,115
9022001063891002,0.0,116
9022001063893001,0.0,116
9022001063893002,0.0,127
9022001063895001,0.0,114
9022001063897001,0.0,109
9022001063897002,0.0,121
9022001063899001,0.0,120
9022001063899002,0.0,114
9022001063903001,0.0,499
9022001063903002,0.0,1058
9022001063903003,0.0,539
9022001063905001,0.0,282
9022001063905002,0.0,242
9022001063907001,0.0,271
9022001063907002,0.0,476
9022001063909001,0.0,283
9022001063909002,0.0,258
9022001063911001,0.0,273
9022001063911002,0.0,232
9022001063913001,0.0,274
9022001063913002,0.0,238
9022001063915001,0.0,282
9022001063915002,0.0,236
9022001063917001,0.0,281
9022001063917002,0.0,233
9022001063919001,0.0,271
9022001063919002,0.0,244
9022001063921001,0.0,272
9022001063921002,0.0,231
9022001063923001,0.0,277
9022001063923002,0.0,251
9022001063925001,0.0,265
9022001063925002,0.0,252
9022001063927001,0.0,285
9022001063927002,0.0,244
9022001063929001,0.0,296
9022001063929002,0.0,242
9022001063931001,0.0,277
9022001063931002,0.0,239
9022001063933001,0.0,278
9022001063933002,0.0,235
9022001063935001,0.0,263
9022001063935002,0.0,233
9022001063937001,0.0,267
9022001063937002,0.0,246
9022001063939001,0.0,265
9022001063939002,0.0,243
9022001063941001,0.0,269
9022001063941002,0.0,237
9022001063943001,0.0,272
9022001063943002,0.0,230
9022001063945001,0.0,555
9022001063945002,0.0,511
9022001063947001,0.0,560
9022001063947002,0.0,521
9022001063949001,0.0,537
9022001063949002,0.0,528
9022001063951001,0.0,565
9022001063951002,0.0,503
9022001063953001,0.0,532
9022001063953002,0.0,525
9022001063955001,0.0,562
9022001063955002,0.0,511
9022001063957001,0.0,552
9022001063957002,0.0,508
9022001063959001,0.0,554
9022001063959002,0.0,537
9022001063961001,0.0,554
9022001063961002,0.0,525
9022001063963001,0.0,583
9022001063963002,0.0,525
9022001063965001,0.0,555
9022001063965002,0.0,524
9022001063967001,0.0,559
9022001063967002,0.0,519
9022001063969001,0.0,563
9022001063969002,0.0,509
9022001063971001,0.0,575
9022001063971002,0.0,523
9022001063973001,0.0,570
9022001063973002,0.0,519
9022001063975001,0.0,545
9022001063975002,0.0,512
9022001063977001,0.0,548
9022001063977002,0.0,490
9022001063979001,0.0,633
9022001063979002,0.0,566
9022001063981001,0.0,628
9022001063981002,0.0,599
9022001063983001,0.0,631
9022001063983002,0.0,598
9022001063985001,0.0,627
9022001063985002,0.0,597
9022001063988001,0.0,588
9022001063989001,0.0,629
9022001063989002,0.0,584
9022001063991001,0.0,629
9022001063991002,0.0,584
9022001063993001,0.0,284
9022001063993002,0.0,246
9022001063997001,0.0,680
9022001063997002,0.0,646
9022001063999001,0.0,567
9022001063999002,0.0,516
9022001064001001,0.0,1260
9022001064001002,0.0,1283
9022001064003001,0.0,826
9022001064003002,0.0,822
9022001064005001,0.0,126
9022001064005002,0.0,128
9022001064007001,0.0,793
9022001064007002,0.0,887
9022001064007003,0.0,34
9022001064009001,0.0,795
9022001064009002,0.0,850
9022001064011001,0.0,783
9022001064011002,0.0,855
9022001064013001,0.0,795
9022001064013002,0.0,849
9022001064015001,0.0,798
9022001064015002,0.0,851
9022001064017001,0.0,791
9022001064017002,0.0,863
9022001064019001,0.0,713
9022001064019002,0.0,859
9022001064021001,0.0,681
9022001064021002,0.0,753
9022001064023001,0.0,701
9022001064023002,0.0,757
9022001064025001,0.0,710
9022001064025002,0.0,745
9022001064027001,0.0,709
9022001064027002,0.0,751
9022001064029001,0.0,683
9022001064029002,0.0,734
9022001064031001,0.0,689
9022001064031002,0.0,741
9022001064033001,0.0,687
9022001064033002,0.0,747
9022001064035001,0.0,709
9022001064035002,0.0,732
9022001064037001,0.0,716
9022001064037002,0.0,747
9022001064039001,0.0,690
9022001064039002,0.0,735
9022001064041001,0.0,416
9022001064041002,0.0,450
9022001064041003,0.0,292
9022001064041004,0.0,302
9022001064043001,0.0,427
9022001064043002,0.0,451
9022001064045001,0.0,410
9022001064045002,0.0,448
9022001064047001,0.0,427
9022001064047002,0.0,438
9022001064049001,0.0,408
9022001064049002,0.0,458
9022001064051001,0.0,415
9022001064051002,0.0,446
9022001064053001,0.0,408
9022001064053002,0.0,438
9022001064055001,0.0,419
9022001064055002,0.0,458
9022001064057001,0.0,394
9022001064057002,0.0,446
9022001064059001,0.0,405
9022001064059002,0.0,424
9022001064061001,0.0,411
9022001064061002,0.0,450
9022001064063001,0.0,411
9022001064063002,0.0,447
9022001064065001,0.0,409
9022001064065002,0.0,434
9022001064067001,0.0,412
9022001064067002,0.0,440
9022001064069001,0.0,416
9022001064069002,0.0,432
9022001064071001,0.0,408
9022001064071002,0.0,430
9022001064073001,0.0,414
9022001064073002,0.0,452
9022001064075002,0.0,412
9022001064075003,0.0,435
9022001064077002,0.0,413
9022001064077003,0.0,439
9022001064079001,0.0,411
9022001064079002,0.0,433
9022001064081001,0.0,406
9022001064081002,0.0,433
9022001064083001,0.0,418
9022001064083002,0.0,449
9022001064085001,0.0,409
9022001064085002,0.0,448
9022001064089001,0.0,169
9022001064089002,0.0,195
9022001064091001,0.0,157
9022001064091002,0.0,208
9022001064093001,0.0,174
9022001064093002,0.0,201
9022001064095001,0.0,168
9022001064095002,0.0,195
9022001064097001,0.0,169
9022001064097002,0.0,204
9022001064099001,0.0,168
9022001064099002,0.0,194
9022001064103001,0.0,282
9022001064103002,0.0,296
9022001064105001,0.0,289
9022001064105002,0.0,293
9022001064107001,0.0,277
9022001064107002,0.0,298
9022001064109001,0.0,279
9022001064109002,0.0,294
9022001064111001,0.0,280
9022001064111002,0.0,299
9022001064115001,0.0,23
9022001064115002,0.0,12
9022001064117001,0.0,23
9022001064117002,0.0,12
9022001064119001,0.0,22
9022001064119002,0.0,11
9022001064121001,0.0,21
9022001064121002,0.0,15
9022001064123001,0.0,22
9022001064123002,0.0,13
9022001064125001,0.0,23
9022001064125002,0.0,15
9022001064127001,0.625,8
9022001064127002,0.75,4
9022001064130002,0.0,68
9022001064146001,0.00033090668431502316,3022
9022001064146002,0.0,797
9022001064146003,0.001889168765743073,3176
9022001064154001,0.0,37
9022001064154002,0.0,32
9022001064156001,0.0,41
9022001064156002,0.0,37
9022001064158001,0.0,41
9022001064158002,0.0,38
9022001064170001,0.0,208
9022001064170002,0.0,211
9022001064173001,0.0,503
9022001064173002,0.0,552
9022001064176001,0.0,84
9022001064177001,0.0,208
9022001064177002,0.0,235
9022001064201001,0.0,224
9022001064201002,0.0,208
9022001064203001,0.0,211
9022001064203002,0.0,208
9022001064205001,0.0,214
9022001064205002,0.0,310
9022001064207001,0.0,206
9022001064207002,0.0,208
9022001064209001,0.0,211
9022001064209002,0.0,209
9022001064211001,0.0,216
9022001064211002,0.0,206
9022001064213001,0.0,215
9022001064213002,0.0,207
9022001064215001,0.0,212
9022001064215002,0.0,209
9022001064217001,0.0,212
9022001064217002,0.0,208
9022001064219001,0.0,215
9022001064219002,0.0,208
9022001064221001,0.0,215
9022001064221002,0.0,204
9022001064223001,0.0,215
9022001064223002,0.0,208
9022001064225001,0.0,215
9022001064225002,0.0,213
9022001064227001,0.0,215
9022001064227002,0.0,207
9022001064229001,0.0,215
9022001064229002,0.0,122
9022001064231001,0.0,215
9022001064231002,0.0,122
9022001064233001,0.0,215
9022001064233002,0.0,120
9022001064235001,0.0,215
9022001064235002,0.0,128
9022001064237001,0.0,215
9022001064237002,0.0,115
9022001064239001,0.0,313
9022001064239002,0.0,117
9022001064297002,0.0,232
9022001064297003,0.0,168
9022001064301001,0.0,83
9022001064301002,0.0,80
9022001064303001,0.0,82
9022001064303002,0.0,80
9022001064305001,0.0,85
9022001064305002,0.0,80
9022001064307001,0.0,83
9022001064307002,0.0,80
9022001064309001,0.0,80
9022001064309002,0.0,82
9022001064311001,0.0,78
9022001064311002,0.0,81
9022001064313001,0.0,81
9022001064313002,0.0,82
9022001064315001,0.0,82
9022001064315002,0.0,81
9022001064317001,0.0,82
9022001064317002,0.0,82
9022001064319001,0.0,74
9022001064319002,0.0,83
9022001064321001,0.0,79
9022001064321002,0.0,85
9022001064323001,0.0,80
9022001064323002,0.0,85
9022001064325001,0.0,82
9022001064325002,0.0,88
9022001064327001,0.0,80
9022001064327002,0.0,77
9022001064329001,0.0,82
9022001064329002,0.0,81
9022001064339001,0.0,79
9022001064339002,0.0,79
9022001064341001,0.0,78
9022001064341002,0.0,82
9022001064343001,0.0,81
9022001064343002,0.0,81
9022001064345001,0.0,83
9022001064345002,0.0,77
9022001064347001,0.0,81
9022001064347002,0.0,85
9022001064349001,0.0,86
9022001064349002,0.0,79
9022001064351001,0.0,84
9022001064351002,0.0,76
9022001064353001,0.0,85
9022001064353002,0.0,74
9022001064355001,0.0,83
9022001064355002,0.0,77
9022001064357001,0.0,85
9022001064357002,0.0,82
9022001064359001,0.0,83
9022001064359002,0.0,83
9022001064361001,0.0,89
9022001064361002,0.0,76
9022001064363001,0.0,77
9022001064363002,0.0,80
9022001064365001,0.0,74
9022001064365002,0.0,78
9022001064367001,0.0,81
9022001064367002,0.0,79
9022001064369001,0.0,78
9022001064369002,0.0,81
9022001064373001,0.0,83
9022001064373002,0.0,84
9022001064375001,0.0,77
9022001064375002,0.0,79
9022001064377001,0.0,81
9022001064377002,0.0,84
9022001064379001,0.0,85
9022001064379002,0.0,87
9022001064381001,0.0,80
9022001064381002,0.0,86
9022001064393001,0.0,81
9022001064393002,0.0,77
9022001064397001,0.0,77
9022001064397002,0.0,81
9022001064415001,0.0,39
9022001064415002,0.0,40
9022001064417001,0.0,45
9022001064417002,0.0,38
9022001064419001,0.0,42
9022001064419002,0.0,36
9022001064421001,0.0,44
9022001064421002,0.0,35
9022001064423001,0.0,44
9022001064423002,0.0,36
9022001064443001,0.0,45
9022001064443002,0.0,38
9022001064459001,0.0,47
9022001064459002,0.0,33
9022001064474001,0.0,254
9022001064474002,0.0,344
9022001064476001,0.0,345
9022001064476002,0.0,336
9022001064478002,0.0,253
9022001064478003,0.0,262
9022001064480001,0.0,325
9022001064490001,0.0,1489
9022001064492001,0.0,187
9022001064492002,0.0,211
9022001064494001,0.0,157
9022001064494002,0.0,155
9022001064501001,0.0,84
9022001064501002,0.0,103
9022001064503001,0.0,77
9022001064503002,0.0,100
9022001064505001,0.0,80
9022001064505002,0.0,98
9022001064507001,0.0,84
9022001064507002,0.0,94
9022001064509001,0.0,83
9022001064509002,0.0,91
9022001064511001,0.0,82
9022001064511002,0.0,102
9022001064513001,0.0,63
9022001064513002,0.0,80
9022001064513003,0.0,17
9022001064513004,0.0,16
9022001064515001,0.0,64
9022001064515002,0.0,80
9022001064517001,0.0,67
9022001064517002,0.0,81
9022001064519001,0.0,64
9022001064519002,0.0,86
9022001064521001,0.0,70
9022001064521002,0.0,86
9022001064523001,0.0,72
9022001064523002,0.0,87
9022001064525001,0.0,71
9022001064525002,0.0,80
9022001064527001,0.0,63
9022001064527002,0.0,75
9022001064529001,0.0,68
9022001064529002,0.0,80
9022001064531001,0.0,68
9022001064531002,0.0,78
9022001064533001,0.0,65
9022001064533002,0.0,84
9022001064535001,0.0,66
9022001064535002,0.0,81
9022001064537001,0.0,59
9022001064537002,0.0,90
9022001064539001,0.0,70
9022001064539002,0.0,83
9022001064545001,0.0,82
9022001064545002,0.0,83
9022001064546001,0.0,82
9022001064546002,0.0,82
9022001064555001,0.0,81
9022001064559001,0.0,81
9022001064561001,0.0,810
9022001064562001,0.0,72
9022001064562002,0.0,80
9022001064567001,0.0,168
9022001064571001,0.0,80
9022001064573001,0.0,340
9022001064573003,0.0,286
9022001064586002,0.0,80
9022001064591001,0.0,86
9022001064592001,0.0,35
9022001064601001,0.019002375296912115,421
9022001064601002,0.020366598778004074,491
9022001064603001,0.014527845036319613,413
9022001064603002,0.01818181818181818,495
9022001064605001,0.015113350125944584,397
9022001064605002,0.022277227722772276,404
9022001064607001,0.015748031496062992,381
9022001064607002,0.02444987775061125,409
9022001064609001,0.01282051282051282,390
9022001064609002,0.022332506203473945,403
9022001064611001,0.0125,400
9022001064611002,0.02403846153846154,416
9022001064613001,0.015228426395939087,394
9022001064613002,0.024213075060532687,413
9022001064615001,0.0,366
9022001064615002,0.022900763358778626,393
9022001064617001,0.16216216216216217,37
9022001064617002,0.0,14
9022001064619001,0.23529411764705882,34
9022001064619002,0.0,13
9022001064621001,0.25,32
9022001064621002,0.0,12
9022001064623001,0.2571428571428571,35
9022001064623002,0.0,12
9022001064625001,0.21212121212121213,33
9022001064625002,0.0,13
9022001064627001,0.3103448275862069,29
9022001064627002,0.0,11
9022001064629001,0.24324324324324326,37
9022001064629002,0.0,12
9022001064631001,0.2,35
9022001064631002,0.0,14
9022001064633001,0.25,32
9022001064633002,0.0,11
9022001064635001,0.19444444444444445,36
9022001064635002,0.0,14
9022001064637002,0.2222222222222222,45
9022001064639001,0.25,36
9022001064639002,0.0,12
9022001064641001,0.2727272727272727,33
9022001064641002,0.0,13
9022001064643001,0.3142857142857143,35
9022001064643002,0.0,13
9022001064645001,0.2727272727272727,33
9022001064645002,0.0,13
9022001064663001,0.0,373
9022001064663002,0.023376623376623377,385
9022001064665001,0.0,359
9022001064665002,0.02557544757033248,391
9022001064667001,0.0,353
9022001064667002,0.022167487684729065,406
9022001064669001,0.0,373
9022001064669002,0.023316062176165803,386
9022001064671001,0.0,355
9022001064671002,0.023316062176165803,386
9022001064673001,0.0291005291005291,378
9022001064673002,0.022167487684729065,406
9022001064681001,0.0,366
9022001064681002,0.0,379
9022001064685001,0.0,364
9022001064685002,0.0,379
9022001064687001,0.0,364
9022001064687002,0.0,383
9022001064689001,0.0,381
9022001064689002,0.0,369
9022001064691001,0.16666666666666666,30
9022001064691002,0.0,15
9022001064693001,0.0,372
9022001064693002,0.02284263959390863,394
9022001064703001,0.0,562
9022001064703002,0.0,573
9022001064705001,0.0,566
9022001064705002,0.0,574
9022001064707001,0.0,553
9022001064707002,0.0,566
9022001064709001,0.0,569
9022001064709002,0.0,574
9022001064711001,0.0,562
9022001064711002,0.0,554
9022001064713001,0.0,559
9022001064713002,0.0,554
9022001064715001,0.0,546
9022001064715002,0.0,562
9022001064717001,0.0,568
9022001064717002,0.0,572
9022001064719001,0.0,560
9022001064719002,0.0,576
9022001064721001,0.0,551
9022001064721002,0.0,618
9022001064723001,0.0,557
9022001064723002,0.0,610
9022001064725001,0.0,572
9022001064725002,0.0,591
9022001064727001,0.0017921146953405018,558
9022001064727002,0.006557377049180328,610
9022001064729001,0.0,144
9022001064729002,0.0,173
9022001064731001,0.0,151
9022001064731002,0.0,175
9022001064733001,0.0,148
9022001064733002,0.0,178
9022001064735001,0.0,155
9022001064735002,0.0,176
9022001064737001,0.0,143
9022001064737002,0.0,172
9022001064739001,0.0,159
9022001064739002,0.0,177
9022001064741001,0.0,143
9022001064741002,0.0,183
9022001064743001,0.0,151
9022001064743002,0.0,183
9022001064803001,0.0,199
9022001064803002,0.0,240
9022001064805001,0.0,214
9022001064805002,0.0,237
9022001064807001,0.0,211
9022001064807002,0.0,236
9022001064809001,0.0,11
9022001064809002,0.0,239
9022001064811001,0.0,210
9022001064811002,0.0,244
9022001064813001,0.0,216
9022001064813002,0.0,233
9022001064815001,0.0,216
9022001064815002,0.0,235
9022001064817001,0.0,213
9022001064817002,0.0,245
9022001064819001,0.0,212
9022001064819002,0.0,246
9022001064821001,0.0,229
9022001064821002,0.0,234
9022001064823001,0.0,229
9022001064823002,0.0,244
9022001064825001,0.0,227
9022001064825002,0.0,254
9022001064827001,0.0,230
9022001064827002,0.0,233
9022001064829001,0.0,238
9022001064829002,0.0,258
9022001064831001,0.0,39
9022001064831002,0.0,32
9022001064833001,0.0,11
9022001064833002,0.0,9
9022001064835001,0.0,12
9022001064835002,0.0,11
9022001064837001,0.0,10
9022001064837002,0.0,10
9022001064839001,0.0,17
9022001064839002,0.0,10
9022001064841001,0.0,19
9022001064843001,0.0,22
9022001064845001,0.0,19
9022001064847001,0.0,20
9022001064849001,0.0,22
9022001064851001,0.0,11
9022001064851002,0.0,11
9022001064853001,0.0,21
9022001064854001,0.0,517
9022001064855001,0.0,18
9022001064856001,0.0,9
9022001064856002,0.0,9
9022001064858001,0.0,11
9022001064858002,0.0,9
9022001064860001,0.0,88
9022001064861001,0.0,19
9022001064863001,0.0,47
9022001064865001,0.0,19
9022001064865003,0.0,18
9022001064867001,0.0,20
9022001064867002,0.0,17
9022001064870001,0.0,29
9022001064872001,0.0,9
9022001064872002,0.0,8
9022001064874001,0.0,9
9022001064874002,0.0,9
9022001064879002,0.0,41
9022001064881001,0.0,29
9022001064881002,0.0,18
9022001064883001,0.0,19
9022001064886001,0.0,81
9022001064887001,0.0,10
9022001064887002,0.0,9
9022001064890001,0.0,339
9022001064892001,0.0,256
9022001064892002,0.0,255
9022001064894001,0.0,254
9022001064894002,0.0,280
9022001064896001,0.0,236
9022001064896002,0.0,209
9022001064898001,0.0,265
9022001064898002,0.0,235
9022001064900001,0.0,264
9022001064901001,0.0,37
9022001064903001,0.0,37
9022001064904002,0.0,40
9022001064906002,0.0,34
9022001064909001,0.0,38
9022001064911001,0.0,37
9022001064913001,0.0,40
9022001064914001,0.0,198
9022001064914002,0.0,238
9022001064915001,0.0,38
9022001064917001,0.0,37
9022001064918001,0.0,13
9022001064918002,0.0,24
9022001064976001,0.0,119
9022001064976002,0.0,107
9022001064978001,0.0,118
9022001064978002,0.0,107
9022001065001001,0.0,80
9022001065001002,0.0,162
9022001065003001,0.0,561
9022001065003002,0.0,628
9022001065004001,0.0,621
9022001065004002,0.0,560
9022001065007001,0.0,556
9022001065007002,0.0,615
9022001065009001,0.0,539
9022001065009002,0.0,479
9022001065011001,0.0,547
9022001065011002,0.0,483
9022001065013001,0.0,535
9022001065013002,0.0,482
9022001065015001,0.0,629
9022001065015002,0.0,560
9022001065017001,0.0,610
9022001065017002,0.0,563
9022001065021001,0.0,489
9022001065021002,0.0,548
9022001065023001,0.0,490
9022001065023002,0.0,560
9022001065025001,0.0,490
9022001065025002,0.0,557
9022001065031001,0.0,380
9022001065031002,0.0,374
9022001065035001,0.0,343
9022001065037001,0.0,345
9022001065039001,0.0,335
9022001065039003,0.0,288
9022001065041001,0.0,79
9022001065042001,0.0,257
9022001065042002,0.0,252
9022001065046001,0.0,268
9022001065046002,0.0,254
9022001065055001,0.0,349
9022001065055002,0.0,344
9022001065059001,0.0,446
9022001065059002,0.0,474
9022001065061001,0.0,444
9022001065061002,0.0,478
9022001065065001,0.0,912
9022001065067001,0.0,457
9022001065067002,0.0,443
9022001065069001,0.0,442
9022001065069002,0.0,458
9022001065073001,0.0,442
9022001065073002,0.0,456
9022001065109001,0.6666666666666666,3
9022001065109002,0.6,10
9022001065111001,0.8,5
9022001065111002,0.6,10
9022001065113001,0.6666666666666666,3
9022001065113002,0.5454545454545454,11
9022001065115001,0.8,5
9022001065115002,0.5454545454545454,11
9022001065117001,0.8,5
9022001065117002,0.6,10
9022001065119001,0.75,4
9022001065119002,0.6,10
9022001065121001,0.75,4
9022001065121002,0.6,10
9022001065123001,0.75,4
9022001065123002,0.6,10
9022001065125001,0.75,4
9022001065125002,0.2222222222222222,9
9022001065127001,0.8,5
9022001065127002,0.5555555555555556,9
9022001065129001,0.5,4
9022001065129002,0.4444444444444444,9
9022001065131001,0.75,4
9022001065131002,0.4,10
9022001065133001,0.75,4
9022001065133002,0.625,8
9022001065135001,0.75,4
9022001065135002,0.625,8
9022001065137001,0.8,5
9022001065137002,0.6,10
9022001065139001,0.8,5
9022001065139002,0.5555555555555556,9
9022001065141001,0.75,4
9022001065141002,0.6666666666666666,9
9022001065143001,0.8,5
9022001065143002,0.5555555555555556,9
9022001065145001,0.75,4
9022001065145002,0.5555555555555556,9
9022001065147001,0.75,4
9022001065147002,0.625,8
9022001065201001,0.0,17
9022001065201002,0.0,16
9022001065203001,0.0,16
9022001065203002,0.0,17
9022001065205001,0.0,14
9022001065205002,0.0,17
9022001065207001,0.0,14
9022001065207002,0.0,19
9022001065209001,0.0,15
9022001065209002,0.0,17
9022001065211001,0.0,18
9022001065211002,0.0,18
9022001065213001,0.0,17
9022001065213002,0.0,22
9022001065215001,0.0,12
9022001065215002,0.0,17
9022001065217001,0.0,15
9022001065217002,0.0,19
9022001065219001,0.0,16
9022001065219002,0.0,16
9022001065221001,0.0,16
9022001065221002,0.0,19
9022001065223001,0.0,19
9022001065223002,0.0,18
9022001065225001,0.0,30
9022001065225002,0.0,33
9022001065227001,0.0,34
9022001065227002,0.0,37
9022001065229001,0.0,33
9022001065229002,0.0,39
9022001065231001,0.0,36
9022001065231002,0.0,37
9022001065233001,0.0,31
9022001065233002,0.0,34
9022001065237001,0.0,34
9022001065239001,0.0,18
9022001065239002,0.0,17
9022001065241001,0.0,18
9022001065241002,0.0,20
9022001065243001,0.0,20
9022001065243002,0.0,19
9022001065245001,0.0,16
9022001065245002,0.0,19
9022001065247001,0.0,14
9022001065247002,0.0,18
9022001065249001,0.0,16
9022001065249002,0.0,20
9022001065251001,0.0,19
9022001065251002,0.0,19
9022001065253001,0.0,18
9022001065253002,0.0,18
9022001065259001,0.0,17
9022001065259002,0.0,18
9022001065261001,0.0,136
9022001065261002,0.0,145
9022001065299001,0.0,34
9022001065299002,0.0,31
9022001065301001,0.0,32
9022001065301002,0.0,31
9022001065303001,0.0,36
9022001065303002,0.0,32
9022001065305001,0.0,35
9022001065305002,0.0,33
9022001065309001,0.0,30
9022001065310001,0.0,31
9022001065311001,0.0,26
9022001065311002,0.0,21
9022001065311003,0.0,10
9022001065311004,0.0,11
9022001065313001,0.0,25
9022001065313002,0.0,19
9022001065315001,0.0,25
9022001065315002,0.0,23
9022001065317001,0.0,22
9022001065317002,0.0,23
9022001065319001,0.0,25
9022001065319002,0.0,25
9022001065321001,0.0,24
9022001065321002,0.0,24
9022001065323001,0.0,24
9022001065323002,0.0,20
9022001065325001,0.0,20
9022001065325002,0.0,23
9022001065327001,0.0,27
9022001065327002,0.0,22
9022001065345003,0.0,9
9022001065345004,0.0,10
9022001065347001,0.0,9
9022001065347002,0.0,12
9022001065349001,0.0,108
9022001065349002,0.0,188
9022001065350001,0.0,24
9022001065350002,0.0,27
9022001065351001,0.0,90
9022001065351002,0.0,91
9022001065353001,0.0,9
9022001065353002,0.0,10
9022001065355001,0.0,8
9022001065355002,0.0,8
9022001065357001,0.0,9
9022001065357002,0.0,8
9022001065359001,0.0,10
9022001065359002,0.0,11
9022001065361001,0.0,8
9022001065361002,0.0,10
9022001065363001,0.0,9
9022001065363002,0.0,8
9022001065403001,0.0,92
9022001065403002,0.0,97
9022001065405001,0.0,91
9022001065405002,0.0,89
9022001065407001,0.0,89
9022001065407002,0.0,98
9022001065409001,0.0,89
9022001065409002,0.0,89
9022001065411001,0.0,99
9022001065411002,0.0,97
9022001065413001,0.0,109
9022001065415001,0.0,106
9022001065432001,0.0,106
9022001065434001,0.0,107
9022001065436001,0.0,104
9022001065900001,0.0,223
9022001065900003,0.0,189
9022001065903001,0.0,435
9022001065903002,0.0,16
9022001065905001,0.0,176
9022001065905002,0.0,163
9022001065907001,0.0,171
9022001065907002,0.0,163
9022001065909001,0.0,164
9022001065909002,0.0,165
9022001065913001,0.0,671
9022001065913002,0.0,636
9022001065915001,0.0,656
9022001065915002,0.0,609
9022001065917001,0.0,671
9022001065917002,0.0,614
9022001065919001,0.0,666
9022001065919002,0.0,626
9022001066003001,0.0007215007215007215,1386
9022001066003002,0.004919184820801124,1423
9022001066005001,0.005434782608695652,368
9022001066007001,0.01834862385321101,109
9022001066007002,0.012315270935960592,406
9022001066013001,0.0,226
9022001066013002,0.0,218
9022001066017001,0.0,1001
9022001066017002,0.0,935
9022001066019001,0.0,645
9022001066019002,0.0,630
9022001066103001,0.018691588785046728,107
9022001066103002,0.04,125
9022001066105001,0.0196078431372549,102
9022001066105002,0.05555555555555555,126
9022001066107001,0.017391304347826087,115
9022001066107002,0.05223880597014925,134
9022001066109001,0.0,114
9022001066109002,0.048,125
9022001066111001,0.0,55
9022001066111002,0.0,71
9022001066111003,0.08196721311475409,61
9022001066113001,0.0,60
9022001066113002,0.0,67
9022001066115001,0.0,54
9022001066115002,0.0,67
9022001066117001,0.0,59
9022001066117002,0.0,70
9022001066119001,0.0,125
9022001066119002,0.0,61
9022001066123001,0.0,86
9022001066123002,0.0,110
9022001066125001,0.0,90
9022001066125002,0.0,99
9022001066127001,0.0,86
9022001066127002,0.0,107
9022001066129001,0.0,55
9022001066129002,0.0,67
9022001066131001,0.0,57
9022001066131002,0.0,74
9022001066133001,0.0,54
9022001066133002,0.0,70
9022001066135001,0.0,55
9022001066135002,0.0,62
9022001066137001,0.0,109
9022001066137002,0.0,63
9022001066137003,0.0,56
9022001066139001,0.0,101
9022001066139002,0.0,122
9022001066141001,0.0,58
9022001066141002,0.0,64
9022001066143001,0.0,55
9022001066143002,0.0,71
9022001066145001,0.0,56
9022001066145002,0.0,63
9022001066147001,0.0,54
9022001066147002,0.0,68
9022001066149001,0.0,65
9022001066149002,0.0,73
9022001066149003,0.0,29
9022001066151001,0.0,66
9022001066151002,0.0,71
9022001066153001,0.08139534883720931,86
9022001066155001,0.0,58
9022001066155002,0.0,68
9022001066157001,0.0,61
9022001066157002,0.0,68
9022001066159001,0.0,211
9022001066160001,0.0,269
9022001066160002,0.0,291
9022001066163001,0.1,40
9022001066205001,0.0,8
9022001066205002,0.0,12
9022001066207001,0.0,10
9022001066208001,0.0,8
9022001066209001,0.0,10
9022001066210001,0.0,13
9022001066211001,0.0,9
9022001066211002,0.0,11
9022001066213001,0.06930693069306931,101
9022001066213002,0.0,9
9022001066217001,0.0,24
9022001066219001,0.0,7
9022001066219002,0.0,8
9022001066221001,0.07407407407407407,54
9022001066221002,0.03508771929824561,57
9022001066229001,0.0,11
9022001066229002,0.0,9
9022001066231001,0.10606060606060606,66
9022001066231002,0.03389830508474576,59
9022001066233001,0.1111111111111111,63
9022001066233002,0.03389830508474576,59
9022001066235001,0.0,10
9022001066235002,0.0,9
9022001066237001,0.07272727272727272,55
9022001066237002,0.03389830508474576,59
9022001066304001,0.0,193
9022001066304002,0.0,53
9022001066308001,0.0016835016835016834,594
9022001066308002,0.0017094017094017094,585
9022001066315001,0.35135135135135137,37
9022001066327001,0.3076923076923077,39
9022001066341002,0.0,607
9022001066499001,0.0017857142857142857,1120
9022001066499002,0.006029285099052541,1161
9022001066501001,0.001937984496124031,516
9022001066501002,0.0,418
9022001066503001,0.0,268
9022001066503002,0.0,285
9022001066505001,0.0,267
9022001066505002,0.0,289
9022001066507001,0.0,279
9022001066507002,0.0,288
9022001066509001,0.0,276
9022001066509002,0.0,275
9022001066512001,0.0,399
9022001066512002,0.0,418
9022001066514001,0.0,401
9022001066514002,0.0,419
9022001066515001,0.0049504950495049506,202
9022001066515002,0.0,184
9022001066517001,0.0,411
9022001066517002,0.0,403
9022001066518001,0.0,394
9022001066518002,0.0,410
9022001066520001,0.0,393
9022001066520002,0.0,415
9022001066522001,0.0,390
9022001066522002,0.0,400
9022001066526001,0.0,391
9022001066526002,0.0,415
9022001066532001,0.0,810
9022001066540001,0.0,182
9022001066540002,0.005025125628140704,199
9022001066562001,0.0,243
9022001066601001,0.0,55
9022001066601002,0.0,46
9022001066603001,0.0,58
9022001066603002,0.0,46
9022001066605001,0.0,59
9022001066605002,0.0,46
9022001066607001,0.0,58
9022001066607002,0.0,47
9022001066609001,0.0,56
9022001066609002,0.0,49
9022001066611001,0.0,58
9022001066611002,0.0,47
9022001066613001,0.0,56
9022001066613002,0.0,48
9022001066615001,0.0,56
9022001066615002,0.0,45
9022001066620001,0.0,269
9022001066620002,0.0,284
9022001066622001,0.0,544
9022001066707001,0.041666666666666664,24
9022001066707002,0.07142857142857142,28
9022001066805001,0.0,29
9022001066805002,0.0,40
9022001066809001,0.0,29
9022001066809002,0.0,41
9022001066811001,0.0,83
9022001066811002,0.0,106
9022001066901001,0.0,14
9022001066903001,0.0,14
9022001067005001,0.0,539
9022001067005002,0.0,530
9022001067007001,0.0,631
9022001067007002,0.0,613
9022001067009001,0.0,615
9022001067009002,0.0,612
9022001067011001,0.0,1926
9022001067011002,0.0,1397
9022001067011003,0.0,615
9022001067013001,0.0,1187
9022001067013002,0.0,1119
9022001067015001,0.0,1406
9022001067015002,0.0,434
9022001067015003,0.0,1453
9022001067015004,0.0,699
9022001067019001,0.0,1397
9022001067019002,0.0,1475
9022001067021001,0.0,1332
9022001067021002,0.0,1392
9022001067023001,0.0,1308
9022001067023002,0.0,1400
9022001067025001,0.0,1331
9022001067025002,0.0,1392
9022001067027001,0.00044169611307420494,2264
9022001067027004,0.0,862
9022001067027005,0.0,847
9022001067027006,0.0,2211
9022001067029001,0.0,1196
9022001067029002,0.0,1222
9022001067031001,0.0,1195
9022001067031002,0.0,1213
9022001067033001,0.0,1266
9022001067033002,0.0,1235
9022001067035001,0.0,1275
9022001067035002,0.0,1342
9022001067037001,0.0,1275
9022001067037002,0.0,1294
9022001067039001,0.0,1423
9022001067039002,0.0,1303
9022001067043001,0.0,2352
9022001067043002,0.0,2341
9022001067044001,0.0,1307
9022001067044002,0.0,1272
9022001067061001,0.0,75
9022001067061002,0.0,85
9022001067063001,0.0,83
9022001067063002,0.0,81
9022001067065001,0.0,78
9022001067065002,0.0,79
9022001067067001,0.0,73
9022001067067002,0.0,81
9022001067069001,0.0,77
9022001067069002,0.0,77
9022001067071001,0.0,78
9022001067071002,0.0,86
9022001067073001,0.0,79
9022001067073002,0.0,81
9022001067075001,0.0,79
9022001067075002,0.0,81
9022001067077001,0.0,79
9022001067077002,0.0,78
9022001067079002,0.0,81
9022001067093001,0.0,850
9022001067093002,0.0,870
9022001067095001,0.0,845
9022001067095002,0.0,865
9022001067098001,0.0,1710
9022001067099001,0.0,829
9022001067099002,0.0,816
9022001067102001,0.0,1649
9022001067120001,0.0,85
9022001067121001,0.0,104
9022001067123001,0.0,103
9022001067127001,0.0,38
9022001067128001,0.0,142
9022001067131001,0.0,106
9022001067132001,0.0,88
9022001067134001,0.0,38
9022001067137001,0.0,191
9022001067137002,0.0,101
9022001067149001,0.0,546
9022001067149002,0.0,538
9022001067151001,0.0,15
9022001067151002,0.0,16
9022001067403001,0.0,558
9022001067403002,0.0,543
9022001067405001,0.0,557
9022001067405002,0.0,543
9022001067407001,0.0,560
9022001067407002,0.0,553
9022001067409001,0.0,551
9022001067409002,0.0,539
9022001067411001,0.0,530
9022001067411002,0.0,545
9022001067413001,0.0,535
9022001067413002,0.0,535
9022001067415001,0.0,520
9022001067415002,0.0,549
9022001067419001,0.0,531
9022001067419002,0.0,536
9022001067421001,0.0,531
9022001067421002,0.0,537
9022001067430001,0.0,545
9022001067430002,0.0,528
9022001067503001,0.0,562
9022001067503002,0.0,534
9022001067505001,0.0,566
9022001067505002,0.0,533
9022001067507001,0.0,537
9022001067507002,0.0,547
9022001067509001,0.0,550
9022001067509002,0.0,536
9022001067511001,0.0,553
9022001067511002,0.0,535
9022001067801001,0.0,773
9022001067801002,0.0,161
9022001067803001,0.0,468
9022001067803002,0.0,465
9022001067805001,0.0,474
9022001067805002,0.0,477
9022001067807001,0.0,471
9022001067807002,0.0,474
9022001067809001,0.0,472
9022001067809002,0.0,472
9022001067811001,0.0,469
9022001067811002,0.0,466
9022001067813001,0.0,470
9022001067813002,0.0,468
9022001067815001,0.0,471
9022001067815002,0.0,463
9022001067817001,0.0,471
9022001067817002,0.0,474
9022001067823001,0.0,929
9022001067824001,0.0,466
9022001067824002,0.0,471
9022001067828001,0.0,471
9022001067828002,0.0,469
9022001067841001,0.0,471
9022001067841002,0.0,465
9022001067843001,0.0,469
9022001067900001,0.0,264
9022001067939001,0.0,268
9022001067941001,0.0,155
9022001067951001,0.0,138
9022001067953001,0.0,255
9022001068131001,0.0,375
9022001068131002,0.0,377
9022001068133001,0.0,377
9022001068133002,0.0,388
9022001068139001,0.0,763
9022001068141001,0.0,379
9022001068141002,0.0,385
9022001068411001,0.0,85
9022001068411002,0.0,84
9022001068494001,0.0,341
9022001068494002,0.0,353
9022001068496001,0.0,339
9022001068496002,0.0,326
9022001068498001,0.0,352
9022001068498002,0.0,340
9022001068631001,0.0,12
9022001068631002,0.0,15
9022001068633001,0.0,39
9022001068633002,0.0,45
9022001068701001,0.0,369
9022001068701002,0.0,366
9022001068703001,0.0,363
9022001068703002,0.0,369
9022001068707001,0.0,397
9022001068707002,0.0,398
9022001068709001,0.0,413
9022001068709002,0.0,416
9022001068711001,0.0,354
9022001068712001,0.0,336
9022001068713001,0.0,344
9022001068713002,0.0,358
9022001068715001,0.0,336
9022001068715002,0.0,343
9022001068717001,0.0,341
9022001068718001,0.0,355
9022001068719001,0.0,336
9022001068720001,0.0,330
9022001068721001,0.0,354
9022001068721002,0.0,341
9022001068723001,0.0,337
9022001068723002,0.0,353
9022001068725001,0.0,331
9022001068725002,0.0,347
9022001068773001,0.0,342
9022001068773002,0.0,340
9022001068779001,0.0,383
9022001068779002,0.0,41
9022001068779003,0.0,342
9022001068781001,0.0,342
9022001068781002,0.0,351
9022001068783001,0.0,343
9022001068783002,0.0,350
9022001068890001,0.0,336
9022001068890002,0.0,349
9022001068906001,0.0,349
9022001068906002,0.0,341
9022001069009001,0.0014236322961155175,4917
9022001069009002,0.0004095004095004095,4884
9022001069011001,0.0,2219
9022001069011002,0.0,3694
9022001069019001,0.0002836074872376631,3526
9022001069019002,0.0,3510
9022001070001001,0.0007262164124909223,1377
9022001070002001,0.0,698
9022001070002002,0.001488095238095238,672
9022001070004001,0.0,1394
9022001070004002,0.0007363770250368188,1358
9022001070006001,0.0,1377
9022001070006002,0.0007374631268436578,1356
9022001070008001,0.0,1407
9022001070008002,0.0007336757153338225,1363
9022001070010001,0.0015564202334630351,1285
9022001070010002,0.0029806259314456036,1342
9022001070014003,0.0026595744680851063,752
9022001070014004,0.0013550135501355014,738
9022001070016001,0.0040650406504065045,738
9022001070016002,0.001366120218579235,732
9022001070018001,0.0,240
9022001070019003,0.0,1193
9022001070019004,0.0,1165
9022001070020001,0.007751937984496124,516
9022001070022001,0.004180602006688963,1196
9022001070022002,0.0017346053772766695,1153
9022001070024001,0.006578947368421052,760
9022001070024002,0.0027247956403269754,734
9022001070026001,0.0067842605156037995,737
9022001070026002,0.002770083102493075,722
9022001070028001,0.005820721769499418,859
9022001070028002,0.0022624434389140274,884
9022001070030001,0.005861664712778429,853
9022001070030002,0.0022701475595913734,881
9022001070032001,0.006764374295377677,887
9022001070032002,0.002257336343115124,886
9022001070034001,0.005707762557077625,876
9022001070034002,0.0009237875288683603,2165
9022001070034003,0.0016142050040355124,1239
9022001070038001,0.0,1451
9022001070038002,0.0,1290
9022001070038003,0.0,1100
9022001070038004,0.001358695652173913,736
9022001070038005,0.0,1174
9022001070038006,0.0013054830287206266,766
9022001070040001,0.0014104372355430183,2127
9022001070040002,0.0014925373134328358,2010
9022001070042001,0.003579952267303103,1676
9022001070042002,0.0012135922330097086,1648
9022001070044001,0.0035949670461354103,1669
9022001070044002,0.0006042296072507553,1655
9022001070046001,0.0035419126328217238,1694
9022001070046002,0.0005977286312014345,1673
9022001070048001,0.004156769596199525,1684
9022001070048002,0.0006035003017501509,1657
9022001070050001,0.004103165298944901,1706
9022001070050002,0.0006024096385542169,1660
9022001070052001,0.0,871
9022001070052003,0.0011402508551881414,877
9022001070052004,0.004540295119182747,881
9022001070053001,0.0017316017316017316,1155
9022001070053002,0.004251700680272109,1176
9022001070057001,0.0,2450
9022001070057002,0.0011675423234092236,1713
9022001070057003,0.0,1893
9022001070058001,0.0,1167
9022001070058002,0.0,1150
9022001070062001,0.0,1752
9022001070062002,0.001160092807424594,1724
9022001070064001,0.0,1756
9022001070064002,0.0011730205278592375,1705
9022001070066001,0.0,1778
9022001070066002,0.0005871990604815032,1703
9022001070068001,0.0,1773
9022001070068002,0.0011435105774728416,1749
9022001070070001,0.0,1754
9022001070070002,0.001182033096926714,1692
9022001070072001,0.0,902
9022001070072002,0.001182033096926714,846
9022001070074001,0.0,862
9022001070074002,0.0012048192771084338,830
9022001070076001,0.0,884
9022001070076002,0.002372479240806643,843
9022001070078001,0.0,1233
9022001070078002,0.0008319467554076539,1202
9022001070080001,0.0,898
9022001070080002,0.0012077294685990338,828
9022001070082001,0.0,862
9022001070083001,0.0005192107995846313,1926
9022001070083002,0.0006018657839301836,3323
9022001070084001,0.00041562759767248546,2406
9022001070084002,0.0012432656444260257,2413
9022001070084005,0.0,332
9022001070084006,0.0,347
9022001070086001,0.000357653791130186,2796
9022001070086002,0.000727802037845706,2748
9022001070088001,0.0,1676
9022001070088002,0.0,1674
9022001070088003,0.0018298261665141812,1093
9022001070088004,0.0,1074
9022001070090001,0.0,758
9022001070090002,0.004032258064516129,744
9022001070096001,0.0,869
9022001070096002,0.0,758
9022001070098001,0.0,1548
9022001070098002,0.0,26
9022001070100001,0.0,1594
9022001070100002,0.0,1582
9022001070102001,0.0,2388
9022001070102002,0.0,2462
9022001070104001,0.004705882352941176,425
9022001070104002,0.0,423
9022001070106001,0.006864988558352402,437
9022001070106002,0.0,418
9022001070108001,0.0,162
9022001070108002,0.0006246096189881324,1601
9022001070108003,0.0,1533
9022001070108004,0.0,873
9022001070108005,0.0,928
9022001070108006,0.0,306
9022001070108007,0.0,661
9022001070108008,0.0006195786864931846,1614
9022001070108009,0.0,183
9022001070108010,0.0,594
9022001070112001,0.0,359
9022001070112002,0.0,781
9022001070112003,0.0,1390
9022001070113001,0.0,9
9022001070113002,0.0017331022530329288,577
9022001070114001,0.0,886
9022001070114002,0.001176470588235294,850
9022001070122001,0.0,785
9022001070122002,0.0,824
9022001070124001,0.0,1236
9022001070124002,0.0,1187
9022001070124003,0.0,168
9022001070126001,0.0,661
9022001070126002,0.0,654
9022001070128001,0.0,673
9022001070128002,0.0,663
9022001070130001,0.0,1217
9022001070130002,0.0,1091
9022001070132001,0.0,575
9022001070132002,0.0,584
9022001070134001,0.0,568
9022001070134002,0.0,584
9022001070136001,0.0,575
9022001070136002,0.0,584
9022001070140001,0.0,577
9022001070140002,0.0,583
9022001070144001,0.0,1157
9022001070145001,0.0,76
9022001070145002,0.0,83
9022001070147001,0.0,77
9022001070147002,0.0,84
9022001070149001,0.0,73
9022001070149002,0.0,81
9022001070151001,0.0,75
9022001070151002,0.0,85
9022001070153002,0.0,83
9022001070153003,0.0,71
9022001070155001,0.0,152
9022001070155002,0.0,166
9022001070157001,0.0,165
9022001070157002,0.0,163
9022001070159001,0.0,167
9022001070159002,0.0,165
9022001070161001,0.0,169
9022001070161002,0.0,165
9022001070163001,0.0,151
9022001070163002,0.0,161
9022001070165001,0.0,156
9022001070165002,0.0,162
9022001070168001,0.0,154
9022001070169001,0.0,631
9022001070169002,0.0,519
9022001070173001,0.0,1450
9022001070174001,0.0,85
9022001070174002,0.0,73
9022001070175001,0.0,778
9022001070175002,0.0,784
9022001070178001,0.0,805
9022001070178002,0.0,1517
9022001070180001,0.0,167
9022001070180002,0.0,243
9022001070182001,0.0,170
9022001070182002,0.0,246
9022001070186002,0.0,1528
9022001070186008,0.0,1597
9022001070186009,0.0012307692307692308,1625
9022001070186010,0.0,907
9022001070186011,0.0,1249
9022001070186012,0.0,1623
9022001070186013,0.0,775
9022001070188001,0.0,1598
9022001070188003,0.0,1613
9022001070192001,0.0,798
9022001070192002,0.0,774
9022001070194001,0.0,811
9022001070194002,0.0,790
9022001070196001,0.0,352
9022001070200001,0.0,324
9022001070200002,0.0,312
9022001070204001,0.0,326
9022001070204002,0.0,315
9022001070206003,0.0,806
9022001070206004,0.0,791
9022001070208001,0.0,815
9022001070208002,0.0,793
9022001070210001,0.0,785
9022001070210002,0.0,804
9022001070213001,0.0,409
9022001070213002,0.003484320557491289,287
9022001070215001,0.003401360544217687,1764
9022001070215003,0.0007846214201647705,2549
9022001070215004,0.0008285004142502071,1207
9022001070215005,0.0,1644
9022001070215006,0.0017905102954341987,1117
9022001070216001,0.0007109847138286527,2813
9022001070216002,0.0010574550581600281,2837
9022001070218001,0.001282051282051282,780
9022001070218002,0.0,790
9022001070221001,0.0,934
9022001070222001,0.000691323885240235,2893
9022001070222002,0.0006920415224913495,2890
9022001070222003,0.0,120
9022001070224001,0.002506265664160401,798
9022001070224002,0.0,794
9022001070226001,0.0012437810945273632,804
9022001070226002,0.0,816
9022001070230001,0.0025188916876574307,794
9022001070230002,0.0,814
9022001070235001,0.0,777
9022001070235002,0.0,785
9022001070237001,0.0,777
9022001070237002,0.0,760
9022001070239001,0.0,775
9022001070239002,0.0,793
9022001070243001,0.0,902
9022001070243002,0.0005649717514124294,1770
9022001070243003,0.0,93
9022001070243004,0.012345679012345678,81
9022001070243005,0.0,1000
9022001070245001,0.0,869
9022001070245002,0.0,852
9022001070249001,0.0,868
9022001070249002,0.0,880
9022001070251001,0.0,873
9022001070251002,0.0,857
9022001070253001,0.0,876
9022001070253002,0.0,847
9022001070255001,0.0,877
9022001070255002,0.0,871
9022001070258001,0.0,272
9022001070258002,0.0,1850
9022001070258003,0.0,899
9022001070258004,0.0,1183
9022001070258006,0.0034411562284927736,1453
9022001070258007,0.0,882
9022001070258008,0.0,15
9022001070258009,0.0,5436
9022001070258010,0.0,905
9022001070258011,0.0,983
9022001070259001,0.0,771
9022001070259002,0.0,768
9022001070262001,0.0,359
9022001070262002,0.0,338
9022001070264001,0.0,361
9022001070264002,0.0,335
9022001070266001,0.0,1104
9022001070266002,0.0009216589861751152,1085
9022001070268001,0.0,1114
9022001070268002,0.0009293680297397769,1076
9022001070270001,0.0,1135
9022001070270002,0.0013404825737265416,746
9022001070270003,0.0,678
9022001070272001,0.0,740
9022001070272002,0.0013531799729364006,739
9022001070276001,0.0,343
9022001070276002,0.0,347
9022001070278001,0.0,350
9022001070278002,0.0,335
9022001070280001,0.0,325
9022001070280002,0.0,350
9022001070282001,0.0,346
9022001070282002,0.0,357
9022001070284001,0.0,347
9022001070284002,0.0,332
9022001070286001,0.0,683
9022001070290001,0.0,881
9022001070290002,0.0,882
9022001070292002,0.0,1164
9022001070292003,0.0,1177
9022001070296001,0.0,319
9022001070296002,0.0,289
9022001070298001,0.0,318
9022001070298002,0.0,286
9022001070300001,0.0,884
9022001070300002,0.0,878
9022001070302001,0.0,862
9022001070302002,0.0,876
9022001070304001,0.0,895
9022001070304002,0.0,876
9022001070306001,0.0,875
9022001070306002,0.0,875
9022001070308001,0.0,319
9022001070308002,0.0,288
9022001070311001,0.0,901
9022001070311002,0.0,863
9022001070314001,0.0,346
9022001070314002,0.0,343
9022001070316001,0.0,360
9022001070316002,0.0,341
9022001070318001,0.0,358
9022001070318002,0.0,333
9022001070320001,0.0,2396
9022001070320002,0.0011376564277588168,1758
9022001070320003,0.0,1347
9022001070320004,0.0,1420
9022001070320005,0.0,1688
9022001070322001,0.0,984
9022001070322002,0.0,1098
9022001070324001,0.0,991
9022001070324002,0.0,1077
9022001070326001,0.0,296
9022001070327001,0.0,821
9022001070327002,0.0,995
9022001070329001,0.0,540
9022001070329002,0.0,487
9022001070331001,0.0,1219
9022001070331002,0.0,1190
9022001070331003,0.0,59
9022001070333001,0.0,1212
9022001070333002,0.0,1182
9022001070335001,0.0,1208
9022001070335002,0.0,1149
9022001070337001,0.0,1461
9022001070337002,0.0,1181
9022001070337003,0.0,257
9022001070341001,0.0,931
9022001070341002,0.0,910
9022001070344001,0.0,1850
9022001070348001,0.0,987
9022001070348002,0.0,938
9022001070350001,0.0,989
9022001070350002,0.0,936
9022001070352001,0.0,1838
9022001070355001,0.006693440428380187,747
9022001070355002,0.0038809831824062097,773
9022001070358001,0.0,1397
9022001070358002,0.0,1443
9022001070360001,0.0,1411
9022001070360002,0.0,1449
9022001070362001,0.0,423
9022001070362002,0.0,410
9022001070366001,0.0,96
9022001070366002,0.0,113
9022001070368001,0.0,649
9022001070368002,0.0015503875968992248,645
9022001070372001,0.0007739938080495357,1292
9022001070374001,0.0,113
9022001070374002,0.0,96
9022001070376001,0.0006706908115358819,1491
9022001070376002,0.0,1509
9022001070379001,0.0013774104683195593,1452
9022001070379002,0.0,1482
9022001070381001,0.0013324450366422385,1501
9022001070381002,0.0,1492
9022001070385001,0.0021208907741251328,1886
9022001070385002,0.0,1918
9022001070388001,0.0010655301012253596,1877
9022001070388002,0.0004,2500
9022001070388003,0.0,619
9022001070389001,0.0,489
9022001070389002,0.0,462
9022001070391001,0.0,1491
9022001070391002,0.0,1485
9022001070393001,0.0010672358591248667,1874
9022001070393002,0.0,474
9022001070397001,0.0,2337
9022001070397003,0.00040933278755628325,2443
9022001070400001,0.0,2634
9022001070400002,0.0015145778114350624,2641
9022001070401001,0.0010799136069114472,1852
9022001070401002,0.0010427528675703858,1918
9022001070403001,0.003430531732418525,583
9022001070403002,0.0,616
9022001070407001,0.0,369
9022001070407002,0.0,361
9022001070409001,0.0,1128
9022001070409002,0.0,1169
9022001070414001,0.0,788
9022001070414002,0.0013089005235602095,764
9022001070416001,0.0,790
9022001070416002,0.00130718954248366,765
9022001070418001,0.0,296
9022001070418002,0.0,504
9022001070420001,0.0,789
9022001070420002,0.0013020833333333333,768
9022001070424001,0.0,784
9022001070424002,0.005256241787122208,761
9022001070426001,0.0,163
9022001070430001,0.0,104
9022001070430002,0.0,108
9022001070432001,0.0,108
9022001070432002,0.0,107
9022001070435002,0.0,217
9022001070437001,0.0,1597
9022001070439001,0.0,305
9022001070439002,0.0,331
9022001070441001,0.0,774
9022001070441002,0.0,807
9022001070443001,0.0,809
9022001070443002,0.0,810
9022001070445001,0.0,794
9022001070445002,0.0,811
9022001070447001,0.0010298661174047373,971
9022001070447002,0.0031185031185031187,962
9022001070449001,0.0,790
9022001070449002,0.0,811
9022001070451001,0.0,792
9022001070451002,0.0012755102040816326,784
9022001070454001,0.00129366106080207,2319
9022001070454002,0.0022172949002217295,2255
9022001070456001,0.0013009540329575022,2306
9022001070456002,0.0004366812227074236,2290
9022001070458001,0.0013032145960034753,2302
9022001070458002,0.00043706293706293706,2288
9022001070460001,0.0,541
9022001070460002,0.005145797598627788,583
9022001070462001,0.0,1241
9022001070462002,0.0014903129657228018,1342
9022001070464001,0.0,1163
9022001070464002,0.0,2001
9022001070466001,0.0021108179419525065,1895
9022001070466002,0.0,1997
9022001070468001,0.0020953378732320588,1909
9022001070468002,0.0,1975
9022001070470001,0.0018281535648994515,1641
9022001070470002,0.0006038647342995169,1656
9022001070472001,0.0036968576709796672,1623
9022001070472002,0.0,1657
9022001070474001,0.004210526315789474,1425
9022001070474002,0.0,1446
9022001070477001,0.0,502
9022001070477002,0.0,292
9022001070480001,0.0,766
9022001070480002,0.0,798
9022001070482001,0.0,4618
9022001070482002,0.0008537886872998933,4685
9022001070484001,0.0,1824
9022001070484005,0.0,1807
9022001070485001,0.0,1613
9022001070485002,0.0,1616
9022001070488001,0.0,3210
9022001070489001,0.002126151665485471,1411
9022001070489002,0.0,996
9022001070491001,0.0,497
9022001070491002,0.0,296
9022001070494001,0.0,296
9022001070494002,0.0,499
9022001070496001,0.0,297
9022001070496002,0.0,497
9022001070498001,0.0,1179
9022001070498002,0.0,1093
9022001070500001,0.0,293
9022001070500002,0.0,478
9022001070502001,0.0,291
9022001070502002,0.0,488
9022001070504001,0.0,1091
9022001070504002,0.0,1051
9022001070506001,0.0,1081
9022001070506002,0.0,1040
9022001070508001,0.0,1098
9022001070508002,0.0,1085
9022001070510001,0.0,1574
9022001070510002,0.0,1492
9022001070512001,0.0,1648
9022001070512002,0.0,1528
9022001070514001,0.0,1595
9022001070514002,0.0,1536
9022001070516001,0.001949317738791423,1026
9022001070516002,0.0,972
9022001070518001,0.0,1006
9022001070518002,0.0,648
9022001070518003,0.0,911
9022001070518004,0.0,906
9022001070519001,0.0,1102
9022001070519002,0.0,1184
9022001070522001,0.0,522
9022001070522002,0.0,525
9022001070524001,0.0,536
9022001070524002,0.0,184
9022001070524003,0.0,347
9022001070526001,0.0,192
9022001070526002,0.0,194
9022001070528001,0.0,188
9022001070528002,0.0,196
9022001070530001,0.0,190
9022001070530002,0.0,190
9022001070532001,0.0,193
9022001070532002,0.0,191
9022001070534001,0.0,185
9022001070534002,0.0,188
9022001070536001,0.0,190
9022001070536002,0.0,193
9022001070538001,0.0,195
9022001070538002,0.0,193
9022001070540001,0.0,192
9022001070540002,0.0,195
9022001070542001,0.0,176
9022001070542002,0.0,185
9022001070544001,0.0,188
9022001070544002,0.0,194
9022001070546001,0.0,190
9022001070546002,0.0,186
9022001070548001,0.0,189
9022001070548002,0.0,189
9022001070550001,0.0,198
9022001070550002,0.0,189
9022001070552001,0.0,192
9022001070552002,0.0,189
9022001070554001,0.0,185
9022001070554002,0.0,188
9022001070556001,0.0,183
9022001070556002,0.0,189
9022001070558001,0.0,196
9022001070558002,0.0,188
9022001070560001,0.0,194
9022001070560002,0.0,189
9022001070561001,0.0,187
9022001070561002,0.0,191
9022001070566001,0.0,337
9022001070566002,0.0,340
9022001070568001,0.0,72
9022001070568002,0.0,94
9022001070570001,0.0,73
9022001070570002,0.0,80
9022001070572001,0.0,76
9022001070572002,0.0,94
9022001070574001,0.0,71
9022001070574002,0.0,85
9022001070576001,0.0,76
9022001070576002,0.0,90
9022001070578001,0.0,72
9022001070578002,0.0,87
9022001070580001,0.0,276
9022001070580002,0.0,334
9022001070581001,0.0,186
9022001070581002,0.0,187
9022001070583001,0.0,768
9022001070583002,0.0,833
9022001070585001,0.0,797
9022001070585002,0.0,802
9022001070587001,0.0006472491909385113,1545
9022001070587002,0.0012674271229404308,1578
9022001070589001,0.00038138825324180017,2622
9022001070589002,0.00037650602409638556,2656
9022001070591001,0.0,786
9022001070591002,0.0,810
9022001070593001,0.0,703
9022001070593002,0.0,756
9022001070595001,0.0,1312
9022001070595002,0.0007874015748031496,1270
9022001070597001,0.0,1302
9022001070597002,0.000782472613458529,1278
9022001070599001,0.0,1321
9022001070599002,0.0007633587786259542,1310
9022001070601001,0.0,1292
9022001070601002,0.0007727975270479134,1294
9022001070603001,0.0006150061500615006,1626
9022001070603002,0.0,2237
9022001070607001,0.0,108
9022001070607002,0.0,1306
9022001070607003,0.0006101281269066504,1639
9022001070609001,0.00234192037470726,854
9022001070609002,0.0,860
9022001070609003,0.0,895
9022001070611001,0.0011331444759206798,1765
9022001070611002,0.0,1739
9022001070613001,0.0011614401858304297,1722
9022001070613002,0.0,1729
9022001070615001,0.0011534025374855825,1734
9022001070615002,0.0,1718
9022001070617001,0.0022988505747126436,1740
9022001070617002,0.0,1713
9022001070619001,0.00142602495543672,2805
9022001070619002,0.0,2693
9022001070621001,0.0,1589
9022001070621002,0.0,1482
9022001070623001,0.0,1608
9022001070623002,0.0,1528
9022001070625001,0.0,1609
9022001070625002,0.0,1496
9022001070628001,0.0,1901
9022001070628002,0.0006653359946773121,1503
9022001070632001,0.0,210
9022001070634001,0.0,235
9022001070634002,0.0,216
9022001070641001,0.0,867
9022001070641002,0.0,873
9022001070643001,0.0,3375
9022001070643002,0.001177856301531213,849
9022001070645001,0.0,875
9022001070645002,0.0,878
9022001070647001,0.001349527665317139,741
9022001070647002,0.0,749
9022001070649001,0.0013679890560875513,731
9022001070649002,0.0,748
9022001070651001,0.002793296089385475,716
9022001070651002,0.0,733
9022001070653001,0.002677376171352075,747
9022001070653002,0.0,742
9022001070655001,0.0026455026455026454,756
9022001070655002,0.0,728
9022001070657001,0.003061224489795918,980
9022001070657002,0.0,1024
9022001070663001,0.0,395
9022001070663002,0.001594896331738437,627
9022001070665001,0.0,395
9022001070665002,0.001652892561983471,605
9022001070670001,0.0,454
9022001070670002,0.0,721
9022001070671001,0.0,396
9022001070671002,0.0,616
9022001070675001,0.001463057790782736,2734
9022001070675002,0.0,2690
9022001070686001,0.0,413
9022001070691001,0.0,2799
9022001070691002,0.001092001092001092,3663
9022001070692001,0.0,1084
9022001070696001,0.0,77
9022001070696002,0.0,63
9022001070698001,0.0,73
9022001070698002,0.0,67
9022001070700001,0.0,73
9022001070700002,0.0,71
9022001070704001,0.002006688963210702,1495
9022001070704002,0.00337609723160027,1481
9022001070708001,0.0022598870056497176,885
9022001070708002,0.0,870
9022001070712001,0.0,234
9022001070712002,0.0,54
9022001070714001,0.002288329519450801,874
9022001070714002,0.0,874
9022001070716001,0.0,444
9022001070716002,0.007142857142857143,420
9022001070718001,0.0,821
9022001070718002,0.0,774
9022001070720001,0.00038714672861014324,2583
9022001070720002,0.0,1521
9022001070732001,0.0,63
9022001070732002,0.0,65
9022001070735001,0.0,1807
9022001070735002,0.0,1808
9022001070737001,0.004653327128897162,2149
9022001070737002,0.0009246417013407304,2163
9022001070738001,0.0,63
9022001070738002,0.0,214
9022001070740001,0.0,1805
9022001070740002,0.0,1821
9022001070742001,0.0006626905235255136,3018
9022001070742002,0.00034602076124567473,2890
9022001070744001,0.0,426
9022001070744002,0.002347417840375587,426
9022001070746001,0.0,442
9022001070746002,0.002336448598130841,428
9022001070748001,0.0,62
9022001070748002,0.0,66
9022001070750001,0.0,427
9022001070750002,0.002347417840375587,426
9022001070752001,0.0,418
9022001070752002,0.004796163069544364,417
9022001070754001,0.0,422
9022001070754002,0.002386634844868735,419
9022001070756001,0.0,427
9022001070756002,0.0,435
9022001070758001,0.0,426
9022001070758002,0.0,434
9022001070760001,0.0,421
9022001070760002,0.0,459
9022001070762001,0.0,420
9022001070762002,0.0,429
9022001070766001,0.0012897678417884782,2326
9022001070766002,0.0,844
9022001070773001,0.0018484288354898336,541
9022001070773002,0.0,397
9022001070775001,0.0018587360594795538,538
9022001070775002,0.0,410
9022001070777001,0.001841620626151013,543
9022001070777002,0.0,403
9022001070779001,0.0,1081
9022001070779002,0.0,993
9022001070781001,0.0,1072
9022001070781002,0.0,986
9022001070783001,0.0,1069
9022001070783002,0.0,1004
9022001070785001,0.0,1075
9022001070785002,0.0,1010
9022001070789001,0.0,550
9022001070789002,0.0,571
9022001070791001,0.0,548
9022001070791002,0.0,580
9022001070793001,0.0,551
9022001070793002,0.0,580
9022001070795001,0.0,105
9022001070795002,0.0,1027
9022001070798001,0.0035410764872521247,1412
9022001070798002,0.0,1438
9022001070798003,0.0,336
9022001070798004,0.0,398
9022001070801001,0.0,146
9022001070810002,0.0,296
9022001070813001,0.0010649627263045794,1878
9022001070813002,0.0,1967
9022001070819001,0.0,592
9022001070819002,0.001697792869269949,589
9022001070821001,0.0,584
9022001070821002,0.0018083182640144665,553
9022001070828001,0.002472187886279357,1618
9022001070828002,0.0012113870381586917,1651
9022001070831001,0.0023228803716608595,861
9022001070831002,0.0,880
9022001070833001,0.001142857142857143,875
9022001070833002,0.0,882
9022001070839001,0.0,2084
9022001070839002,0.0019579050416054823,2043
9022001070843001,0.0,633
9022001070843002,0.0,634
9022001070849001,0.0,627
9022001070849002,0.0,631
9022001070853001,0.0,633
9022001070853002,0.0,643
9022001070857001,0.000427715996578272,2338
9022001070857002,0.0,2706
9022001070859001,0.0044943820224719105,445
9022001070859002,0.0,433
9022001070861001,0.0013315579227696406,751
9022001070861002,0.0,735
9022001070861003,0.0,1589
9022001070863001,0.0006447453255963894,1551
9022001070863002,0.0,1501
9022001070865001,0.0,876
9022001070865002,0.0,913
9022001070870002,0.0,1245
9022001070871001,0.0,338
9022001070871002,0.0,343
9022001070873001,0.0,336
9022001070873002,0.0,356
9022001070874001,0.0,988
9022001070874002,0.0,991
9022001070876001,0.0,988
9022001070876002,0.0,986
9022001070882001,0.0,700
9022001070882002,0.0,678
9022001070885001,0.0,699
9022001070887001,0.0,1858
9022001070887002,0.0,604
9022001070890001,0.0,319
9022001070890002,0.0,291
9022001070892001,0.0,318
9022001070892002,0.0,291
9022001070896001,0.0,660
9022001070896002,0.0,646
9022001070898001,0.0015278838808250573,1309
9022001070898002,0.0,1298
9022001070911001,0.0,1474
9022001070911002,0.001465845793022574,3411
9022001070911003,0.0,1863
9022001070917001,0.0,261
9022001070917002,0.0,259
9022001070919001,0.0,1306
9022001070919002,0.0,1314
9022001070927001,0.0,61
9022001070927002,0.0,80
9022001070929001,0.0,66
9022001070929002,0.0,66
9022001070931001,0.0,790
9022001070931002,0.0,831
9022001070934001,0.0,780
9022001070934002,0.0,776
9022001070936001,0.0,764
9022001070936002,0.0,775
9022001070960001,0.0,629
9022001070960002,0.0,602
9022001070962001,0.0,624
9022001070962002,0.0,603
9022001070964001,0.0,618
9022001070964002,0.0,602
9022001070968001,0.0,623
9022001070968002,0.0,602
9022001070976001,0.0,89
9022001070976002,0.0,73
9022001070978001,0.0,84
9022001070978002,0.0,73
9022001070980001,0.0015600624024961,641
9022001070980002,0.0,650
9022001070982001,0.001524390243902439,656
9022001070982002,0.0,649
9022001070986001,0.0,1602
9022001070986002,0.0,1611
9022001072020001,0.006613756613756613,756
9022001072020002,0.0038809831824062097,773
9022001072026001,0.0,36
9022001072208001,0.0,328
9022001072208002,0.0,309
9022001072210001,0.0,325
9022001072210002,0.0,324
9022001072218001,0.004005340453938585,749
9022001072218002,0.0037831021437578815,793
9022001072220001,0.003911342894393742,767
9022001072220002,0.003821656050955414,785
9022001072222001,0.0,326
9022001072222002,0.0,396
9022001072224001,0.004026845637583893,745
9022001072224002,0.0013227513227513227,756
9022001072226001,0.0,163
9022001072241001,0.0,90
9022001072281002,0.0,296
9022001072283001,0.0,300
9022001072285001,0.0,304
9022001072330001,0.0,1608
9022001072330002,0.0,1582
9022001072332001,0.0,1601
9022001072332002,0.0,1576
9022001072336001,0.0,795
9022001072336002,0.0,774
9022001072338001,0.0,783
9022001072338002,0.0,776
9022001072358001,0.0023894862604540022,837
9022001072358002,0.0,762
9022001072385001,0.0,425
9022001072385002,0.009345794392523364,428
9022001072394001,0.0,773
9022001072394002,0.0,758
9022001072396001,0.0,794
9022001072396002,0.0,792
9022001072401001,0.0,395
9022001072401002,0.002398081534772182,417
9022001072403001,0.0,403
9022001072403002,0.002369668246445498,422
9022001072405001,0.0,399
9022001072405002,0.0024271844660194173,412
9022001072407001,0.0,396
9022001072407002,0.002352941176470588,425
9022001072409001,0.0,403
9022001072409002,0.0023923444976076554,418
9022001072411001,0.0,400
9022001072411002,0.002364066193853428,423
9022001073040001,0.0,420
9022001073040002,0.004739336492890996,422
9022001073042001,0.0,1094
9022001073042002,0.0,1031
9022001073050001,0.0,152
9022001073051001,0.0,150
9022001073052001,0.0,172
9022001073053001,0.0,172
9022001073054001,0.0,176
9022001073055001,0.0,172
9022001073206001,0.0,297
9022001073208001,0.0,293
9022001073217002,0.0,300
9022001073224001,0.0,301
9022001074000001,0.0,1050
9022001075001002,0.0,565
9022001075001003,0.0,2487
9022001075001005,0.0,575
9022001075001007,0.0,947
9022001075001010,0.0,800
9022001075001011,0.0,1459
9022001075001013,0.0,2842
9022001075001015,0.0,156
9022001075001016,0.0,412
9022001075002001,0.0,4075
9022001075002002,0.0,2167
9022001075006001,0.0,121
9022001075008001,0.0,2911
9022001075012001,0.0,792
9022001075012002,0.0,509
9022001075012003,0.0,66
9022001075012004,0.0,66
9022001075014003,0.0,71
9022001075014004,0.0,71
9022001075016001,0.0,1398
9022001075016002,0.0,1456
9022001075018001,0.0,1392
9022001075018002,0.0,1376
9022001075018003,0.0,328
9022001075020001,0.0,1483
9022001075020002,0.0,1457
9022001075022001,0.0,1514
9022001075022002,0.0,1496
9022001075028001,0.0,211
9022001075028002,0.0,191
9022001075030001,0.0,144
9022001075030002,0.0,102
9022001075032001,0.0,132
9022001075032002,0.0,108
9022001075034001,0.0,155
9022001075034002,0.0,97
9022001075035001,0.0,106
9022001075035002,0.0,130
9022001075037001,0.0,104
9022001075037002,0.0,126
9022001075039001,0.0,105
9022001075039002,0.0,122
9022001075041001,0.0,106
9022001075041002,0.0,122
9022001075043001,0.0,104
9022001075043002,0.0,122
9022001075045001,0.0,104
9022001075045002,0.0,129
9022001075047001,0.0,104
9022001075047002,0.0,117
9022001075050001,0.0,231
9022001075054001,0.0,2008
9022001075054002,0.0,1112
9022001075054004,0.0,1752
9022001075054005,0.0,2254
9022001075054007,0.0,283
9022001075056001,0.0,1337
9022001075056002,0.0,1380
9022001075057001,0.0,519
9022001075057002,0.0,783
9022001075059001,0.0,516
9022001075059002,0.0,886
9022001075059003,0.0,66
9022001075061001,0.0,504
9022001075061002,0.0,811
9022001075063001,0.0,514
9022001075063002,0.0,774
9022001075069001,0.0,520
9022001075069002,0.0,817
9022001075072001,0.0,1667
9022001075072002,0.0,1648
9022001075072003,0.0,282
9022001075074001,0.0,1077
9022001075074002,0.0,1097
9022001075076001,0.0,1052
9022001075076002,0.0,1033
9022001075078001,0.0,1015
9022001075078002,0.0,1002
9022001075080001,0.0,1091
9022001075080002,0.0,1075
9022001075082001,0.0,1098
9022001075082002,0.0,1081
9022001075084001,0.0,134
9022001075086001,0.0,1662
9022001075086002,0.0,1640
9022001075088001,0.0,1693
9022001075088002,0.0,1636
9022001075090001,0.0,2886
9022001075090002,0.0,2892
9022001075092001,0.0,2899
9022001075096001,0.0,1474
9022001075096002,0.0,1758
9022001075100001,0.0,1466
9022001075100002,0.0,1739
9022001075101001,0.0,1965
9022001075101002,0.0,2303
9022001075102001,0.0,2250
9022001075102002,0.0,1988
9022001075104001,0.0,2302
9022001075104002,0.0,1998
9022001075108001,0.0,2321
9022001075108002,0.0,1977
9022001075110001,0.0,2271
9022001075110002,0.0,1990
9022001075112001,0.0,2305
9022001075112002,0.0,1982
9022001075114001,0.0,575
9022001075114002,0.0,567
9022001075116002,0.0,7
9022001075122001,0.0,1532
9022001075123001,0.0,34
9022001075124001,0.0,797
9022001075126001,0.0,1569
9022001075126002,0.0,1316
9022001075128001,0.0,117
9022001075128002,0.0,103
9022001075130001,0.0,2276
9022001075130002,0.0,2203
9022001075132001,0.0,2235
9022001075132002,0.0,2254
9022001075134001,0.0,2250
9022001075134002,0.0,2285
9022001075136001,0.0,1280
9022001075136002,0.0,1282
9022001075138001,0.0,1497
9022001075138002,0.0,1101
9022001075142001,0.0,1093
9022001075142002,0.0,1083
9022001075148001,0.0,1089
9022001075148002,0.0,1069
9022001075150001,0.0,1093
9022001075150002,0.0,1110
9022001075150003,0.0,1157
9022001075150004,0.0,943
9022001075154001,0.0,1060
9022001075154002,0.0,1044
9022001075156001,0.0,1040
9022001075156002,0.0,887
9022001075158001,0.0,882
9022001075158002,0.0,887
9022001075162001,0.0,971
9022001075162002,0.0,950
9022001075164001,0.0,959
9022001075164002,0.0,967
9022001075168002,0.0,951
9022001075168003,0.0,68
9022001075168004,0.0,67
9022001075170001,0.0,937
9022001075170002,0.0,914
9022001075170003,0.0,699
9022001075172001,0.0,960
9022001075172002,0.0,906
9022001075174001,0.0,1152
9022001075175001,0.0,1563
9022001075179001,0.0,780
9022001075181002,0.0,1231
9022001075181003,0.0,470
9022001075181004,0.0,2737
9022001075185001,0.0,239
9022001075185002,0.0,282
9022001075187001,0.0,1577
9022001075187002,0.0,1521
9022001075187003,0.0,933
9022001075187004,0.0,1165
9022001075189001,0.0,1332
9022001075189002,0.0,1283
9022001075191001,0.0,1350
9022001075191002,0.0,1263
9022001075193001,0.0,1589
9022001075193002,0.0,1511
9022001075195001,0.0,2482
9022001075195002,0.0,2378
9022001075200001,0.0,130
9022001075200002,0.0,105
9022001075206001,0.0,1173
9022001075206002,0.0,1303
9022001075208001,0.0,1176
9022001075208002,0.0,1237
9022001075210001,0.0,1092
9022001075210002,0.0,1250
9022001075210003,0.0,144
9022001075214001,0.0,1100
9022001075214002,0.0,1201
9022001075216001,0.0,1107
9022001075216002,0.0,1265
9022001075218001,0.0,1103
9022001075218002,0.0,1268
9022001075220001,0.0,1096
9022001075220002,0.0,1271
9022001075222001,0.0,1606
9022001075222002,0.0,1672
9022001075224001,0.0,731
9022001075224002,0.0,475
9022001075224003,0.0,2641
9022001075240001,0.0,632
9022001075242001,0.0,1718
9022001075242002,0.0,1453
9022001075245001,0.0,621
9022001075245002,0.0,656
9022001075247001,0.0,1749
9022001075247002,0.0,1482
9022001075249001,0.0,697
9022001075249002,0.0,686
9022001075252001,0.0,52
9022001075254001,0.0,48
9022001075256001,0.0,187
9022001075256002,0.0,258
9022001075256003,0.0,45
9022001075258001,0.0,223
9022001075258002,0.0,176
9022001075260001,0.0,220
9022001075260002,0.0,184
9022001075262001,0.0,212
9022001075262002,0.0,182
9022001075266001,0.0,88
9022001075266002,0.0,78
9022001075268001,0.0,89
9022001075268002,0.0,79
9022001075270001,0.0,91
9022001075270002,0.0,76
9022001075272001,0.0,90
9022001075272002,0.0,78
9022001075274001,0.0,94
9022001075274002,0.0,78
9022001075276001,0.0,76
9022001075276002,0.0,78
9022001075278001,0.0,167
9022001075279001,0.0,102
9022001075279002,0.0,47
9022001075282001,0.0,259
9022001075282002,0.0,440
9022001075282003,0.0,699
9022001075284001,0.0,875
9022001075285001,0.0,211
9022001075285002,0.0,246
9022001075286001,0.0,70
9022001075288001,0.0,34
9022001075288002,0.0,31
9022001075290001,0.0,65
9022001075292001,0.0,38
9022001075292002,0.0,33
9022001075294001,0.0,67
9022001075296001,0.0,65
9022001075298001,0.0,33
9022001075298002,0.0,33
9022001075300001,0.0,35
9022001075300002,0.0,35
9022001075302001,0.0,34
9022001075302002,0.0,27
9022001075304001,0.0,36
9022001075304002,0.0,33
9022001075306001,0.0,38
9022001075306002,0.0,32
9022001075308001,0.0,72
9022001075310001,0.0,64
9022001075312001,0.0,67
9022001075314001,0.0,66
9022001075316001,0.0,62
9022001075318001,0.0,34
9022001075318002,0.0,37
9022001075320001,0.0,35
9022001075320002,0.0,37
9022001075322001,0.0,34
9022001075322002,0.0,35
9022001075324001,0.0,70
9022001075326001,0.0,70
9022001075328001,0.0,70
9022001075330001,0.0,215
9022001075331001,0.0,253
9022001075334001,0.0,145
9022001075336001,0.0,469
9022001075336002,0.0,432
9022001075338001,0.0,479
9022001075338002,0.0,440
9022001075340001,0.0,54
9022001075340002,0.0,40
9022001075342001,0.0,47
9022001075342002,0.0,39
9022001075344001,0.0,49
9022001075344002,0.0,40
9022001075346001,0.0,51
9022001075346002,0.0,37
9022001075348001,0.0,45
9022001075348002,0.0,39
9022001075350001,0.0,45
9022001075350002,0.0,49
9022001075352001,0.0,42
9022001075352002,0.0,44
9022001075354001,0.0,45
9022001075354002,0.0,40
9022001075356001,0.0,41
9022001075356002,0.0,44
9022001075366001,0.0,674
9022001075366002,0.0,648
9022001075368001,0.0,685
9022001075368002,0.0,651
9022001075370001,0.0,110
9022001075370002,0.0,136
9022001075372001,0.0,672
9022001075372002,0.0,658
9022001075374001,0.0,58
9022001075377001,0.0,916
9022001075377002,0.0,1138
9022001075379001,0.0,305
9022001075382001,0.0,68
9022001075382002,0.0,1066
9022001075382003,0.0,1081
9022001075384001,0.0,303
9022001075384002,0.0,299
9022001075391001,0.0,1126
9022001075391002,0.0,1156
9022001075393001,0.0,1115
9022001075393002,0.0,1174
9022001075397001,0.0,588
9022001075397002,0.0,688
9022001075399001,0.0,248
9022001075401001,0.0,109
9022001075401002,0.0,136
9022001075403001,0.0,110
9022001075403002,0.0,135
9022001075405001,0.0,111
9022001075405002,0.0,144
9022001075407002,0.0,144
9022001075409002,0.0,160
9022001075411001,0.0,158
9022001075411002,0.0,153
9022001075414001,0.0,158
9022001075415001,0.0,111
9022001075415002,0.0,143
9022001075421001,0.0,268
9022001075421002,0.0,254
9022001075423001,0.0,268
9022001075423002,0.0,246
9022001075425001,0.0,257
9022001075425002,0.0,251
9022001075427001,0.0,262
9022001075427002,0.0,256
9022001075429001,0.0,268
9022001075429002,0.0,266
9022001075431001,0.0,254
9022001075431002,0.0,259
9022001075433001,0.0,263
9022001075433002,0.0,256
9022001075435001,0.0,265
9022001075435002,0.0,251
9022001075437001,0.0,255
9022001075437002,0.0,249
9022001075441001,0.0,253
9022001075441002,0.0,257
9022001075443001,0.0,263
9022001075443002,0.0,249
9022001075445001,0.0,248
9022001075445002,0.0,269
9022001075447001,0.0,260
9022001075447002,0.0,260
9022001075449001,0.0,253
9022001075449002,0.0,266
9022001075451001,0.0,266
9022001075451002,0.0,256
9022001075453001,0.0,260
9022001075453002,0.0,261
9022001075455001,0.0,277
9022001075455002,0.0,257
9022001075457001,0.0,261
9022001075457002,0.0,262
9022001075459001,0.0,277
9022001075459002,0.0,251
9022001075461001,0.0,262
9022001075461002,0.0,241
9022001075463001,0.0,263
9022001075463002,0.0,263
9022001075465001,0.0,893
9022001075465002,0.001160092807424594,862
9022001075467001,0.0,899
9022001075467002,0.001160092807424594,862
9022001075469001,0.0,888
9022001075469002,0.001177856301531213,849
9022001075471001,0.0,901
9022001075471002,0.0011737089201877935,852
9022001075473001,0.0,249
9022001075473002,0.0,250
9022001075474001,0.0,398
9022001075474002,0.0,571
9022001075474003,0.0,502
9022001075474004,0.001718213058419244,582
9022001075475001,0.0,921
9022001075475002,0.0011001100110011,909
9022001075477001,0.0,579
9022001075477002,0.0017452006980802793,573
9022001075477003,0.0,339
9022001075477004,0.0,324
9022001075479001,0.0,571
9022001075479002,0.0017123287671232876,584
9022001075481001,0.0,578
9022001075481002,0.0017331022530329288,577
9022001075483001,0.0,563
9022001075483002,0.0017211703958691911,581
9022001075485001,0.0,591
9022001075485002,0.0017513134851138354,571
9022001075487001,0.0,578
9022001075487002,0.0016835016835016834,594
9022001075489001,0.0,583
9022001075489002,0.0017482517482517483,572
9022001075491001,0.0,573
9022001075491002,0.0,611
9022001075491004,0.0,314
9022001075491005,0.0,618
9022001075491006,0.0,569
9022001075493001,0.0,1150
9022001075493002,0.0,1170
9022001075499001,0.0,589
9022001075499002,0.0,651
9022001075501001,0.0,579
9022001075501002,0.0,622
9022001075503001,0.0,598
9022001075503002,0.0,632
9022001075505001,0.0,597
9022001075505002,0.0,622
9022001075507001,0.0,608
9022001075507002,0.0,633
9022001075509001,0.0,1049
9022001075509002,0.0,681
9022001075509003,0.0,334
9022001075511001,0.0,1023
9022001075511002,0.0,998
9022001075511003,0.0017271157167530224,579
9022001075511004,0.0017452006980802793,573
9022001075513001,0.0006222775357809583,1607
9022001075513002,0.0006285355122564425,1591
9022001075515001,0.0,1125
9022001075515002,0.0,1116
9022001075515003,0.002004008016032064,499
9022001075515004,0.0,519
9022001075517001,0.0,990
9022001075517002,0.0,969
9022001075519001,0.0,994
9022001075519002,0.0,993
9022001075521001,0.0,1444
9022001075521002,0.0007132667617689016,1402
9022001075524001,0.0,924
9022001075524002,0.0,1433
9022001075524003,0.00202020202020202,495
9022001075527001,0.0,220
9022001075527002,0.0,25
9022001075527004,0.0,234
9022001075527005,0.0,448
9022001075528001,0.0,12
9022001075528002,0.0,23
9022001075530001,0.0,12
9022001075530002,0.0,24
9022001075532001,0.0,402
9022001075532002,0.0,402
9022001075534001,0.0,399
9022001075534002,0.0,405
9022001075536001,0.0,227
9022001075536002,0.0,230
9022001075538001,0.0,228
9022001075538002,0.0,235
9022001075540001,0.0,232
9022001075540002,0.0,223
9022001075540003,0.0,197
9022001075542001,0.0,448
9022001075544001,0.0,229
9022001075544002,0.0,235
9022001075546001,0.0,237
9022001075546002,0.0,226
9022001075548001,0.0,225
9022001075548002,0.0,236
9022001075550001,0.0,232
9022001075550002,0.0,227
9022001075552001,0.0,222
9022001075552002,0.0,225
9022001075554001,0.0,249
9022001075554002,0.0,261
9022001075556001,0.0,249
9022001075556002,0.0,263
9022001075557002,0.0,214
9022001075559001,0.0,210
9022001075559002,0.0,216
9022001075562001,0.0,422
9022001075563001,0.0,202
9022001075563002,0.0,217
9022001075565001,0.0,240
9022001075565002,0.0,262
9022001075567001,0.0,2552
9022001075567002,0.0,2785
9022001075569001,0.0,168
9022001075569002,0.0,173
9022001075571001,0.0,159
9022001075571002,0.0,161
9022001075573001,0.0,166
9022001075573002,0.0,163
9022001075575001,0.0,153
9022001075575002,0.0,170
9022001075577001,0.0,162
9022001075577002,0.0,163
9022001075579001,0.0,162
9022001075579002,0.0,171
9022001075581001,0.0,160
9022001075581002,0.0,173
9022001075583001,0.0,174
9022001075583002,0.0,171
9022001075585001,0.0,160
9022001075585002,0.0,169
9022001075587001,0.0,159
9022001075587002,0.0,177
9022001075589001,0.0,78
9022001075589002,0.0,60
9022001075633001,0.0,137
9022001075633002,0.0,146
9022001075634001,0.0,1241
9022001075636001,0.0,67
9022001075636002,0.0,68
9022001075638001,0.0,67
9022001075638002,0.0,69
9022001075640001,0.0,64
9022001075640002,0.0,70
9022001075642001,0.0,62
9022001075642002,0.0,78
9022001075644001,0.0,70
9022001075644002,0.0,77
9022001075646001,0.0,63
9022001075646002,0.0,71
9022001075648001,0.0,61
9022001075648002,0.0,70
9022001075652001,0.0,139
9022001075652002,0.0,2
9022001075653001,0.0,71
9022001075654001,0.0,59
9022001075654002,0.0,71
9022001075656001,0.0,142
9022001075656002,0.0,1491
9022001075658001,0.0,143
9022001075658002,0.0,102
9022001075660001,0.0,122
9022001075660002,0.0,104
9022001075662001,0.0,1756
9022001075662002,0.0,1997
9022001075664001,0.0,196
9022001075664002,0.0,204
9022001075666001,0.0,196
9022001075667001,0.0,400
9022001075667002,0.0,430
9022001075669001,0.0,403
9022001075669002,0.0,422
9022001075672001,0.0,219
9022001075672002,0.0,177
9022001075673001,0.0,407
9022001075673002,0.0,432
9022001075675001,0.0,404
9022001075675002,0.0,405
9022001075677001,0.0,321
9022001075677002,0.0,327
9022001075679001,0.0,327
9022001075679002,0.0,329
9022001075681001,0.0,330
9022001075681002,0.0,35
9022001075681003,0.0,330
9022001075683001,0.0,31
9022001075683002,0.0,34
9022001075685001,0.0,32
9022001075685002,0.0,34
9022001075687001,0.0,35
9022001075687002,0.0,34
9022001075690001,0.0,40
9022001075692001,0.0,319
9022001075692002,0.0,311
9022001075694001,0.0,308
9022001075694002,0.0,324
9022001075697001,0.0,317
9022001075697002,0.0,326
9022001075698001,0.0,311
9022001075698002,0.0,332
9022001075700001,0.0,198
9022001075700002,0.0,182
9022001075702001,0.0,194
9022001075702002,0.0,182
9022001075704001,0.0,190
9022001075704002,0.0,180
9022001075706001,0.0,198
9022001075706002,0.0,184
9022001075708001,0.0,186
9022001075708002,0.0,183
9022001075710001,0.0,370
9022001075711001,0.0,392
9022001075711002,0.0,421
9022001075713001,0.0,51
9022001075715001,0.0,1504
9022001075715002,0.002004008016032064,499
9022001075716001,0.0,1474
9022001075716002,0.0,900
9022001075716003,0.0,281
9022001075716004,0.0,543
9022001075717001,0.0,1411
9022001075717003,0.0,840
9022001075719001,0.0,893
9022001075719002,0.001142857142857143,875
9022001075723001,0.0,256
9022001075723002,0.0,253
9022001075725001,0.0,1775
9022001075725002,0.0,1795
9022001075727002,0.0,959
9022001075727003,0.0,963
9022001075733001,0.0,322
9022001075733002,0.0,321
9022001075741001,0.0,475
9022001075741002,0.0,466
9022001075743001,0.0,886
9022001075743002,0.0,40
9022001075745001,0.0,663
9022001075745002,0.0,636
9022001075747001,0.0,14
9022001075747002,0.0,1113
9022001075749001,0.0,685
9022001075749002,0.0,629
9022001075753001,0.0,237
9022001075753002,0.0,255
9022001075755001,0.0,189
9022001075755002,0.0,225
9022001075757001,0.0,183
9022001075757002,0.0,203
9022001075759001,0.0,184
9022001075759002,0.0,210
9022001075761001,0.0,187
9022001075761002,0.0,208
9022001075763001,0.0,185
9022001075763002,0.0,223
9022001075765001,0.0,183
9022001075765002,0.0,213
9022001075767001,0.0,192
9022001075767002,0.0,219
9022001075771001,0.0,1110
9022001075771002,0.0,1094
9022001075773001,0.0,69
9022001075773002,0.0,63
9022001075775001,0.0,72
9022001075775002,0.0,57
9022001075777001,0.0,70
9022001075777002,0.0,60
9022001075779001,0.0,100
9022001075779002,0.0,151
9022001075781001,0.0,93
9022001075781002,0.0,142
9022001075783001,0.0,104
9022001075783002,0.0,137
9022001075785001,0.0,93
9022001075785002,0.0,144
9022001075788001,0.0,225
9022001075788002,0.0,182
9022001075791003,0.0,1220
9022001075795002,0.0,818
9022001075797001,0.0,1042
9022001075797002,0.0,1060
9022001075799001,0.0,1028
9022001075799002,0.0,994
9022001075801001,0.0,1049
9022001075801002,0.0,1002
9022001075803001,0.0,1036
9022001075803002,0.0,985
9022001075805001,0.0,237
9022001075805002,0.0,263
9022001075807001,0.0,237
9022001075807002,0.0,260
9022001075817001,0.0,251
9022001075817002,0.0,217
9022001075819001,0.0,1387
9022001075819002,0.0,1374
9022001075821001,0.0,1063
9022001075821002,0.0,2150
9022001075821003,0.0,1565
9022001075821006,0.0,1221
9022001075821007,0.0,1530
9022001075821008,0.0,2126
9022001075821009,0.0,1231
9022001075821010,0.0,3145
9022001075821015,0.0,1018
9022001075833001,0.0,3155
9022001075833002,0.0,1089
9022001075839001,0.0,1791
9022001075839002,0.0,839
9022001075839003,0.0,907
9022001075842001,0.0,68
9022001075843001,0.0,69
9022001075843002,0.0,68
9022001075845001,0.0,75
9022001075845002,0.0,69
9022001075845003,0.0,65
9022001075845004,0.0,67
9022001075847001,0.0,135
9022001075855001,0.0,69
9022001075855002,0.0,64
9022001075861001,0.0,74
9022001075861002,0.0,72
9022001075863001,0.0,67
9022001075863002,0.0,70
9022001075866002,0.0,1048
9022001075871001,0.0,299
9022001075871002,0.0,302
9022001075873001,0.0,941
9022001075873002,0.0,940
9022001075875001,0.0,178
9022001075875002,0.0,187
9022001075880001,0.0,142
9022001075885001,0.0,213
9022001075885002,0.0,180
9022001075887001,0.0,161
9022001075889001,0.0,389
9022001075889002,0.0,425
9022001075892001,0.0,767
9022001075892002,0.0,520
9022001075893001,0.0,18
9022001075897001,0.0,488
9022001075897002,0.0,550
9022001075899001,0.0,473
9022001075899002,0.0,514
9022001075901001,0.0,144
9022001075903001,0.0,134
9022001075907001,0.0,139
9022001075915001,0.0,68
9022001075915002,0.0,71
9022001075919001,0.0,68
9022001075919002,0.0,71
9022001075921001,0.0,135
9022001075923001,0.0,143
9022001075925001,0.0,195
9022001075925002,0.0,217
9022001075927001,0.0,138
9022001075928001,0.0,807
9022001075928002,0.0,518
9022001075930001,0.0,751
9022001075930002,0.0,780
9022001075937001,0.0,208
9022001075937002,0.0,207
9022001075940001,0.0,398
9022001075942001,0.0,13
9022001075942002,0.0,9
9022001075956001,0.0,220
9022001075956002,0.0,193
9022001075960001,0.0,33
9022001075960002,0.0,38
9022001075971001,0.0,251
9022001075971002,0.0,257
9022001075996001,0.0,53
9022001075996002,0.0,49
9022001075998001,0.0,216
9022001075998002,0.0,195
9022001076201001,0.0,1335
9022001076203001,0.0,435
9022001076203002,0.0,413
9022001079733001,0.0,473
9022001079733002,0.0,462
9022001079735001,0.0,466
9022001079735002,0.0,451
9022001080005001,0.00024715768660405336,4046
9022001080005002,0.0,3830
9022001080009002,0.0,3811
9022001080011001,0.00022371364653243848,4470
9022001080011002,0.0,1948
9022001080013001,0.00017229496898690558,5804
9022001080013002,0.0,5664
9022001080015002,0.0,1294
9022001080015003,0.0,1181
9022001080015004,0.0006540222367560497,1529
9022001080015005,0.0,2522
9022001080015006,0.0,1291
9022001080015007,0.0,1584
9022001080015008,0.0,1383
9022001080015009,0.0,2296
9022001080021001,0.0,2055
9022001080021002,0.0,2048
9022001080023001,0.0,2072
9022001080023002,0.0,2042
9022001080025001,0.0,2050
9022001080025002,0.0,2000
9022001080027001,0.0,1438
9022001080027002,0.0,1463
9022001080029001,0.0,2068
9022001080029002,0.0,2003
9022001080032001,0.0,2038
9022001080032002,0.0,2062
9022001080039001,0.0,1442
9022001080039002,0.0,1433
9022001080042001,0.0,78
9022001080045001,0.0,1502
9022001080045002,0.0,1337
9022001080047001,0.0,1502
9022001080047002,0.0,1355
9022001080049001,0.0,1500
9022001080049002,0.0,1351
9022001080051001,0.0,1502
9022001080051002,0.0,1337
9022001080053001,0.0,1414
9022001080053002,0.0,1403
9022001080055001,0.0009416195856873823,1062
9022001080055002,0.0,807
9022001080056001,0.0,2044
9022001080056002,0.0,2077
9022001080058001,0.0,480
9022001080058002,0.0,424
9022001080060001,0.0,921
9022001080061001,0.0,1962
9022001080061002,0.0,428
9022001080061003,0.0,2334
9022001080063001,0.0,770
9022001080063002,0.0,776
9022001080065001,0.0,1987
9022001080065002,0.0,1889
9022001080067001,0.0,53
9022001080067002,0.0,3867
9022001080069001,0.0,481
9022001080069002,0.0,509
9022001080071001,0.0,1199
9022001080071002,0.0,1254
9022001080077001,0.00032071840923669016,3118
9022001080077002,0.0,2925
9022001080079001,0.0,3231
9022001080080001,0.0,163
9022001080080002,0.0,168
9022001080082001,0.0,162
9022001080082002,0.0,169
9022001080084001,0.0,333
9022001080092001,0.0,3061
9022001080092002,0.0,610
9022001080092003,0.0005470459518599562,3656
9022001080092004,0.0,981
9022001080092005,0.0,552
9022001080093001,0.000544069640914037,3676
9022001080093002,0.0,3450
9022001080095001,0.00027247956403269756,3670
9022001080095002,0.0,2869
9022001080095003,0.0,610
9022001080097001,0.00031525851197982345,3172
9022001080097002,0.0,2962
9022001080099001,0.00031938677738741617,3131
9022001080099002,0.0,2994
9022001080101001,0.00031826861871419476,3142
9022001080101002,0.0,2929
9022001080103001,0.0005875440658049354,3404
9022001080103002,0.0,3494
9022001080105001,0.00029308323563892143,3412
9022001080105002,0.0,3440
9022001080107001,0.0002905287623474724,3442
9022001080107002,0.0,3500
9022001080109001,0.0,1704
9022001080109002,0.0,852
9022001080109003,0.0,1522
9022001080109004,0.0,2532
9022001080109005,0.0,2430
9022001080114001,0.0,912
9022001080114002,0.0,1174
9022001080116001,0.0,527
9022001080116002,0.0,551
9022001080122001,0.0,2123
9022001080122002,0.0006830601092896175,2928
9022001080122003,0.0,2981
9022001080122004,0.0,403
9022001080123001,0.0,2029
9022001080123002,0.0,2159
9022001080125001,0.0,2927
9022001080125002,0.0006466214031684449,3093
9022001080127001,0.0,2932
9022001080127002,0.0006470397929472663,3091
9022001080129001,0.0,3008
9022001080129002,0.0003248862897985705,3078
9022001080131001,0.0013812154696132596,724
9022001080131002,0.0,1458
9022001080153003,0.0,1880
9022001080153004,0.0,1790
9022001080157001,0.0,845
9022001080157002,0.0,769
9022001080159001,0.0,846
9022001080159002,0.0,763
9022001080165001,0.0,407
9022001080165002,0.0,416
9022001080173001,0.0,659
9022001080173002,0.0,679
9022001080179001,0.0,1061
9022001080179002,0.0,1095
9022001080181001,0.0,940
9022001080181002,0.0,966
9022001080183001,0.0,938
9022001080183002,0.0,962
9022001080185001,0.0,1931
9022001080185002,0.0,1960
9022001080187001,0.0,1347
9022001080187002,0.0,1378
9022001080190001,0.0,1421
9022001080193001,0.0,1071
9022001080193002,0.0,1094
9022001080195001,0.0,254
9022001080211001,0.0,2145
9022001080211002,0.0,2074
9022001080213001,0.0,2387
9022001080213002,0.0,2338
9022001080215001,0.0,2422
9022001080215002,0.0,2325
9022001080217001,0.0,2398
9022001080217002,0.0,2352
9022001080219001,0.0,2411
9022001080219002,0.0,2338
9022001080223001,0.0,426
9022001080223002,0.0,477
9022001080225001,0.0,423
9022001080225002,0.0,478
9022001080249001,0.0,495
9022001080249002,0.0,497
9022001080253001,0.0,490
9022001080253002,0.0,489
9022001080255001,0.0,294
9022001080255002,0.0,301
9022001080257001,0.0,198
9022001080257002,0.0,205
9022001080259001,0.0,199
9022001080259002,0.0,202
9022001080261001,0.0,203
9022001080261002,0.0,219
9022001080263001,0.0,201
9022001080263002,0.0,202
9022001080265001,0.0,201
9022001080265002,0.0,201
9022001080267001,0.0,301
9022001080267002,0.0,291
9022001080269001,0.0,298
9022001080269002,0.0,297
9022001080271001,0.0,511
9022001080271002,0.0,208
9022001080271003,0.0,289
9022001080273001,0.0,505
9022001080273002,0.0,498
9022001080275001,0.0,501
9022001080275002,0.0,510
9022001080277001,0.0,504
9022001080277002,0.0,516
9022001080279001,0.0,501
9022001080279002,0.0,519
9022001080281001,0.0,500
9022001080281002,0.0,527
9022001080283001,0.0,13
9022001080283002,0.0,1012
9022001080287001,0.0,501
9022001080287002,0.0,505
9022001080289001,0.0,299
9022001080289002,0.0,295
9022001080293001,0.0,141
9022001080293002,0.0,179
9022001080295001,0.0,141
9022001080295002,0.0,173
9022001080297001,0.0,141
9022001080297002,0.0,180
9022001080299001,0.0,205
9022001080299002,0.0,514
9022001080300001,0.0,326
9022001080303001,0.0,199
9022001080315001,0.0,416
9022001080315002,0.0,405
9022001080317001,0.0,415
9022001080317002,0.0,397
9022001080319001,0.0,415
9022001080319002,0.0,394
9022001080323001,0.0,196
9022001080327001,0.0,196
9022001080328001,0.0,194
9022001080330001,0.0,1166
9022001080330002,0.0,1247
9022001080333001,0.0006915629322268327,1446
9022001080333002,0.0,1436
9022001080336001,0.0005830903790087463,1715
9022001080336002,0.0,1728
9022001080337001,0.0,195
9022001080338001,0.0,198
9022001080341001,0.0003604902667627974,2774
9022001080341002,0.0,2543
9022001080343001,0.0,306
9022001080348001,0.0,470
9022001080349001,0.0,1028
9022001080349002,0.0,1045
9022001080351002,0.0,52
9022001080355001,0.0,194
9022001080356001,0.0,455
9022001080357001,0.0,200
9022001080358001,0.0,465
9022001080359001,0.0,187
9022001080360001,0.0,467
9022001080362001,0.0,468
9022001080364001,0.0,460
9022001080366001,0.0,468
9022001080368001,0.0,462
9022001080372001,0.0,457
9022001080373001,0.0,194
9022001080374001,0.0,193
9022001080375001,0.0,195
9022001080383001,0.0,1218
9022001080383002,0.0,1048
9022001080385001,0.0,1232
9022001080385002,0.0,1058
9022001080389001,0.0,1236
9022001080389002,0.0,1053
9022001080391001,0.0,409
9022001080391002,0.0,428
9022001080393001,0.0,416
9022001080393002,0.0,434
9022001080395001,0.0,411
9022001080395002,0.0,455
9022001080397001,0.0,414
9022001080397002,0.0,440
9022001080399001,0.0,422
9022001080399002,0.0,441
9022001080401001,0.0,407
9022001080401002,0.0,429
9022001080403001,0.0,616
9022001080403002,0.0,597
9022001080408001,0.00036088054853843375,2771
9022001080408002,0.0,2518
9022001080411001,0.0,537
9022001080411002,0.0,557
9022001080413001,0.0,1028
9022001080413002,0.0,1027
9022001080417002,0.0,2050
9022001080417003,0.0,1962
9022001080419001,0.0,3535
9022001080419002,0.0,3672
9022001080423001,0.000719165767709457,2781
9022001080423002,0.0,2506
9022001080431001,0.003278688524590164,610
9022001080431002,0.0,617
9022001080433001,0.001669449081803005,599
9022001080433002,0.0,616
9022001080460001,0.0,627
9022001080460002,0.0,621
9022001080477001,0.0,1013
9022001080477002,0.0,992
9022001080479001,0.0,985
9022001080479002,0.0,985
9022001080483001,0.0025795356835769563,1163
9022001080483002,0.0,1119
9022001080485001,0.0025795356835769563,1163
9022001080485002,0.0,1123
9022001080488001,0.001310615989515072,2289
9022001080489001,0.0,1001
9022001080489002,0.0,1001
9022001080491001,0.0,990
9022001080491002,0.0,992
9022001080493001,0.0,993
9022001080493002,0.0,987
9022001080495001,0.0,999
9022001080495002,0.0,992
9022001080499001,0.0,991
9022001080499002,0.0,995
9022001080509001,0.0,988
9022001080509002,0.0,996
9022001080542001,0.0,490
9022001080543001,0.0,259
9022001080543002,0.0,252
9022001080545001,0.0,260
9022001080545002,0.0,257
9022001080547001,0.0,261
9022001080547002,0.0,263
9022001080550001,0.0,522
9022001080553001,0.0,424
9022001080553002,0.0,414
9022001080555001,0.0,428
9022001080555002,0.0,423
9022001080560001,0.0,698
9022001080560002,0.0,689
9022001080563001,0.0,700
9022001080563002,0.0,697
9022001080565001,0.0,738
9022001080565002,0.0,699
9022001080567001,0.00013614703880190606,7345
9022001080567002,0.00027311211252219035,7323
9022001080569001,0.0,1008
9022001080569002,0.0,992
9022001080571001,0.0,2429
9022001080571002,0.0002807017543859649,7125
9022001080571003,0.00033478406427854036,2987
9022001080571004,0.0,1574
9022001080573001,0.000143143429716576,6986
9022001080573002,0.0002794466955428252,7157
9022001080575001,0.0,2820
9022001080575002,0.0006870491240123669,2911
9022001080602001,0.0,1195
9022001080602002,0.0,863
9022001080603001,0.00024260067928190198,4122
9022001080603002,0.0012004801920768306,4165
9022001080605001,0.000242306760358614,4127
9022001080605002,0.0009645526886906198,4147
9022001080607001,0.0,1634
9022001080607002,0.0,1827
9022001080611001,0.0005249343832020997,1905
9022001080611002,0.002589331952356292,1931
9022001080615001,0.0,331
9022001080615002,0.0,338
9022001080617001,0.0,331
9022001080617002,0.0,339
9022001080619001,0.0,328
9022001080619002,0.0,338
9022001080621001,0.0,329
9022001080621002,0.0,339
9022001080624001,0.0,666
9022001080625001,0.0,858
9022001080625002,0.0,1193
9022001080627001,0.0,860
9022001080627002,0.0,1185
9022001080633002,0.0,399
9022001080635001,0.0,407
9022001080635002,0.0,401
9022001080637001,0.002183406113537118,458
9022001080637002,0.0,447
9022001080639001,0.0044444444444444444,450
9022001080639002,0.0,438
9022001080641001,0.002232142857142857,448
9022001080641002,0.0,449
9022001080643001,0.002173913043478261,460
9022001080643002,0.0,455
9022001080643003,0.0,81
9022001080643004,0.0,80
9022001080649001,0.0,265
9022001080649002,0.0,251
9022001080651001,0.0,259
9022001080651002,0.0,252
9022001080653001,0.0,489
9022001080653002,0.0,481
9022001080656001,0.0,478
9022001080657001,0.0,462
9022001080657002,0.0,475
9022001080659001,0.0,459
9022001080659002,0.0,478
9022001080661001,0.0,464
9022001080661002,0.0,480
9022001080663001,0.0,468
9022001080663002,0.0,479
9022001080665001,0.0,961
9022001080665002,0.0,968
9022001080668001,0.0,476
9022001080668002,0.0,481
9022001080681001,0.0,412
9022001080681002,0.0,401
9022001080683001,0.0018832391713747645,531
9022001080683002,0.0,526
9022001080685001,0.001876172607879925,533
9022001080685002,0.0,517
9022001080687001,0.001893939393939394,528
9022001080687002,0.0,524
9022001080689001,0.0018656716417910447,536
9022001080689002,0.0,507
9022001080691001,0.0018083182640144665,553
9022001080691002,0.0,520
9022001080693001,0.0,469
9022001080693002,0.0,441
9022001080695001,0.0,443
9022001080695002,0.0,436
9022001080697001,0.0,469
9022001080697002,0.0,444
9022001080699001,0.0,463
9022001080699002,0.0,442
9022001080701001,0.0,464
9022001080701002,0.0,450
9022001080703001,0.0,453
9022001080703002,0.0,451
9022001080705001,0.0,453
9022001080705002,0.0,444
9022001080707001,0.0,446
9022001080707002,0.0,436
9022001080709001,0.0,447
9022001080709002,0.0,439
9022001080711001,0.0,449
9022001080711002,0.0,450
9022001080713001,0.0,451
9022001080713002,0.0,439
9022001080715001,0.0,690
9022001080715002,0.0,425
9022001080715003,0.0,230
9022001080717001,0.0,449
9022001080717002,0.0,446
9022001080719001,0.0,689
9022001080719002,0.0,668
9022001080722001,0.0,902
9022001080727001,0.0,225
9022001080727002,0.0,237
9022001080729001,0.0,224
9022001080729002,0.0,240
9022001080731001,0.0,224
9022001080731002,0.0,229
9022001080733001,0.0,224
9022001080733002,0.0,251
9022001080735001,0.0,226
9022001080735002,0.0,220
9022001080737001,0.0,223
9022001080737002,0.0,238
9022001080739001,0.0,224
9022001080739002,0.0,228
9022001080741001,0.0,224
9022001080741002,0.0,235
9022001080743001,0.0,225
9022001080743002,0.0,237
9022001080746001,0.0,445
9022001080747001,0.0,225
9022001080747002,0.0,237
9022001080769001,0.0,912
9022001080769002,0.0,891
9022001080785001,0.0,1602
9022001080785002,0.0,1486
9022001080787001,0.0,1602
9022001080787002,0.0,1505
9022001080789001,0.0,1595
9022001080789002,0.0,1486
9022001080791001,0.0,1599
9022001080791002,0.0,1521
9022001080795001,0.0012432656444260257,2413
9022001080795002,0.00042354934349851756,2361
9022001080797001,0.0017709563164108619,1694
9022001080797002,0.0006020469596628537,1661
9022001080799001,0.0013504388926401081,1481
9022001080799002,0.0007137758743754461,1401
9022001080801001,0.0005488474204171241,3644
9022001080801002,0.00027932960893854746,3580
9022001080803001,0.0006174745291756715,3239
9022001080803002,0.00032562683165092806,3071
9022001080807001,0.0,403
9022001080807002,0.0,509
9022001080811002,0.004434589800443459,451
9022001080811004,0.0,462
9022001080813001,0.0,59
9022001080813002,0.0,1533
9022001080813003,0.0013513513513513514,1480
9022001080815001,0.0,1094
9022001080815002,0.0,1107
9022001080817001,0.0,1088
9022001080817002,0.0,1109
9022001080819001,0.0,1353
9022001080819002,0.0,1337
9022001080821001,0.0,1355
9022001080821002,0.0,1315
9022001080823001,0.0,1339
9022001080823002,0.0,1338
9022001080825001,0.0,1350
9022001080825002,0.0,1348
9022001080828001,0.0,826
9022001080830001,0.0,842
9022001080832001,0.0,834
9022001080833001,0.0,1173
9022001080833002,0.0008718395815170009,1147
9022001080835001,0.0,613
9022001080835002,0.0032258064516129032,620
9022001080837001,0.0011244377811094452,2668
9022001080837002,0.00038550501156515033,2594
9022001080849001,0.0,1277
9022001080849002,0.0,1368
9022001080851001,0.0,2210
9022001080853002,0.0,2208
9022001080855001,0.0,1283
9022001080855002,0.0,1387
9022001080857001,0.0,1266
9022001080857002,0.0,1379
9022001080859001,0.0,1297
9022001080859002,0.0,1379
9022001080861001,0.0,1273
9022001080861002,0.0,1392
9022001080863001,0.0,147
9022001080863002,0.0,152
9022001080865001,0.0007651109410864575,1307
9022001080865002,0.0,1353
9022001080867001,0.0007818608287724785,1279
9022001080867002,0.0,1391
9022001080869001,0.0007776049766718507,1286
9022001080869002,0.0,1355
9022001080871001,0.0,748
9022001080871002,0.0009900990099009901,1010
9022001080871003,0.0,353
9022001080871004,0.0,1101
9022001080871006,0.0,684
9022001080871007,0.0,556
9022001080871009,0.0,909
9022001080871011,0.0,1035
9022001080875001,0.0,1170
9022001080875002,0.0,1153
9022001080877001,0.0,1322
9022001080877002,0.0,824
9022001080879001,0.0,790
9022001080879002,0.0,821
9022001080881001,0.0,788
9022001080881002,0.0,811
9022001080883001,0.0,1431
9022001080883002,0.00072992700729927,1370
9022001080885001,0.0,165
9022001080885002,0.0,151
9022001080891001,0.0,2056
9022001080891002,0.0,1939
9022001080893001,0.0,2051
9022001080893002,0.0,1934
9022001080895001,0.001358695652173913,1472
9022001080895002,0.000708215297450425,1412
9022001080897001,0.0,319
9022001080899001,0.0,789
9022001080899002,0.0,811
9022001080901001,0.0007818608287724785,1279
9022001080901002,0.0,1405
9022001080907001,0.0,166
9022001080908001,0.0,561
9022001080909001,0.0,288
9022001080935001,0.0,64
9022001080935002,0.0,58
9022001080937001,0.0,65
9022001080937002,0.0,60
9022001080939001,0.0,66
9022001080939002,0.0,57
9022001080941002,0.0,60
9022001080941003,0.0,63
9022001080951001,0.0,333
9022001080951002,0.0,282
9022001080955001,0.0,341
9022001080955002,0.0,314
9022001080957001,0.0,327
9022001080957002,0.0,315
9022001080959001,0.0,338
9022001080959002,0.0,317
9022001080961001,0.0,333
9022001080961002,0.0,313
9022001080966001,0.0,213
9022001080966002,0.0,251
9022001080971001,0.0,1328
9022001080971002,0.0,1332
9022001080977001,0.0,830
9022001080979001,0.0,838
9022001080979002,0.0,843
9022001080982001,0.0,969
9022001080984001,0.0,961
9022001080986001,0.0,941
9022001080988001,0.0,958
9022001080994001,0.0,970
9022001080995001,0.0,247
9022001080995002,0.0,204
9022001081003001,0.0,77
9022001081003002,0.0,81
9022001081005001,0.0,74
9022001081005002,0.0,81
9022001081007001,0.0,79
9022001081007002,0.0,82
9022001081009001,0.0,79
9022001081009002,0.0,80
9022001081013001,0.0,80
9022001081013002,0.0,83
9022001081015001,0.0,76
9022001081015002,0.0,85
9022001081017001,0.0,80
9022001081017002,0.0,79
9022001081019001,0.0,72
9022001081019002,0.0,75
9022001081021001,0.0,62
9022001081021002,0.0,55
9022001081023001,0.0,63
9022001081023002,0.0,66
9022001081025001,0.0,63
9022001081025002,0.0,58
9022001081027001,0.0,63
9022001081027002,0.0,60
9022001081029001,0.0,63
9022001081029002,0.0,58
9022001081031001,0.0,62
9022001081031002,0.0,66
9022001081033001,0.0,62
9022001081033002,0.0,58
9022001081036001,0.0,122
9022001081037001,0.0,74
9022001081037002,0.0,74
9022001081039001,0.0,67
9022001081040001,0.0,71
9022001081041001,0.0,67
9022001081042001,0.0,74
9022001081043001,0.0,93
9022001081048001,0.0,79
9022001081065001,0.0,846
9022001081065002,0.0,827
9022001081067001,0.0,293
9022001081067002,0.0,299
9022001081069001,0.0,478
9022001081069002,0.0,482
9022001081071001,0.0,509
9022001081073001,0.0,956
9022001081074001,0.0,479
9022001081074002,0.0,480
9022001081079001,0.0,321
9022001081079002,0.0,297
9022001081085001,0.0,309
9022001081085002,0.0,297
9022001081089001,0.0,282
9022001081089002,0.0,285
9022001081091001,0.0,287
9022001081091002,0.0,290
9022001081093001,0.0,287
9022001081093002,0.0,289
9022001081095001,0.0,262
9022001081095002,0.0,240
9022001081097001,0.0,31
9022001081097002,0.0,42
9022001081099001,0.0,31
9022001081099002,0.0,44
9022001081101001,0.0,31
9022001081101002,0.0,43
9022001081103001,0.0,31
9022001081103002,0.0,44
9022001081105001,0.0,31
9022001081105002,0.0,42
9022001081107001,0.0,251
9022001081107002,0.0,250
9022001081109001,0.0,257
9022001081109002,0.0,245
9022001081111001,0.0,251
9022001081111002,0.0,246
9022001081113001,0.0,261
9022001081113002,0.0,244
9022001081115001,0.0,259
9022001081115002,0.0,253
9022001081117001,0.0,264
9022001081117002,0.0,237
9022001081119001,0.0,252
9022001081119002,0.0,245
9022001081121001,0.0,260
9022001081121002,0.0,244
9022001081123001,0.0,263
9022001081123002,0.0,237
9022001081125001,0.0,257
9022001081125002,0.0,241
9022001081127001,0.0,260
9022001081127002,0.0,254
9022001081129001,0.0,261
9022001081129002,0.0,252
9022001081131001,0.0,262
9022001081131002,0.0,243
9022001081133001,0.0,260
9022001081133002,0.0,249
9022001081135001,0.0,270
9022001081135002,0.0,243
9022001081137001,0.0,269
9022001081137002,0.0,235
9022001081161001,0.0,1073
9022001081161002,0.0,1135
9022001081163001,0.0,251
9022001081163002,0.0,203
9022001081165001,0.0,245
9022001081165002,0.0,209
9022001081167001,0.0,241
9022001081167002,0.0,210
9022001081169001,0.0,247
9022001081169002,0.0,198
9022001081171001,0.0,254
9022001081171002,0.0,207
9022001081173001,0.0,244
9022001081173002,0.0,199
9022001081175001,0.0,239
9022001081175002,0.0,197
9022001081177001,0.0,248
9022001081177002,0.0,199
9022001081179001,0.0,243
9022001081179002,0.0,199
9022001081181001,0.0,248
9022001081181002,0.0,194
9022001081183001,0.0,260
9022001081183002,0.0,206
9022001081185001,0.0,253
9022001081185002,0.0,200
9022001081189001,0.0,329
9022001081189002,0.0,257
9022001081191001,0.0,328
9022001081191002,0.0,287
9022001081193001,0.0,334
9022001081193002,0.0,277
9022001081195001,0.0,345
9022001081195002,0.0,296
9022001081197001,0.0,331
9022001081197002,0.0,279
9022001081199001,0.0,686
9022001081199002,0.0015037593984962407,665
9022001081201001,0.0,642
9022001081201002,0.001644736842105263,608
9022001081203001,0.0,637
9022001081203002,0.001692047377326565,591
9022001081205001,0.0,331
9022001081205002,0.0,285
9022001081207001,0.0,243
9022001081207002,0.0,204
9022001081215001,0.0,349
9022001081215002,0.0,323
9022001081217001,0.0,349
9022001081217002,0.0,332
9022001081219001,0.0,340
9022001081219002,0.0,324
9022001081221001,0.0,343
9022001081221002,0.0,334
9022001081223001,0.0,351
9022001081223002,0.0,224
9022001081223003,0.0,103
9022001081225001,0.0,264
9022001081225002,0.0,223
9022001081227001,0.0,243
9022001081227002,0.0,220
9022001081229001,0.0,253
9022001081229002,0.0,208
9022001081231001,0.0,251
9022001081231002,0.0,211
9022001081233001,0.0,260
9022001081233002,0.0,202
9022001081235001,0.0,260
9022001081235002,0.0,219
9022001081237001,0.0,401
9022001081237002,0.0,349
9022001081239001,0.0,391
9022001081239002,0.0,365
9022001081243001,0.0,242
9022001081243002,0.0,204
9022001081245001,0.0,401
9022001081245002,0.0,345
9022001081247001,0.0,251
9022001081247002,0.0,208
9022001081252001,0.0,296
9022001081254001,0.0,235
9022001081254002,0.0,221
9022001081255001,0.0,227
9022001081255002,0.0,237
9022001081257001,0.0,227
9022001081257002,0.0,234
9022001081259001,0.0,212
9022001081259002,0.0,234
9022001081261001,0.0,220
9022001081261002,0.0,237
9022001081263001,0.0,219
9022001081263002,0.0,239
9022001081265001,0.0,220
9022001081265002,0.0,228
9022001081267001,0.0,217
9022001081267002,0.0,236
9022001081269001,0.0,229
9022001081269002,0.0,239
9022001081271001,0.0,218
9022001081271002,0.0,230
9022001081273001,0.0,230
9022001081273002,0.0,230
9022001081275001,0.0,223
9022001081275002,0.0,240
9022001081277001,0.0,232
9022001081277002,0.0,242
9022001081279001,0.0,223
9022001081279002,0.0,233
9022001081281001,0.0,227
9022001081281002,0.0,233
9022001081283001,0.0,224
9022001081283002,0.0,226
9022001081283003,0.0,454
9022001081285001,0.0,226
9022001081285002,0.0,234
9022001081287001,0.0,225
9022001081287002,0.0,224
9022001081289001,0.0,224
9022001081289002,0.0,236
9022001081291001,0.0,225
9022001081291002,0.0,228
9022001081293001,0.0,225
9022001081293002,0.0,238
9022001081295001,0.0,221
9022001081295002,0.0,243
9022001081297001,0.0,220
9022001081297002,0.0,232
9022001081299001,0.0,218
9022001081299002,0.0,230
9022001081301001,0.0,219
9022001081301002,0.0,232
9022001081304001,0.0,453
9022001081305001,0.0,210
9022001081305002,0.0,239
9022001081321001,0.0,125
9022001081323001,0.0,69
9022001081323002,0.0,56
9022001081325001,0.0,70
9022001081325002,0.0,57
9022001081327001,0.0,70
9022001081327002,0.0,57
9022001081329001,0.0,70
9022001081329002,0.0,57
9022001081332001,0.0,125
9022001081349001,0.0,104
9022001081349002,0.0,101
9022001081353001,0.0,105
9022001081353002,0.0,102
9022001081355001,0.0,98
9022001081355002,0.0,102
9022001081357001,0.0,100
9022001081357002,0.0,102
9022001081359001,0.0,99
9022001081359002,0.0,101
9022001081361001,0.0,101
9022001081361002,0.0,103
9022001081363001,0.0,104
9022001081363002,0.0,103
9022001081365001,0.0,105
9022001081365002,0.0,104
9022001081367001,0.0,105
9022001081367002,0.0,103
9022001081369001,0.0,103
9022001081369002,0.0,103
9022001081371001,0.0,105
9022001081371002,0.0,101
9022001081374001,0.0,206
9022001081391001,0.0,136
9022001081391002,0.0,152
9022001081393001,0.0,136
9022001081393002,0.0,149
9022001081395001,0.0,127
9022001081395002,0.0,141
9022001081397001,0.0,135
9022001081397002,0.0,148
9022001081399001,0.0,129
9022001081399002,0.0,135
9022001081401001,0.0,138
9022001081401002,0.0,150
9022001081403001,0.0,139
9022001081403002,0.0,148
9022001081405001,0.0,129
9022001081405002,0.0,145
9022001081407001,0.0,129
9022001081407002,0.0,146
9022001081409001,0.0,135
9022001081409002,0.0,148
9022001081411001,0.0,139
9022001081411002,0.0,145
9022001081413001,0.0,140
9022001081413002,0.0,143
9022001081415001,0.0,142
9022001081415002,0.0,147
9022001081417001,0.0,142
9022001081417002,0.0,150
9022001081419001,0.0,141
9022001081419002,0.0,154
9022001081421001,0.0,141
9022001081421002,0.0,150
9022001081423001,0.0,141
9022001081423002,0.0,142
9022001081425001,0.0,141
9022001081425002,0.0,149
9022001081428001,0.0,283
9022001081429001,0.0,141
9022001081429002,0.0,146
9022001081431001,0.0,140
9022001081431002,0.0,151
9022001081433001,0.0,141
9022001081433002,0.0,156
9022001081435001,0.0,143
9022001081435002,0.0,150
9022001081437001,0.0,134
9022001081437002,0.0,149
9022001081439001,0.0,141
9022001081441001,0.0,513
9022001081441002,0.0,504
9022001081443001,0.0,519
9022001081443002,0.0,499
9022001081445001,0.0,147
9022001081445002,0.0,307
9022001081447001,0.0,144
9022001081447002,0.0,298
9022001081449001,0.0,146
9022001081449002,0.0,303
9022001081451001,0.0,573
9022001081451002,0.0,569
9022001081453001,0.0,507
9022001081453002,0.0,505
9022001081455001,0.0,508
9022001081455002,0.0,504
9022001081457001,0.0,534
9022001081457002,0.0,501
9022001081459001,0.0,563
9022001081459002,0.0,555
9022001081461001,0.002008032128514056,498
9022001081461002,0.0,493
9022001081465001,0.002028397565922921,493
9022001081465002,0.0,504
9022001081471001,0.0019305019305019305,518
9022001081471002,0.0,50
9022001081473001,0.001763668430335097,567
9022001081473002,0.0017889087656529517,559
9022001081475001,0.0,29
9022001081476001,0.0,504
9022001081476002,0.001968503937007874,508
9022001081481001,0.002,500
9022001081481002,0.0,509
9022001081490001,0.0,17
9022001081547001,0.0,12
9022001081549001,0.0,16
9022001081551001,0.0,15
9022001081553001,0.0,8
9022001081553002,0.0,8
9022001081555001,0.0,7
9022001081555002,0.0,9
9022001081557001,0.0,6
9022001081557002,0.0,7
9022001081559001,0.0,6
9022001081559002,0.0,7
9022001081561001,0.0,13
9022001081563001,0.0,7
9022001081563002,0.0,9
9022001081565001,0.0,7
9022001081565002,0.0,7
9022001081567001,0.0,7
9022001081567002,0.0,8
9022001081569001,0.0,7
9022001081569002,0.0,7
9022001081572001,0.0,15
9022001081621001,0.0,498
9022001081621002,0.001984126984126984,504
9022001081623001,0.0,490
9022001081623002,0.0019880715705765406,503
9022001081631001,0.0,277
9022001081631002,0.0,288
9022001081633001,0.0,246
9022001081633002,0.0,274
9022001081635001,0.0,247
9022001081635002,0.0,294
9022001081637001,0.0,785
9022001081637002,0.0,836
9022001081639001,0.0,495
9022001081639002,0.0019801980198019802,505
9022001081641002,0.0,1626
9022001081643001,0.0,242
9022001081643002,0.0,284
9022001081643003,0.007246376811594203,138
9022001081643004,0.0,146
9022001081649001,0.0,327
9022001081649002,0.0,327
9022001081651001,0.0,315
9022001081651002,0.0,329
9022001081653001,0.0,310
9022001081653002,0.0,329
9022001081655001,0.0,322
9022001081655002,0.0,327
9022001081657001,0.0,263
9022001081657002,0.0,248
9022001081657003,0.0,328
9022001081657004,0.0,317
9022001081660001,0.0,561
9022001081660002,0.002551020408163265,392
9022001081661001,0.0,100
9022001081662001,0.0,107
9022001081663001,0.0,39
9022001081664001,0.0,1021
9022001081664002,0.0,1058
9022001081670001,0.0,93
9022001081671001,0.0,91
9022001081672001,0.0,89
9022001081673001,0.0,89
9022001081675001,0.0,90
9022001081677001,0.0,91
9022001084012001,0.0007102272727272727,1408
9022001084012002,0.002144388849177984,1399
9022001084014001,0.0007117437722419929,1405
9022001084014002,0.0021413276231263384,1401
9022001084017001,0.0,48
9022001084022001,0.0017897091722595079,2235
9022001084027001,0.0,340
9022001084027002,0.0,316
9022001084031003,0.0,1017
9022001084031004,0.0,1012
9022001084034001,0.0,1508
9022001084035001,0.0,51
9022001084038001,0.0,58
9022001084042001,0.0,55
9022001084044001,0.0,59
9022001084045001,0.0,1135
9022001084045002,0.0009302325581395349,1075
9022001084050001,0.0,53
9022001084052001,0.0,61
9022001084053001,0.0017398869073510222,2299
9022001084053002,0.00047281323877068556,2115
9022001084053003,0.005154639175257732,388
9022001084070001,0.0,250
9022001084070002,0.0,229
9022001084072001,0.0,1688
9022001084072002,0.0,766
9022001084072003,0.0,1633
9022001084072004,0.0,1178
9022001084080001,0.0,1729
9022001084080002,0.0,1715
9022001084086001,0.0,1008
9022001084086002,0.0,984
9022001084092001,0.0,441
9022001084093001,0.0,249
9022001084111001,0.0,57
9022001084112001,0.0,59
9022001084141001,0.0,340
9022001084141002,0.0,316
9022001084143001,0.0,288
9022001084143002,0.0,316
9022001084145001,0.0,278
9022001084145002,0.0,336
9022001084238001,0.0,56
9022001084241001,0.0,119
9022001084241002,0.0,494
9022001084247001,0.0,279
9022001084247002,0.0,55
9022001084247003,0.0,266
9022001084441001,0.0,380
9022001084441002,0.0,374
9022001084443001,0.0,385
9022001084443002,0.0,388
9022001084445001,0.0,755
9022001085013001,0.0,790
9022001085013002,0.0,838
9022001085018001,0.0,475
9022001085018002,0.0,510
9022001085020001,0.0,475
9022001085020002,0.0,485
9022001085073002,0.0,65
9022001085077001,0.0,52
9022001085296002,0.0,471
9022001085299001,0.0,456
9022001085305001,0.0,225
9022001085315001,0.0,791
9022001085315002,0.0,819
9022001085317001,0.0,179
9022001085317002,0.0,1436
9022001086006001,0.0,1189
9022001086006002,0.0,747
9022001086006003,0.0,451
9022001086054001,0.0,623
9022001086054002,0.0,588
9022001086101001,0.0,568
9022001086101002,0.0,537
9022001086191001,0.0,244
9022001086191002,0.0,187
9022001086196001,0.0,55
9022001086451001,0.0,130
9022001086451002,0.0,145
9022001086542001,0.008771929824561403,114
9022001086550001,0.0,195
9022001086550002,0.0,248
9022001086998001,0.0,129
